pay_run_id,employee_id,pay_date,gross_pay,federal_tax_withheld,state_tax_withheld,social_security_withheld,medicare_withheld,futa_withheld,suta_withheld,k401_contribution,garnishment_deduction,net_pay,journal_posted,is_injected_error,error_type
PR000001,EMP0001,2026-03-29,1486.66,223.0,0.0,92.17,21.56,8.92,40.14,0.0,406.7,743.23,True,False,none
PR000002,EMP0001,2026-04-05,1480.32,222.05,0.0,91.78,21.46,8.88,39.97,0.0,293.66,851.37,True,False,none
PR000003,EMP0001,2026-04-12,1483.2,222.48,0.0,91.96,21.51,8.9,40.05,0.0,302.35,844.9,True,False,none
PR000004,EMP0001,2026-04-19,1431.84,214.78,0.0,88.77,20.76,8.59,38.66,0.0,603.45,504.08,True,False,none
PR000005,EMP0001,2026-04-26,1403.55,210.53,0.0,87.02,20.35,6.71,37.9,0.0,332.52,753.13,True,False,none
PR000006,EMP0001,2026-05-03,1468.99,220.35,0.0,91.08,21.3,0.0,39.66,0.0,582.24,554.02,True,False,none
PR000007,EMP0001,2026-05-10,1459.72,218.96,0.0,90.5,21.17,0.0,6.63,0.0,566.19,562.9,True,False,none
PR000008,EMP0001,2026-05-17,1448.47,217.27,0.0,89.81,21.0,0.0,0.0,0.0,353.77,766.62,True,False,none
PR000009,EMP0001,2026-05-24,1425.94,213.89,0.0,88.41,20.68,0.0,0.0,0.0,315.75,787.21,True,False,none
PR000010,EMP0001,2026-05-31,1490.29,223.54,0.0,92.4,21.61,0.0,0.0,0.0,524.53,628.21,True,False,none
PR000011,EMP0001,2026-06-07,1432.24,214.84,0.0,88.8,20.77,0.0,0.0,0.0,447.61,660.22,True,False,none
PR000012,EMP0001,2026-06-14,1494.73,224.21,0.0,92.67,21.67,0.0,0.0,0.0,317.26,838.92,True,False,none
PR000013,EMP0001,2026-06-21,1453.44,218.02,0.0,90.11,21.07,0.0,0.0,0.0,474.96,649.28,True,False,none
PR000014,EMP0001,2026-06-28,1456.33,218.45,0.0,90.29,21.12,0.0,0.0,0.0,245.13,881.34,True,False,none
PR000015,EMP0001,2026-07-05,1486.13,222.92,0.0,92.14,21.55,0.0,0.0,0.0,691.42,458.1,True,False,none
PR000016,EMP0001,2026-07-12,1451.03,217.65,0.0,89.96,21.04,0.0,0.0,0.0,564.1,558.28,True,False,none
PR000017,EMP0001,2026-07-19,1491.89,223.78,0.0,92.5,21.63,0.0,0.0,0.0,585.11,568.87,True,False,none
PR000018,EMP0001,2026-07-26,1403.85,210.58,0.0,87.04,20.36,0.0,0.0,0.0,490.86,595.01,True,False,none
PR000019,EMP0001,2026-08-02,1455.78,218.37,0.0,90.26,21.11,0.0,0.0,0.0,437.06,688.98,True,False,none
PR000020,EMP0001,2026-08-09,1470.62,220.59,0.0,91.18,21.32,0.0,0.0,0.0,685.29,452.24,True,False,none
PR000021,EMP0001,2026-08-16,1492.24,223.84,0.0,92.52,21.64,0.0,0.0,0.0,460.95,693.29,True,False,none
PR000022,EMP0001,2026-08-23,1399.36,209.9,0.0,86.76,20.29,0.0,0.0,0.0,675.03,407.38,True,False,none
PR000023,EMP0001,2026-08-30,1482.33,222.35,0.0,91.9,21.49,0.0,0.0,0.0,300.82,845.77,True,False,none
PR000024,EMP0001,2026-09-06,1491.7,223.75,0.0,92.49,21.63,0.0,0.0,0.0,663.86,489.97,True,False,none
PR000025,EMP0001,2026-09-13,1445.74,216.86,0.0,89.64,20.96,0.0,0.0,0.0,512.55,605.73,True,False,none
PR000026,EMP0002,2026-03-31,5820.77,873.12,0.0,360.89,84.4,34.92,157.16,0.0,0.0,4502.36,True,False,none
PR000027,EMP0002,2026-04-15,5660.78,849.12,0.0,350.97,82.08,7.08,85.84,0.0,0.0,4378.61,True,False,none
PR000028,EMP0002,2026-04-30,5791.11,868.67,0.0,359.05,83.97,0.0,0.0,0.0,0.0,4479.42,True,False,none
PR000029,EMP0002,2026-05-15,6008.47,901.27,0.0,372.53,87.12,0.0,0.0,0.0,0.0,4647.55,True,False,none
PR000030,EMP0002,2026-05-31,5637.48,845.62,0.0,349.52,81.74,0.0,0.0,0.0,0.0,4360.6,True,False,none
PR000031,EMP0002,2026-06-15,5790.33,868.55,0.0,359.0,83.96,0.0,0.0,0.0,0.0,4478.82,True,False,none
PR000032,EMP0002,2026-06-30,5820.38,873.06,0.0,360.86,84.4,0.0,0.0,0.0,0.0,4502.06,True,False,none
PR000033,EMP0002,2026-07-15,5885.09,882.76,0.0,364.88,85.33,0.0,0.0,0.0,0.0,4552.12,True,False,none
PR000034,EMP0002,2026-07-31,6062.85,909.43,0.0,375.9,87.91,0.0,0.0,0.0,0.0,4689.61,True,False,none
PR000035,EMP0002,2026-08-15,5796.3,869.45,0.0,359.37,84.05,0.0,0.0,0.0,0.0,4483.43,True,False,none
PR000036,EMP0002,2026-08-31,5796.58,869.49,0.0,359.39,84.05,0.0,0.0,0.0,0.0,4483.65,True,False,none
PR000037,EMP0003,2026-03-31,4918.42,737.76,147.55,304.94,71.32,29.51,132.8,393.47,0.0,3263.38,True,False,none
PR000038,EMP0003,2026-04-15,4809.33,721.4,144.28,298.18,69.74,12.49,110.2,384.75,0.0,3190.98,True,True,wage_base_cap_error
PR000039,EMP0003,2026-04-30,4722.3,708.35,141.67,292.78,68.47,0.0,0.0,377.78,0.0,3133.25,True,False,none
PR000040,EMP0003,2026-05-15,4809.42,721.41,144.28,298.18,69.74,0.0,0.0,384.75,0.0,3191.06,True,False,none
PR000041,EMP0003,2026-05-31,4690.27,703.54,140.71,290.8,68.01,0.0,0.0,375.22,0.0,3111.99,True,False,none
PR000042,EMP0003,2026-06-15,4703.86,705.58,141.12,291.64,68.21,0.0,0.0,376.31,0.0,3121.0,True,False,none
PR000043,EMP0003,2026-06-30,4826.98,724.05,144.81,299.27,69.99,0.0,0.0,386.16,0.0,3202.7,True,False,none
PR000044,EMP0003,2026-07-15,4796.6,719.49,143.9,297.39,69.55,0.0,0.0,383.73,0.0,3182.54,True,False,none
PR000045,EMP0003,2026-07-31,4986.23,747.93,149.59,309.15,72.3,0.0,0.0,398.9,0.0,3308.36,True,True,wage_base_cap_error
PR000046,EMP0003,2026-08-15,4774.98,716.25,143.25,296.05,69.24,0.0,0.0,382.0,0.0,3168.19,True,False,none
PR000047,EMP0003,2026-08-31,4858.42,728.76,145.75,301.22,70.45,0.0,0.0,388.67,0.0,3223.57,True,False,none
PR000048,EMP0004,2026-03-29,974.07,146.11,48.7,60.39,14.12,5.84,26.3,0.0,0.0,704.75,True,False,none
PR000049,EMP0004,2026-04-05,926.79,139.02,46.34,57.46,13.44,5.56,25.02,0.0,0.0,670.53,True,False,none
PR000050,EMP0004,2026-04-12,976.46,146.47,48.82,60.54,14.16,5.86,26.36,0.0,0.0,706.47,True,False,none
PR000051,EMP0004,2026-04-19,939.39,140.91,46.97,58.24,13.62,5.64,25.36,0.0,0.0,679.65,True,False,none
PR000052,EMP0004,2026-04-26,999.17,149.88,49.96,61.95,14.49,6.0,26.98,0.0,0.0,722.89,True,False,none
PR000053,EMP0004,2026-05-03,937.14,140.57,46.86,58.1,13.59,5.62,25.3,0.0,0.0,678.02,True,False,none
PR000054,EMP0004,2026-05-10,957.45,143.62,47.87,59.36,13.88,5.74,25.85,0.0,0.0,692.72,True,False,none
PR000055,EMP0004,2026-05-17,932.31,139.85,46.62,57.8,13.52,1.74,25.17,0.0,0.0,674.52,True,False,none
PR000056,EMP0004,2026-05-24,1001.91,150.29,50.1,62.12,14.53,0.0,27.05,0.0,0.0,724.87,True,False,none
PR000057,EMP0004,2026-05-31,964.14,144.62,48.21,59.78,13.98,0.0,9.59,0.0,0.0,697.55,True,False,none
PR000058,EMP0004,2026-06-07,971.25,145.69,48.56,60.22,14.08,0.0,0.0,0.0,0.0,702.7,True,False,none
PR000059,EMP0004,2026-06-14,930.91,139.64,46.55,57.72,13.5,0.0,0.0,0.0,0.0,673.5,True,False,none
PR000060,EMP0004,2026-06-21,983.05,147.46,49.15,60.95,14.25,0.0,0.0,0.0,0.0,711.24,True,False,none
PR000061,EMP0004,2026-06-28,941.82,141.27,47.09,58.39,13.66,0.0,0.0,0.0,0.0,681.41,True,False,none
PR000062,EMP0004,2026-07-05,994.36,149.15,49.72,61.65,14.42,0.0,0.0,0.0,0.0,719.42,True,False,none
PR000063,EMP0004,2026-07-12,941.46,141.22,47.07,29.18,13.65,0.0,0.0,0.0,0.0,681.15,True,True,tax_miscalculation
PR000064,EMP0004,2026-07-19,940.35,141.05,47.02,58.3,13.64,0.0,0.0,0.0,0.0,680.34,True,False,none
PR000065,EMP0004,2026-07-26,928.58,139.29,46.43,103.63,13.46,0.0,0.0,0.0,0.0,671.83,True,True,tax_miscalculation
PR000066,EMP0004,2026-08-02,961.84,144.28,48.09,59.63,13.95,0.0,0.0,0.0,0.0,695.89,True,False,none
PR000067,EMP0004,2026-08-09,968.92,145.34,48.45,60.07,14.05,0.0,0.0,0.0,0.0,701.01,True,False,none
PR000068,EMP0004,2026-08-16,930.81,139.62,46.54,57.71,13.5,0.0,0.0,0.0,0.0,673.44,True,False,none
PR000069,EMP0004,2026-08-23,985.01,147.75,49.25,61.07,14.28,0.0,0.0,0.0,0.0,712.66,True,False,none
PR000070,EMP0004,2026-08-30,960.4,144.06,48.02,59.54,13.93,0.0,0.0,0.0,0.0,694.85,True,False,none
PR000071,EMP0004,2026-09-06,965.83,144.87,48.29,59.88,14.0,0.0,0.0,0.0,0.0,698.79,True,False,none
PR000072,EMP0004,2026-09-13,959.45,143.92,47.97,59.49,13.91,0.0,0.0,0.0,0.0,694.16,True,False,none
PR000073,EMP0005,2026-04-05,1912.68,286.9,95.63,118.59,27.73,11.48,51.64,0.0,439.91,943.92,True,False,none
PR000074,EMP0005,2026-04-19,1875.19,281.28,93.76,116.26,27.19,11.25,50.63,0.0,277.55,1079.15,True,False,none
PR000075,EMP0005,2026-05-03,1983.08,297.46,99.15,122.95,28.75,11.9,53.54,0.0,622.45,812.32,True,False,none
PR000076,EMP0005,2026-05-17,1908.49,286.27,95.42,118.33,27.67,7.37,51.53,0.0,319.27,1061.53,True,False,none
PR000077,EMP0005,2026-05-31,1949.82,292.47,97.49,120.89,28.27,0.0,35.66,0.0,384.59,1026.11,True,False,none
PR000078,EMP0005,2026-06-14,1855.36,278.3,92.77,115.03,26.9,0.0,0.0,0.0,264.24,1078.12,True,False,none
PR000079,EMP0005,2026-06-28,1960.81,294.12,98.04,121.57,28.43,0.0,0.0,0.0,493.23,925.42,True,False,none
PR000080,EMP0005,2026-07-12,1855.62,278.34,92.78,115.05,26.91,0.0,0.0,0.0,290.78,1051.76,True,False,none
PR000081,EMP0005,2026-07-26,1886.77,283.02,94.34,116.98,27.36,0.0,0.0,0.0,479.91,885.16,True,False,none
PR000082,EMP0005,2026-08-09,1854.49,278.17,92.72,114.98,26.89,0.0,0.0,0.0,243.17,1098.56,True,False,none
PR000083,EMP0005,2026-08-23,1973.63,296.04,98.68,122.37,28.62,0.0,0.0,0.0,290.67,1137.25,True,False,none
PR000084,EMP0005,2026-09-06,1951.16,292.67,97.56,120.97,28.29,0.0,0.0,0.0,312.62,1099.05,True,False,none
PR000085,EMP0006,2026-03-29,725.26,108.79,0.0,44.97,10.52,4.35,19.58,77.6,0.0,483.38,True,False,none
PR000086,EMP0006,2026-04-05,733.78,110.07,0.0,45.49,10.64,4.4,19.81,78.51,0.0,489.07,True,False,none
PR000087,EMP0006,2026-04-12,762.21,114.33,0.0,47.26,11.05,4.57,20.58,81.56,0.0,508.01,True,False,none
PR000088,EMP0006,2026-04-19,770.12,115.52,0.0,85.95,11.17,4.62,20.79,82.4,0.0,513.28,True,True,tax_miscalculation
PR000089,EMP0006,2026-04-26,768.61,115.29,0.0,47.65,11.14,4.61,20.75,82.24,0.0,512.29,True,False,none
PR000090,EMP0006,2026-05-03,742.92,111.44,0.0,46.06,10.77,4.46,20.06,79.49,0.0,495.16,True,False,none
PR000091,EMP0006,2026-05-10,758.99,113.85,0.0,47.06,11.01,4.55,20.49,81.21,0.0,505.86,False,True,late_journal_posting
PR000092,EMP0006,2026-05-17,731.52,109.73,0.0,45.35,10.61,4.39,19.75,78.27,0.0,487.56,True,False,none
PR000093,EMP0006,2026-05-24,736.75,110.51,0.0,45.68,10.68,4.42,19.89,78.83,0.0,491.05,True,False,none
PR000094,EMP0006,2026-05-31,772.53,115.88,0.0,47.9,11.2,1.62,20.86,82.66,0.0,514.89,True,False,none
PR000095,EMP0006,2026-06-07,720.13,108.02,0.0,44.65,10.44,0.0,19.44,77.05,0.0,479.97,True,False,none
PR000096,EMP0006,2026-06-14,724.43,108.66,0.0,44.91,10.5,0.0,19.56,77.51,0.0,482.85,True,False,none
PR000097,EMP0006,2026-06-21,731.69,109.75,0.0,45.36,10.61,0.0,1.42,78.29,0.0,487.68,True,False,none
PR000098,EMP0006,2026-06-28,720.93,108.14,0.0,44.7,10.45,0.0,0.0,77.14,0.0,480.5,True,False,none
PR000099,EMP0006,2026-07-05,730.12,109.52,0.0,45.27,10.59,0.0,0.0,78.12,0.0,486.62,True,False,none
PR000100,EMP0006,2026-07-12,753.95,113.09,0.0,46.74,10.93,0.0,0.0,80.67,0.0,502.52,True,False,none
PR000101,EMP0006,2026-07-19,744.36,111.65,0.0,46.15,10.79,0.0,0.0,79.65,0.0,496.12,True,False,none
PR000102,EMP0006,2026-07-26,772.32,115.85,0.0,47.88,11.2,0.0,0.0,82.64,0.0,514.75,True,False,none
PR000103,EMP0006,2026-08-02,767.85,115.18,0.0,47.61,11.13,0.0,0.0,82.16,0.0,511.77,True,False,none
PR000104,EMP0006,2026-08-09,739.64,110.95,0.0,45.86,10.72,0.0,0.0,79.14,0.0,492.97,True,False,none
PR000105,EMP0006,2026-08-16,734.75,110.21,0.0,45.55,10.65,0.0,0.0,78.62,0.0,489.72,True,False,none
PR000106,EMP0006,2026-08-23,741.88,111.28,0.0,46.0,10.76,0.0,0.0,79.38,0.0,494.46,True,False,none
PR000107,EMP0006,2026-08-30,754.38,113.16,0.0,46.77,10.94,0.0,0.0,80.72,0.0,502.79,True,False,none
PR000108,EMP0006,2026-09-06,735.26,110.29,0.0,45.59,10.66,0.0,0.0,78.67,0.0,490.05,True,True,wage_base_cap_error
PR000109,EMP0006,2026-09-13,756.39,113.46,0.0,46.9,10.97,0.0,0.0,80.93,0.0,504.13,True,False,none
PR000110,EMP0007,2026-03-29,1926.94,289.04,96.35,119.47,27.94,11.56,52.03,175.35,0.0,1218.79,True,False,none
PR000111,EMP0007,2026-04-05,1948.87,292.33,97.44,120.83,28.26,11.69,52.62,177.35,0.0,1232.66,True,False,none
PR000112,EMP0007,2026-04-12,1931.05,289.66,96.55,119.73,28.0,11.59,52.14,175.73,0.0,1221.38,True,False,none
PR000113,EMP0007,2026-04-19,1909.27,286.39,95.46,118.37,27.68,7.16,51.55,173.74,0.0,1207.63,True,False,none
PR000114,EMP0007,2026-04-26,2009.81,301.47,100.49,124.61,29.14,0.0,34.66,182.89,0.0,1271.21,True,False,none
PR000115,EMP0007,2026-05-03,1981.4,297.21,99.07,122.85,28.73,0.0,0.0,180.31,0.0,1253.23,True,False,none
PR000116,EMP0007,2026-05-10,1885.54,282.83,94.28,116.9,27.34,0.0,0.0,171.58,0.0,1192.61,True,True,wage_base_cap_error
PR000117,EMP0007,2026-05-17,1997.52,299.63,99.88,123.85,28.96,0.0,0.0,181.77,0.0,1263.43,True,False,none
PR000118,EMP0007,2026-05-24,1938.94,290.84,96.95,120.21,28.11,0.0,0.0,176.44,0.0,1226.39,True,False,none
PR000119,EMP0007,2026-05-31,2001.53,300.23,100.08,124.09,29.02,0.0,0.0,182.14,0.0,1265.97,True,False,none
PR000120,EMP0007,2026-06-07,1986.97,298.05,99.35,123.19,28.81,0.0,0.0,180.81,0.0,1256.76,True,False,none
PR000121,EMP0007,2026-06-14,1929.37,289.41,96.47,119.62,27.98,0.0,0.0,175.57,0.0,1220.32,True,False,none
PR000122,EMP0007,2026-06-21,1867.46,280.12,93.37,115.78,27.08,0.0,0.0,169.94,0.0,1181.17,True,False,none
PR000123,EMP0007,2026-06-28,1905.31,285.8,95.27,118.13,27.63,0.0,0.0,173.38,0.0,1205.1,True,False,none
PR000124,EMP0007,2026-07-05,1947.27,292.09,97.36,120.73,28.24,0.0,0.0,177.2,0.0,1231.65,True,False,none
PR000125,EMP0007,2026-07-12,1961.39,294.21,98.07,121.61,28.44,0.0,0.0,178.49,0.0,1240.57,True,True,wage_base_cap_error
PR000126,EMP0007,2026-07-19,1903.65,285.55,95.18,212.45,27.6,0.0,0.0,173.23,0.0,1204.06,True,True,tax_miscalculation
PR000127,EMP0007,2026-07-26,1885.43,282.81,94.27,116.9,27.34,0.0,0.0,171.57,0.0,1192.54,True,False,none
PR000128,EMP0007,2026-08-02,1992.36,298.85,99.62,123.53,28.89,0.0,0.0,181.3,0.0,1260.17,True,False,none
PR000129,EMP0007,2026-08-09,2015.34,302.3,100.77,124.95,29.22,0.0,0.0,183.4,0.0,1274.7,True,False,none
PR000130,EMP0007,2026-08-16,1944.82,291.72,97.24,120.58,28.2,0.0,0.0,176.98,0.0,1230.1,True,False,none
PR000131,EMP0007,2026-08-23,1890.4,283.56,94.52,117.2,27.41,0.0,0.0,172.03,0.0,1195.68,True,True,wage_base_cap_error
PR000132,EMP0007,2026-08-30,1905.87,285.88,95.29,118.16,27.64,0.0,0.0,173.43,0.0,1205.47,True,False,none
PR000133,EMP0007,2026-09-06,1866.83,280.02,93.34,115.74,27.07,0.0,0.0,169.88,0.0,1180.78,True,False,none
PR000134,EMP0007,2026-09-13,2004.56,300.68,100.23,124.28,29.07,0.0,0.0,182.41,0.0,1267.89,True,False,none
PR000135,EMP0008,2026-03-29,646.53,96.98,32.33,40.08,9.37,3.88,17.46,75.64,0.0,392.13,True,False,none
PR000136,EMP0008,2026-04-05,670.76,100.61,33.54,41.59,9.73,4.02,18.11,78.48,0.0,406.81,True,False,none
PR000137,EMP0008,2026-04-12,654.79,98.22,32.74,40.6,9.49,3.93,17.68,76.61,0.0,397.13,True,False,none
PR000138,EMP0008,2026-04-19,669.58,100.44,33.48,41.51,9.71,4.02,18.08,78.34,0.0,406.1,True,False,none
PR000139,EMP0008,2026-04-26,674.71,101.21,33.74,41.83,9.78,4.05,18.22,78.94,0.0,409.21,True,False,none
PR000140,EMP0008,2026-05-03,684.13,102.62,34.21,42.42,9.92,4.1,18.47,80.04,0.0,414.92,True,False,none
PR000141,EMP0008,2026-05-10,651.21,97.68,32.56,40.38,9.44,3.91,17.58,76.19,0.0,394.96,True,False,none
PR000142,EMP0008,2026-05-17,640.89,96.13,32.04,39.74,9.29,3.85,17.3,74.98,0.0,388.71,True,False,none
PR000143,EMP0008,2026-05-24,647.54,97.13,32.38,40.15,9.39,3.89,17.48,75.76,0.0,392.73,True,False,none
PR000144,EMP0008,2026-05-31,687.84,103.18,34.39,42.65,9.97,4.13,18.57,80.48,0.0,417.17,True,False,none
PR000145,EMP0008,2026-06-07,686.46,102.97,34.32,42.56,9.95,2.23,18.53,80.32,0.0,416.34,True,False,none
PR000146,EMP0008,2026-06-14,671.86,100.78,33.59,41.66,9.74,0.0,18.14,78.61,0.0,407.48,True,False,none
PR000147,EMP0008,2026-06-21,672.03,100.8,33.6,41.67,9.74,0.0,18.14,78.63,0.0,407.59,True,False,none
PR000148,EMP0008,2026-06-28,675.43,101.31,33.77,41.88,9.79,0.0,9.23,79.03,0.0,409.65,True,False,none
PR000149,EMP0008,2026-07-05,649.57,97.44,32.48,40.27,9.42,0.0,0.0,76.0,0.0,393.96,True,False,none
PR000150,EMP0008,2026-07-12,688.6,103.29,34.43,42.69,9.98,0.0,0.0,80.57,0.0,417.64,True,False,none
PR000151,EMP0008,2026-07-19,662.43,99.36,33.12,41.07,9.61,0.0,0.0,77.5,0.0,401.77,True,False,none
PR000152,EMP0008,2026-07-26,660.55,99.08,33.03,40.95,9.58,0.0,0.0,77.28,0.0,400.63,True,False,none
PR000153,EMP0008,2026-08-02,667.72,100.16,33.39,41.4,9.68,0.0,0.0,0.0,0.0,404.97,True,True,missing_401k
PR000154,EMP0008,2026-08-09,642.79,96.42,32.14,39.85,9.32,0.0,0.0,75.21,0.0,389.85,True,False,none
PR000155,EMP0008,2026-08-16,649.09,97.36,32.45,40.24,9.41,0.0,0.0,75.94,0.0,393.69,True,False,none
PR000156,EMP0008,2026-08-23,679.29,101.89,33.96,42.12,9.85,0.0,0.0,79.48,0.0,411.99,True,False,none
PR000157,EMP0008,2026-08-30,644.69,96.7,32.23,39.97,9.35,0.0,0.0,75.43,0.0,391.01,True,False,none
PR000158,EMP0008,2026-09-06,672.16,100.82,33.61,41.67,9.75,0.0,0.0,78.64,0.0,407.67,True,False,none
PR000159,EMP0008,2026-09-13,653.27,97.99,32.66,40.5,9.47,0.0,0.0,76.43,0.0,396.22,True,False,none
PR000160,EMP0009,2026-03-31,5258.76,788.81,210.35,326.04,76.25,31.55,141.99,0.0,0.0,3857.31,True,False,none
PR000161,EMP0009,2026-04-15,5216.48,782.47,208.66,323.42,75.64,10.45,101.01,0.0,0.0,3826.29,True,False,none
PR000162,EMP0009,2026-04-30,5244.63,786.69,209.79,325.17,76.05,0.0,0.0,0.0,0.0,3846.93,True,False,none
PR000163,EMP0009,2026-05-15,5397.33,809.6,215.89,334.63,78.26,0.0,0.0,0.0,0.0,3958.95,True,False,none
PR000164,EMP0009,2026-05-31,5220.02,783.0,208.8,323.64,75.69,0.0,0.0,0.0,0.0,3828.89,True,False,none
PR000165,EMP0009,2026-06-15,5333.18,799.98,213.33,330.66,77.33,0.0,0.0,0.0,0.0,3911.88,True,False,none
PR000166,EMP0009,2026-06-30,5295.21,794.28,211.81,328.3,76.78,0.0,0.0,0.0,0.0,3884.04,True,False,none
PR000167,EMP0009,2026-07-15,5374.06,806.11,214.96,333.19,77.92,0.0,0.0,0.0,0.0,4226.09,True,True,net_pay_mismatch
PR000168,EMP0009,2026-07-31,5403.01,810.45,216.12,334.99,78.34,0.0,0.0,0.0,0.0,3963.11,True,False,none
PR000169,EMP0009,2026-08-15,5185.49,777.82,207.42,321.5,75.19,0.0,0.0,0.0,0.0,3803.56,True,False,none
PR000170,EMP0009,2026-08-31,5108.27,766.24,449.53,316.71,74.07,0.0,0.0,0.0,0.0,3746.92,True,True,tax_miscalculation
PR000171,EMP0010,2026-03-29,1067.1,160.06,53.35,66.16,15.47,6.4,28.81,40.55,0.0,731.51,False,True,late_journal_posting
PR000172,EMP0010,2026-04-05,1095.77,164.37,54.79,67.94,15.89,6.57,29.59,41.64,0.0,751.14,True,False,none
PR000173,EMP0010,2026-04-12,1048.94,157.34,52.45,65.03,15.21,6.29,28.32,39.86,0.0,719.05,True,False,none
PR000174,EMP0010,2026-04-19,1087.27,163.09,54.36,67.41,15.77,6.52,29.36,41.32,0.0,745.32,True,False,none
PR000175,EMP0010,2026-04-26,1095.92,164.39,54.8,67.95,15.89,6.58,29.59,41.64,0.0,751.25,True,False,none
PR000176,EMP0010,2026-05-03,1073.3,160.99,53.66,66.54,15.56,6.44,28.98,40.79,0.0,735.76,True,False,none
PR000177,EMP0010,2026-05-10,1110.92,166.64,55.55,68.88,16.11,3.19,29.99,42.21,0.0,761.53,True,False,none
PR000178,EMP0010,2026-05-17,1053.69,158.05,52.68,65.33,15.28,0.0,28.45,40.04,0.0,722.31,True,False,none
PR000179,EMP0010,2026-05-24,1050.98,157.65,52.55,65.16,15.24,0.0,9.91,39.94,0.0,720.44,True,False,none
PR000180,EMP0010,2026-05-31,1107.24,166.09,55.36,68.65,16.05,0.0,0.0,42.08,0.0,759.01,True,False,none
PR000181,EMP0010,2026-06-07,1087.19,163.08,54.36,67.41,15.76,0.0,0.0,41.31,0.0,745.27,True,False,none
PR000182,EMP0010,2026-06-14,1103.81,165.57,55.19,68.44,16.01,0.0,0.0,0.0,0.0,756.66,True,True,missing_401k
PR000183,EMP0010,2026-06-21,1081.97,162.3,54.1,67.08,15.69,0.0,0.0,41.11,0.0,741.69,True,False,none
PR000184,EMP0010,2026-06-28,1065.74,159.86,53.29,66.08,15.45,0.0,0.0,40.5,0.0,730.56,True,False,none
PR000185,EMP0010,2026-07-05,1115.07,167.26,55.75,69.13,16.17,0.0,0.0,42.37,0.0,764.39,True,False,none
PR000186,EMP0010,2026-07-12,1113.38,167.01,55.67,69.03,16.14,0.0,0.0,42.31,0.0,763.22,True,False,none
PR000187,EMP0010,2026-07-19,1104.35,165.65,55.22,68.47,16.01,0.0,0.0,41.97,0.0,757.03,True,False,none
PR000188,EMP0010,2026-07-26,1067.95,160.19,53.4,66.21,15.49,0.0,0.0,40.58,0.0,732.08,True,False,none
PR000189,EMP0010,2026-08-02,1095.35,164.3,54.77,67.91,15.88,0.0,0.0,41.62,0.0,750.87,True,False,none
PR000190,EMP0010,2026-08-09,1075.61,161.34,53.78,66.69,15.6,0.0,0.0,40.87,0.0,737.33,True,False,none
PR000191,EMP0010,2026-08-16,1052.4,157.86,52.62,65.25,15.26,0.0,0.0,39.99,0.0,721.42,True,False,none
PR000192,EMP0010,2026-08-23,1123.53,168.53,56.18,69.66,16.29,0.0,0.0,42.69,0.0,770.18,True,False,none
PR000193,EMP0010,2026-08-30,1056.3,158.44,52.81,65.49,15.32,0.0,0.0,40.14,0.0,724.1,True,False,none
PR000194,EMP0010,2026-09-06,1126.37,168.96,56.32,69.83,16.33,0.0,0.0,42.8,0.0,772.13,True,False,none
PR000195,EMP0010,2026-09-13,1082.93,162.44,54.15,67.14,15.7,0.0,0.0,41.15,0.0,742.35,True,False,none
PR000196,EMP0011,2026-03-29,998.54,149.78,39.94,61.91,14.48,5.99,26.96,49.93,0.0,682.5,True,False,none
PR000197,EMP0011,2026-04-05,1027.47,154.12,41.1,63.7,14.9,6.16,27.74,51.37,0.0,702.28,True,False,none
PR000198,EMP0011,2026-04-12,1054.33,158.15,42.17,65.37,15.29,6.33,28.47,52.72,0.0,720.63,True,False,none
PR000199,EMP0011,2026-04-19,1042.91,156.44,41.72,64.66,15.12,6.26,28.16,52.15,0.0,712.82,True,False,none
PR000200,EMP0011,2026-04-26,1048.94,157.34,41.96,65.03,15.21,6.29,28.32,52.45,0.0,716.95,True,False,none
PR000201,EMP0011,2026-05-03,1036.96,155.54,41.48,64.29,15.04,6.22,28.0,51.85,0.0,708.76,True,False,none
PR000202,EMP0011,2026-05-10,1039.67,155.95,41.59,64.46,15.08,4.75,28.07,51.98,0.0,710.61,True,False,none
PR000203,EMP0011,2026-05-17,1052.4,157.86,42.1,65.25,15.26,0.0,28.41,52.62,0.0,719.31,True,False,none
PR000204,EMP0011,2026-05-24,1003.77,150.57,40.15,62.23,14.55,0.0,18.87,50.19,0.0,686.08,True,False,none
PR000205,EMP0011,2026-05-31,1023.22,153.48,40.93,63.44,14.84,0.0,0.0,51.16,0.0,699.37,True,False,none
PR000206,EMP0011,2026-06-07,1001.46,150.22,40.06,62.09,14.52,0.0,0.0,50.07,0.0,684.5,True,False,none
PR000207,EMP0011,2026-06-14,1063.63,159.54,42.55,65.95,15.42,0.0,0.0,53.18,0.0,726.99,True,False,none
PR000208,EMP0011,2026-06-21,1060.1,159.01,42.4,65.73,15.37,0.0,0.0,53.0,0.0,724.59,True,False,none
PR000209,EMP0011,2026-06-28,986.72,148.01,39.47,61.18,14.31,0.0,0.0,49.34,0.0,674.41,True,False,none
PR000210,EMP0011,2026-07-05,1040.75,156.11,41.63,64.53,15.09,0.0,0.0,52.04,0.0,711.35,True,False,none
PR000211,EMP0011,2026-07-12,1058.57,158.79,42.34,65.63,15.35,0.0,0.0,52.93,0.0,723.53,True,False,none
PR000212,EMP0011,2026-07-19,998.17,149.73,39.93,61.89,14.47,0.0,0.0,49.91,0.0,682.24,True,False,none
PR000213,EMP0011,2026-07-26,1029.59,154.44,41.18,63.83,14.93,0.0,0.0,51.48,0.0,703.73,True,False,none
PR000214,EMP0011,2026-08-02,1057.78,158.67,42.31,65.58,15.34,0.0,0.0,52.89,0.0,722.99,True,False,none
PR000215,EMP0011,2026-08-09,986.27,147.94,39.45,61.15,14.3,0.0,0.0,49.31,0.0,674.12,True,False,none
PR000216,EMP0011,2026-08-16,1040.09,156.01,41.6,64.49,15.08,0.0,0.0,52.0,0.0,710.91,True,False,none
PR000217,EMP0011,2026-08-23,1007.64,151.15,40.31,62.47,14.61,0.0,0.0,50.38,0.0,688.72,True,False,none
PR000218,EMP0011,2026-08-30,1058.5,158.78,42.34,65.63,15.35,0.0,0.0,52.93,0.0,723.47,True,False,none
PR000219,EMP0011,2026-09-06,1062.29,159.34,42.49,65.86,15.4,0.0,0.0,53.11,0.0,726.09,True,False,none
PR000220,EMP0011,2026-09-13,1060.11,159.02,42.4,65.73,15.37,0.0,0.0,53.01,0.0,724.58,True,False,none
PR000221,EMP0012,2026-03-31,3834.26,575.14,0.0,237.72,55.6,23.01,103.53,241.56,0.0,2724.24,True,False,none
PR000222,EMP0012,2026-04-15,3952.28,592.84,0.0,245.04,57.31,18.99,106.71,248.99,0.0,2808.1,True,True,wage_base_cap_error
PR000223,EMP0012,2026-04-30,3946.96,592.04,0.0,244.71,57.23,0.0,32.76,248.66,0.0,2804.32,True,False,none
PR000224,EMP0012,2026-05-15,3787.05,568.06,0.0,234.8,54.91,0.0,0.0,238.58,0.0,2690.7,True,False,none
PR000225,EMP0012,2026-05-31,3942.2,591.33,0.0,244.42,57.16,0.0,0.0,248.36,0.0,2800.93,True,False,none
PR000226,EMP0012,2026-06-15,3701.2,555.18,0.0,229.47,53.67,0.0,0.0,233.18,0.0,2629.7,True,False,none
PR000227,EMP0012,2026-06-30,3871.4,580.71,0.0,240.03,56.14,0.0,0.0,243.9,0.0,2750.62,True,False,none
PR000228,EMP0012,2026-07-15,3759.94,563.99,0.0,233.12,54.52,0.0,0.0,236.88,0.0,2671.43,True,True,tax_miscalculation
PR000229,EMP0012,2026-07-31,3726.63,558.99,0.0,231.05,54.04,0.0,0.0,234.78,0.0,2647.77,True,False,none
PR000230,EMP0012,2026-08-15,3713.36,557.0,0.0,230.23,53.84,0.0,0.0,233.94,0.0,2638.35,True,False,none
PR000231,EMP0012,2026-08-31,3901.84,585.28,0.0,241.91,56.58,0.0,0.0,245.82,491.64,2772.25,True,True,duplicate_deduction
PR000232,EMP0013,2026-04-05,2489.48,373.42,124.47,154.35,36.1,14.94,67.22,201.65,0.0,1599.49,True,False,none
PR000233,EMP0013,2026-04-19,2566.35,384.95,128.32,159.11,37.21,15.4,69.29,207.87,0.0,1648.89,True,False,none
PR000234,EMP0013,2026-05-03,2434.65,365.2,121.73,150.95,35.3,11.67,65.74,197.21,0.0,1564.26,True,False,none
PR000235,EMP0013,2026-05-17,2484.57,372.69,124.23,154.04,36.03,0.0,40.76,201.25,0.0,1596.33,True,False,none
PR000236,EMP0013,2026-05-31,2529.35,379.4,126.47,156.82,36.68,0.0,0.0,204.88,0.0,1625.1,True,False,none
PR000237,EMP0013,2026-06-14,2579.52,386.93,128.98,159.93,37.4,0.0,0.0,208.94,0.0,1657.34,True,False,none
PR000238,EMP0013,2026-06-28,2485.26,372.79,124.26,154.09,36.04,0.0,0.0,201.31,0.0,1596.77,True,False,none
PR000239,EMP0013,2026-07-12,2546.6,381.99,127.33,157.89,36.93,0.0,0.0,206.27,0.0,1636.19,True,False,none
PR000240,EMP0013,2026-07-26,2598.55,389.78,129.93,161.11,37.68,0.0,0.0,210.48,0.0,1669.57,True,False,none
PR000241,EMP0013,2026-08-09,2544.6,381.69,127.23,157.77,36.9,0.0,0.0,206.11,0.0,1634.9,True,False,none
PR000242,EMP0013,2026-08-23,2468.13,370.22,123.41,153.02,35.79,0.0,0.0,199.92,0.0,1585.77,True,False,none
PR000243,EMP0013,2026-09-06,2426.47,363.97,121.32,150.44,35.18,0.0,0.0,196.54,0.0,1559.02,True,False,none
PR000244,EMP0014,2026-03-29,954.9,143.23,57.29,59.2,13.85,5.73,25.78,0.0,0.0,681.33,True,False,none
PR000245,EMP0014,2026-04-05,892.52,133.88,53.55,55.34,12.94,5.36,24.1,0.0,0.0,636.81,True,False,none
PR000246,EMP0014,2026-04-12,955.23,143.28,57.31,59.22,13.85,5.73,25.79,0.0,0.0,681.57,True,False,none
PR000247,EMP0014,2026-04-19,929.83,139.47,55.79,57.65,13.48,5.58,25.11,0.0,0.0,663.44,True,False,none
PR000248,EMP0014,2026-04-26,959.96,143.99,57.6,59.52,13.92,5.76,25.92,0.0,0.0,684.93,True,False,none
PR000249,EMP0014,2026-05-03,949.66,142.45,56.98,58.88,13.77,5.7,25.64,0.0,0.0,677.58,True,False,none
PR000250,EMP0014,2026-05-10,964.29,144.64,57.86,59.79,13.98,5.79,26.04,0.0,0.0,688.02,True,False,none
PR000251,EMP0014,2026-05-17,916.73,137.51,55.0,56.84,13.29,2.36,24.75,0.0,0.0,654.09,True,False,none
PR000252,EMP0014,2026-05-24,947.33,142.1,56.84,58.73,13.74,0.0,25.58,0.0,0.0,675.92,True,False,none
PR000253,EMP0014,2026-05-31,920.49,138.07,55.23,57.07,13.35,0.0,14.3,0.0,0.0,656.77,True,False,none
PR000254,EMP0014,2026-06-07,926.22,138.93,55.57,57.43,13.43,0.0,0.0,0.0,0.0,660.86,True,False,none
PR000255,EMP0014,2026-06-14,937.07,140.56,56.22,58.1,13.59,0.0,0.0,0.0,0.0,668.6,True,False,none
PR000256,EMP0014,2026-06-21,955.16,143.27,57.31,59.22,13.85,0.0,0.0,0.0,0.0,681.51,True,False,none
PR000257,EMP0014,2026-06-28,963.27,144.49,57.8,59.72,13.97,0.0,0.0,0.0,0.0,687.29,True,False,none
PR000258,EMP0014,2026-07-05,947.41,142.11,56.84,58.74,13.74,0.0,0.0,0.0,0.0,675.98,True,False,none
PR000259,EMP0014,2026-07-12,921.66,138.25,55.3,57.14,13.36,0.0,0.0,0.0,0.0,812.95,True,True,net_pay_mismatch
PR000260,EMP0014,2026-07-19,945.16,141.77,56.71,58.6,13.7,0.0,0.0,0.0,0.0,674.38,True,False,none
PR000261,EMP0014,2026-07-26,908.51,136.28,54.51,56.33,13.17,0.0,0.0,0.0,0.0,648.22,True,False,none
PR000262,EMP0014,2026-08-02,899.08,134.86,53.94,55.74,13.04,0.0,0.0,0.0,0.0,641.5,False,True,late_journal_posting
PR000263,EMP0014,2026-08-09,917.02,137.55,55.02,56.86,13.3,0.0,0.0,0.0,0.0,654.29,True,False,none
PR000264,EMP0014,2026-08-16,912.07,136.81,54.72,56.55,13.23,0.0,0.0,0.0,0.0,650.76,True,False,none
PR000265,EMP0014,2026-08-23,912.73,136.91,54.76,56.59,13.23,0.0,0.0,0.0,0.0,651.24,True,False,none
PR000266,EMP0014,2026-08-30,908.13,136.22,54.49,56.3,13.17,0.0,0.0,0.0,0.0,647.95,True,False,none
PR000267,EMP0014,2026-09-06,894.05,134.11,53.64,55.43,12.96,0.0,0.0,0.0,0.0,637.91,True,False,none
PR000268,EMP0014,2026-09-13,892.27,133.84,53.54,55.32,12.94,0.0,0.0,0.0,0.0,636.63,True,False,none
PR000269,EMP0015,2026-03-31,2841.63,426.24,0.0,176.18,41.2,17.05,76.72,161.97,0.0,2036.04,True,False,none
PR000270,EMP0015,2026-04-15,2720.28,408.04,0.0,168.66,39.44,16.32,73.45,155.06,0.0,1949.08,True,False,none
PR000271,EMP0015,2026-04-30,2710.87,406.63,0.0,168.07,39.31,8.63,73.19,154.52,0.0,1942.34,True,False,none
PR000272,EMP0015,2026-05-15,2774.87,416.23,0.0,172.04,40.24,0.0,19.63,158.17,0.0,1988.19,True,False,none
PR000273,EMP0015,2026-05-31,2674.88,401.23,0.0,165.84,38.79,0.0,0.0,152.47,0.0,1916.55,True,False,none
PR000274,EMP0015,2026-06-15,2833.45,425.02,0.0,175.67,41.09,0.0,0.0,161.51,0.0,2030.16,True,False,none
PR000275,EMP0015,2026-06-30,2797.99,419.7,0.0,173.48,40.57,0.0,0.0,159.49,0.0,2004.75,True,False,none
PR000276,EMP0015,2026-07-15,2646.96,397.04,0.0,164.11,38.38,0.0,0.0,150.88,0.0,1896.55,True,False,none
PR000277,EMP0015,2026-07-31,2718.08,407.71,0.0,168.52,39.41,0.0,0.0,154.93,0.0,1947.51,True,False,none
PR000278,EMP0015,2026-08-15,2818.09,422.71,0.0,174.72,40.86,0.0,0.0,160.63,0.0,2019.17,True,False,none
PR000279,EMP0015,2026-08-31,2832.31,424.85,0.0,175.6,41.07,0.0,0.0,161.44,0.0,2029.35,True,False,none
PR000280,EMP0016,2026-03-29,1618.33,242.75,80.92,100.34,23.47,9.71,43.69,0.0,0.0,1170.85,True,False,none
PR000281,EMP0016,2026-04-05,1637.1,245.56,81.86,101.5,23.74,9.82,44.2,0.0,0.0,1184.44,True,False,none
PR000282,EMP0016,2026-04-12,1579.73,236.96,78.99,97.94,22.91,9.48,42.65,0.0,0.0,1142.93,True,False,none
PR000283,EMP0016,2026-04-19,1685.65,252.85,84.28,104.51,24.44,10.11,45.51,0.0,0.0,1219.57,True,True,duplicate_deduction
PR000284,EMP0016,2026-04-26,1588.04,238.21,79.4,98.46,23.03,2.88,42.88,0.0,0.0,1148.94,True,False,none
PR000285,EMP0016,2026-05-03,1679.42,251.91,83.97,104.12,24.35,0.0,24.06,0.0,0.0,1215.07,True,False,none
PR000286,EMP0016,2026-05-10,1641.76,246.26,82.09,101.79,23.81,0.0,0.0,0.0,0.0,1187.81,True,False,none
PR000287,EMP0016,2026-05-17,1636.37,245.46,81.82,101.45,23.73,0.0,0.0,0.0,0.0,1183.91,True,False,none
PR000288,EMP0016,2026-05-24,1624.16,243.62,81.21,100.7,23.55,0.0,0.0,0.0,0.0,1175.08,True,False,none
PR000289,EMP0016,2026-05-31,1587.91,238.19,79.4,98.45,23.02,0.0,0.0,0.0,0.0,1148.85,True,False,none
PR000290,EMP0016,2026-06-07,1580.95,237.14,79.05,98.02,22.92,0.0,0.0,0.0,0.0,1143.82,True,False,none
PR000291,EMP0016,2026-06-14,1586.6,237.99,79.33,98.37,23.01,0.0,0.0,0.0,0.0,1147.9,True,False,none
PR000292,EMP0016,2026-06-21,1582.23,237.33,79.11,98.1,22.94,0.0,0.0,0.0,0.0,1144.75,True,False,none
PR000293,EMP0016,2026-06-28,1658.46,248.77,82.92,102.82,24.05,0.0,0.0,0.0,0.0,1199.9,True,False,none
PR000294,EMP0016,2026-07-05,1603.26,240.49,80.16,99.4,23.25,0.0,0.0,0.0,0.0,1159.96,True,False,none
PR000295,EMP0016,2026-07-12,1565.7,234.85,78.29,97.07,22.7,0.0,0.0,0.0,0.0,1132.79,True,False,none
PR000296,EMP0016,2026-07-19,1682.81,252.42,84.14,104.33,24.4,0.0,0.0,0.0,0.0,1217.52,True,True,duplicate_deduction
PR000297,EMP0016,2026-07-26,1671.85,250.78,83.59,103.65,24.24,0.0,0.0,0.0,0.0,1209.59,True,False,none
PR000298,EMP0016,2026-08-02,1677.5,251.62,83.88,104.0,24.32,0.0,0.0,0.0,0.0,1213.68,True,False,none
PR000299,EMP0016,2026-08-09,1686.13,252.92,84.31,104.54,24.45,0.0,0.0,0.0,0.0,1219.91,True,False,none
PR000300,EMP0016,2026-08-16,1580.61,237.09,79.03,98.0,22.92,0.0,0.0,0.0,0.0,1143.57,True,False,none
PR000301,EMP0016,2026-08-23,1609.19,241.38,80.46,99.77,23.33,0.0,0.0,0.0,0.0,1164.25,True,False,none
PR000302,EMP0016,2026-08-30,1655.71,248.36,82.79,102.65,24.01,0.0,0.0,0.0,0.0,1197.9,True,False,none
PR000303,EMP0016,2026-09-06,1647.72,247.16,82.39,102.16,23.89,0.0,0.0,0.0,0.0,1192.12,True,False,none
PR000304,EMP0016,2026-09-13,1578.04,236.71,78.9,97.84,22.88,0.0,0.0,0.0,0.0,1141.71,True,False,none
PR000305,EMP0017,2026-03-31,5207.6,781.14,260.38,322.87,75.51,31.25,140.61,208.3,0.0,3559.4,True,False,none
PR000306,EMP0017,2026-04-15,4969.62,745.44,248.48,308.12,72.06,10.75,102.39,0.0,0.0,3396.74,True,True,missing_401k
PR000307,EMP0017,2026-04-30,4969.37,745.41,248.47,308.1,72.06,0.0,0.0,198.77,0.0,3396.56,True,False,none
PR000308,EMP0017,2026-05-15,5095.38,764.31,254.77,315.91,73.88,0.0,0.0,203.82,0.0,3482.69,True,False,none
PR000309,EMP0017,2026-05-31,5117.91,767.69,255.9,317.31,74.21,0.0,0.0,204.72,0.0,3498.08,True,False,none
PR000310,EMP0017,2026-06-15,5112.73,766.91,255.64,316.99,74.13,0.0,0.0,204.51,0.0,3494.55,True,False,none
PR000311,EMP0017,2026-06-30,4916.11,737.42,245.81,304.8,71.28,0.0,0.0,196.64,0.0,3360.16,True,False,none
PR000312,EMP0017,2026-07-15,5232.4,784.86,261.62,324.41,75.87,0.0,0.0,209.3,0.0,3576.34,True,False,none
PR000313,EMP0017,2026-07-31,4986.18,747.93,249.31,309.14,72.3,0.0,0.0,199.45,0.0,3408.05,True,False,none
PR000314,EMP0017,2026-08-15,4931.42,739.71,246.57,305.75,71.51,0.0,0.0,197.26,0.0,3370.62,True,False,none
PR000315,EMP0017,2026-08-31,5236.94,785.54,261.85,324.69,75.94,0.0,0.0,209.48,0.0,3579.44,True,False,none
PR000316,EMP0018,2026-03-29,1813.35,272.0,0.0,112.43,26.29,10.88,48.96,0.0,0.0,1402.63,True,False,none
PR000317,EMP0018,2026-04-05,1800.39,270.06,0.0,111.62,26.11,10.8,48.61,0.0,0.0,1392.6,True,False,none
PR000318,EMP0018,2026-04-12,1793.09,268.96,0.0,111.17,26.0,10.76,48.41,0.0,0.0,1386.96,True,False,none
PR000319,EMP0018,2026-04-19,1771.71,265.76,0.0,109.85,25.69,9.56,47.84,0.0,0.0,1370.41,True,False,none
PR000320,EMP0018,2026-04-26,1757.23,263.58,0.0,108.95,25.48,0.0,47.45,0.0,0.0,1359.22,True,False,none
PR000321,EMP0018,2026-05-03,1692.93,253.94,0.0,104.96,24.55,0.0,1.73,0.0,0.0,1309.48,True,False,none
PR000322,EMP0018,2026-05-10,1737.49,260.62,0.0,107.72,25.19,0.0,0.0,0.0,0.0,1343.96,True,False,none
PR000323,EMP0018,2026-05-17,1732.54,259.88,0.0,107.42,25.12,0.0,0.0,0.0,0.0,1340.12,True,False,none
PR000324,EMP0018,2026-05-24,1716.88,257.53,0.0,106.45,24.89,0.0,0.0,0.0,0.0,1328.01,True,False,none
PR000325,EMP0018,2026-05-31,1781.16,267.17,0.0,110.43,25.83,0.0,0.0,0.0,0.0,1377.73,True,False,none
PR000326,EMP0018,2026-06-07,1749.61,262.44,0.0,108.48,25.37,0.0,0.0,0.0,0.0,1353.32,True,False,none
PR000327,EMP0018,2026-06-14,1692.11,253.82,0.0,104.91,24.54,0.0,0.0,0.0,0.0,1308.84,True,False,none
PR000328,EMP0018,2026-06-21,1711.39,256.71,0.0,53.05,24.82,0.0,0.0,0.0,0.0,1323.75,True,True,tax_miscalculation
PR000329,EMP0018,2026-06-28,1775.59,266.34,0.0,110.09,25.75,0.0,0.0,0.0,0.0,1373.41,True,False,none
PR000330,EMP0018,2026-07-05,1691.42,253.71,0.0,104.87,24.53,0.0,0.0,0.0,0.0,1308.31,True,True,duplicate_deduction
PR000331,EMP0018,2026-07-12,1798.87,269.83,0.0,111.53,26.08,0.0,0.0,0.0,0.0,1217.64,True,True,net_pay_mismatch
PR000332,EMP0018,2026-07-19,1747.49,262.12,0.0,108.34,25.34,0.0,0.0,0.0,0.0,1351.69,True,False,none
PR000333,EMP0018,2026-07-26,1762.99,264.45,0.0,109.31,25.56,0.0,0.0,0.0,0.0,1363.67,True,False,none
PR000334,EMP0018,2026-08-02,1795.19,269.28,0.0,111.3,26.03,0.0,0.0,0.0,0.0,1388.58,True,False,none
PR000335,EMP0018,2026-08-09,1729.09,259.36,0.0,107.2,25.07,0.0,0.0,0.0,0.0,1337.46,True,False,none
PR000336,EMP0018,2026-08-16,1774.86,266.23,0.0,110.04,25.74,0.0,0.0,0.0,0.0,1372.85,True,False,none
PR000337,EMP0018,2026-08-23,1759.3,422.22,0.0,109.08,25.51,0.0,0.0,0.0,0.0,1360.82,True,True,tax_miscalculation
PR000338,EMP0018,2026-08-30,1717.89,257.68,0.0,106.51,24.91,0.0,0.0,0.0,0.0,1328.79,True,False,none
PR000339,EMP0018,2026-09-06,1802.67,270.4,0.0,111.77,26.14,0.0,0.0,0.0,0.0,1394.36,True,False,none
PR000340,EMP0018,2026-09-13,1791.42,268.71,0.0,111.07,25.98,0.0,0.0,0.0,0.0,1385.66,True,False,none
PR000341,EMP0019,2026-03-31,4216.1,632.42,252.97,261.4,61.13,25.3,113.83,105.4,1218.84,1683.94,True,False,none
PR000342,EMP0019,2026-04-15,4284.98,642.75,257.1,265.67,62.13,16.7,115.69,107.12,1108.31,1841.9,True,False,none
PR000343,EMP0019,2026-04-30,4275.0,641.25,256.5,265.05,61.99,0.0,13.47,106.88,1095.76,1847.57,True,False,none
PR000344,EMP0019,2026-05-15,4223.26,633.49,253.4,261.84,61.24,0.0,0.0,105.58,1011.21,1896.5,True,False,none
PR000345,EMP0019,2026-05-31,4247.19,637.08,254.83,263.33,61.58,0.0,0.0,106.18,598.75,2325.44,True,False,none
PR000346,EMP0019,2026-06-15,4289.46,643.42,257.37,265.95,62.2,0.0,0.0,107.24,1259.57,1693.71,True,False,none
PR000347,EMP0019,2026-06-30,4008.59,601.29,240.52,248.53,58.12,0.0,0.0,100.21,1137.6,1622.32,True,False,none
PR000348,EMP0019,2026-07-15,4041.44,606.22,242.49,250.57,58.6,0.0,0.0,101.04,722.43,2060.09,True,False,none
PR000349,EMP0019,2026-07-31,4244.16,636.62,254.65,263.14,61.54,0.0,0.0,106.1,600.28,2321.83,True,False,none
PR000350,EMP0019,2026-08-15,4268.71,640.31,256.12,264.66,61.9,0.0,0.0,106.72,1217.19,1721.81,True,False,none
PR000351,EMP0019,2026-08-31,4166.31,624.95,249.98,258.31,60.41,0.0,0.0,104.16,451.59,2416.91,True,False,none
PR000352,EMP0020,2026-04-05,3844.01,576.6,0.0,238.33,55.74,23.06,103.79,0.0,0.0,2973.34,True,False,none
PR000353,EMP0020,2026-04-19,3946.18,591.93,0.0,244.66,57.22,18.94,106.55,0.0,0.0,3052.37,True,False,none
PR000354,EMP0020,2026-05-03,4058.99,608.85,0.0,251.66,58.86,0.0,32.66,0.0,0.0,3139.62,True,False,none
PR000355,EMP0020,2026-05-17,3950.79,592.62,0.0,244.95,57.29,0.0,0.0,0.0,0.0,3055.93,True,False,none
PR000356,EMP0020,2026-05-31,3835.58,575.34,0.0,237.81,55.62,0.0,0.0,0.0,0.0,2966.81,True,False,none
PR000357,EMP0020,2026-06-14,3951.47,592.72,0.0,244.99,57.3,0.0,0.0,0.0,0.0,3056.46,True,False,none
PR000358,EMP0020,2026-06-28,3922.35,588.35,0.0,243.19,56.87,0.0,0.0,0.0,0.0,3033.94,True,False,none
PR000359,EMP0020,2026-07-12,3996.63,599.49,0.0,247.79,57.95,0.0,0.0,0.0,0.0,3091.4,True,False,none
PR000360,EMP0020,2026-07-26,3788.25,568.24,0.0,234.87,54.93,0.0,0.0,0.0,0.0,2930.21,True,False,none
PR000361,EMP0020,2026-08-09,3990.81,598.62,0.0,247.43,57.87,0.0,0.0,0.0,0.0,3086.89,True,False,none
PR000362,EMP0020,2026-08-23,3922.75,588.41,0.0,243.21,56.88,0.0,0.0,0.0,0.0,3034.25,True,False,none
PR000363,EMP0020,2026-09-06,4053.35,608.0,0.0,251.31,58.77,0.0,0.0,0.0,0.0,3135.27,True,False,none
PR000364,EMP0021,2026-03-31,2130.56,319.58,127.83,132.09,30.89,12.78,57.53,0.0,0.0,1520.17,True,False,none
PR000365,EMP0021,2026-04-15,2180.24,327.04,130.81,135.17,31.61,13.08,58.87,0.0,0.0,1555.61,True,False,none
PR000366,EMP0021,2026-04-30,2231.41,334.71,133.88,138.35,32.36,13.39,60.25,0.0,0.0,1592.11,True,False,none
PR000367,EMP0021,2026-05-15,2089.65,313.45,125.38,129.56,30.3,2.75,56.42,0.0,0.0,1490.96,True,False,none
PR000368,EMP0021,2026-05-31,2232.3,334.85,133.94,138.4,32.37,0.0,9.94,0.0,0.0,1592.74,True,False,none
PR000369,EMP0021,2026-06-15,2189.69,328.45,131.38,135.76,31.75,0.0,0.0,0.0,0.0,1562.35,True,False,none
PR000370,EMP0021,2026-06-30,2083.72,312.56,125.02,129.19,30.21,0.0,0.0,0.0,0.0,1486.74,True,False,none
PR000371,EMP0021,2026-07-15,2123.57,318.54,127.41,131.66,30.79,0.0,0.0,0.0,0.0,1515.17,True,False,none
PR000372,EMP0021,2026-07-31,2193.16,328.97,131.59,135.98,31.8,0.0,0.0,0.0,0.0,1631.66,True,True,net_pay_mismatch
PR000373,EMP0021,2026-08-15,2171.62,325.74,130.3,134.64,31.49,0.0,0.0,0.0,0.0,1549.45,True,False,none
PR000374,EMP0021,2026-08-31,2131.24,319.69,127.87,132.14,30.9,0.0,0.0,0.0,0.0,1520.64,True,False,none
PR000375,EMP0022,2026-03-31,1671.87,250.78,83.59,103.66,24.24,10.03,45.14,0.0,0.0,1209.6,True,False,none
PR000376,EMP0022,2026-04-15,1596.43,239.46,79.82,98.98,23.15,9.58,43.1,0.0,0.0,1155.02,True,False,none
PR000377,EMP0022,2026-04-30,1704.75,255.71,85.24,105.69,24.72,10.23,46.03,0.0,0.0,1233.39,True,False,none
PR000378,EMP0022,2026-05-15,1718.12,257.72,85.91,106.52,24.91,10.31,46.39,0.0,0.0,1243.06,True,False,none
PR000379,EMP0022,2026-05-31,1717.52,257.63,85.88,106.49,24.9,1.85,46.37,0.0,0.0,1242.62,True,False,none
PR000380,EMP0022,2026-06-15,1688.76,253.31,84.44,104.7,24.49,0.0,15.97,0.0,0.0,1221.82,True,False,none
PR000381,EMP0022,2026-06-30,1607.49,241.12,80.37,99.66,23.31,0.0,0.0,0.0,0.0,1163.03,True,False,none
PR000382,EMP0022,2026-07-15,1689.89,253.48,84.49,104.77,24.5,0.0,0.0,0.0,0.0,1222.65,True,False,none
PR000383,EMP0022,2026-07-31,1593.65,239.05,79.68,98.81,23.11,0.0,0.0,0.0,0.0,1153.0,True,False,none
PR000384,EMP0022,2026-08-15,1593.33,239.0,79.67,98.79,23.1,0.0,0.0,0.0,0.0,1152.77,True,False,none
PR000385,EMP0022,2026-08-31,1632.88,244.93,81.64,101.24,23.68,0.0,0.0,0.0,0.0,1181.39,True,False,none
PR000386,EMP0023,2026-03-31,5853.74,878.06,351.22,362.93,84.88,35.12,158.05,684.89,0.0,3491.76,True,False,none
PR000387,EMP0023,2026-04-15,5984.5,897.67,359.07,371.04,86.78,6.88,84.95,700.19,0.0,3569.75,True,False,none
PR000388,EMP0023,2026-04-30,5944.08,891.61,356.64,368.53,86.19,0.0,0.0,695.46,0.0,3545.65,True,False,none
PR000389,EMP0023,2026-05-15,5833.91,875.09,350.03,361.7,84.59,0.0,0.0,682.57,0.0,3479.93,True,False,none
PR000390,EMP0023,2026-05-31,5753.96,863.09,345.24,356.75,83.43,0.0,0.0,673.21,0.0,3432.24,True,False,none
PR000391,EMP0023,2026-06-15,6089.72,913.46,365.38,377.56,88.3,0.0,0.0,712.5,0.0,3632.52,True,False,none
PR000392,EMP0023,2026-06-30,5824.76,873.71,349.49,361.14,84.46,0.0,0.0,681.5,0.0,3474.46,True,False,none
PR000393,EMP0023,2026-07-15,5836.45,875.47,350.19,361.86,84.63,0.0,0.0,682.86,0.0,3481.44,True,False,none
PR000394,EMP0023,2026-07-31,5702.91,855.44,342.17,353.58,82.69,0.0,0.0,667.24,1334.48,3401.79,True,True,duplicate_deduction
PR000395,EMP0023,2026-08-15,5995.83,899.37,359.75,371.74,86.94,0.0,0.0,701.51,0.0,3576.52,True,False,none
PR000396,EMP0023,2026-08-31,5948.9,892.33,356.93,368.83,86.26,0.0,0.0,696.02,0.0,3548.53,True,False,none
PR000397,EMP0024,2026-03-29,2342.83,351.42,70.28,145.26,33.97,14.06,63.26,0.0,0.0,1741.9,True,False,none
PR000398,EMP0024,2026-04-05,2316.56,347.48,69.5,143.63,33.59,13.9,62.55,0.0,0.0,1722.36,True,False,none
PR000399,EMP0024,2026-04-12,2430.07,364.51,72.9,150.66,35.24,14.04,65.61,0.0,0.0,1806.76,True,False,none
PR000400,EMP0024,2026-04-19,2425.14,363.77,72.75,150.36,35.16,0.0,51.58,0.0,0.0,1803.1,True,False,none
PR000401,EMP0024,2026-04-26,2352.79,352.92,70.58,145.87,34.12,0.0,0.0,0.0,0.0,1749.3,True,False,none
PR000402,EMP0024,2026-05-03,2481.37,372.21,74.44,153.84,35.98,0.0,0.0,0.0,0.0,1844.9,True,False,none
PR000403,EMP0024,2026-05-10,2329.6,349.44,69.89,144.44,33.78,0.0,0.0,0.0,0.0,1732.05,True,False,none
PR000404,EMP0024,2026-05-17,2382.97,357.45,71.49,147.74,34.55,0.0,0.0,0.0,0.0,1771.74,True,False,none
PR000405,EMP0024,2026-05-24,2480.0,372.0,74.4,153.76,35.96,0.0,0.0,0.0,0.0,1843.88,True,False,none
PR000406,EMP0024,2026-05-31,2380.58,357.09,71.42,147.6,34.52,0.0,0.0,0.0,0.0,1769.95,True,False,none
PR000407,EMP0024,2026-06-07,2422.1,363.31,72.66,150.17,35.12,0.0,0.0,0.0,0.0,1800.84,True,False,none
PR000408,EMP0024,2026-06-14,2376.38,356.46,71.29,147.34,34.46,0.0,0.0,0.0,0.0,1766.83,True,False,none
PR000409,EMP0024,2026-06-21,2352.97,352.95,70.59,262.58,34.12,0.0,0.0,0.0,0.0,1749.43,True,True,tax_miscalculation
PR000410,EMP0024,2026-06-28,2487.66,373.15,74.63,154.23,36.07,0.0,0.0,0.0,0.0,1849.58,True,False,none
PR000411,EMP0024,2026-07-05,2378.61,356.79,71.36,147.47,34.49,0.0,0.0,0.0,0.0,1768.5,True,False,none
PR000412,EMP0024,2026-07-12,2470.6,370.59,74.12,153.18,35.82,0.0,0.0,0.0,0.0,1836.89,True,False,none
PR000413,EMP0024,2026-07-19,2344.57,351.69,70.34,145.36,34.0,0.0,0.0,0.0,0.0,1743.18,True,False,none
PR000414,EMP0024,2026-07-26,2341.37,351.21,70.24,145.16,33.95,0.0,0.0,0.0,0.0,1740.81,True,False,none
PR000415,EMP0024,2026-08-02,2306.84,346.03,69.21,143.02,33.45,0.0,0.0,0.0,0.0,1715.13,True,False,none
PR000416,EMP0024,2026-08-09,2424.6,363.69,72.74,150.33,35.16,0.0,0.0,0.0,0.0,1802.68,True,False,none
PR000417,EMP0024,2026-08-16,2370.87,355.63,71.13,146.99,34.38,0.0,0.0,0.0,0.0,1762.74,True,False,none
PR000418,EMP0024,2026-08-23,2464.96,369.74,73.95,152.83,35.74,0.0,0.0,0.0,0.0,1832.7,True,False,none
PR000419,EMP0024,2026-08-30,2390.73,358.61,71.72,148.23,34.67,0.0,0.0,0.0,0.0,1777.5,True,False,none
PR000420,EMP0024,2026-09-06,2484.66,372.7,74.54,154.05,36.03,0.0,0.0,0.0,0.0,1847.34,True,False,none
PR000421,EMP0024,2026-09-13,2336.14,350.42,70.08,144.84,33.87,0.0,0.0,0.0,0.0,1736.93,True,False,none
PR000422,EMP0025,2026-03-29,1327.78,199.17,0.0,82.32,19.25,7.97,35.85,0.0,0.0,1027.04,True,False,none
PR000423,EMP0025,2026-04-05,1318.37,197.76,0.0,81.74,19.12,7.91,35.6,0.0,0.0,1019.75,True,False,none
PR000424,EMP0025,2026-04-12,1317.79,197.67,0.0,81.7,19.11,7.91,35.58,0.0,0.0,1019.31,True,False,none
PR000425,EMP0025,2026-04-19,1325.34,198.8,0.0,82.17,19.22,7.95,35.78,0.0,0.0,1025.15,True,False,none
PR000426,EMP0025,2026-04-26,1316.78,197.52,0.0,81.64,19.09,7.9,35.55,0.0,0.0,1018.53,True,True,tax_miscalculation
PR000427,EMP0025,2026-05-03,1303.01,195.45,0.0,80.79,18.89,2.36,35.18,0.0,0.0,1007.88,True,False,none
PR000428,EMP0025,2026-05-10,1252.43,187.86,0.0,77.65,18.16,0.0,29.46,0.0,0.0,968.76,True,False,none
PR000429,EMP0025,2026-05-17,1242.34,186.35,0.0,77.03,18.01,0.0,0.0,0.0,0.0,960.95,True,False,none
PR000430,EMP0025,2026-05-24,1333.11,199.97,0.0,82.65,19.33,0.0,0.0,0.0,0.0,1031.16,True,False,none
PR000431,EMP0025,2026-05-31,1302.03,195.3,0.0,80.73,18.88,0.0,0.0,0.0,0.0,1007.12,True,False,none
PR000432,EMP0025,2026-06-07,1320.41,198.06,0.0,81.87,19.15,0.0,0.0,0.0,0.0,1021.33,True,False,none
PR000433,EMP0025,2026-06-14,1288.22,193.23,0.0,79.87,18.68,0.0,0.0,0.0,0.0,996.44,True,False,none
PR000434,EMP0025,2026-06-21,1251.0,187.65,0.0,77.56,18.14,0.0,0.0,0.0,0.0,967.65,True,False,none
PR000435,EMP0025,2026-06-28,1251.81,187.77,0.0,77.61,18.15,0.0,0.0,0.0,0.0,1189.67,True,True,net_pay_mismatch
PR000436,EMP0025,2026-07-05,1282.99,192.45,0.0,79.55,18.6,0.0,0.0,0.0,0.0,992.39,True,False,none
PR000437,EMP0025,2026-07-12,1259.5,188.92,0.0,78.09,18.26,0.0,0.0,0.0,0.0,974.23,True,False,none
PR000438,EMP0025,2026-07-19,1289.25,193.39,0.0,79.93,18.69,0.0,0.0,0.0,0.0,997.24,True,False,none
PR000439,EMP0025,2026-07-26,1245.58,186.84,0.0,77.23,18.06,0.0,0.0,0.0,0.0,963.45,True,False,none
PR000440,EMP0025,2026-08-02,1298.48,194.77,0.0,80.51,18.83,0.0,0.0,0.0,0.0,1004.37,True,False,none
PR000441,EMP0025,2026-08-09,1266.5,189.97,0.0,78.52,18.36,0.0,0.0,0.0,0.0,979.65,True,False,none
PR000442,EMP0025,2026-08-16,1320.51,198.08,0.0,81.87,19.15,0.0,0.0,0.0,0.0,1021.41,True,False,none
PR000443,EMP0025,2026-08-23,1270.73,304.98,0.0,78.79,18.43,0.0,0.0,0.0,0.0,982.9,True,True,tax_miscalculation
PR000444,EMP0025,2026-08-30,1285.53,192.83,0.0,79.7,18.64,0.0,0.0,0.0,0.0,994.36,True,False,none
PR000445,EMP0025,2026-09-06,1240.2,186.03,0.0,76.89,17.98,0.0,0.0,0.0,0.0,959.3,True,False,none
PR000446,EMP0025,2026-09-13,1246.42,186.96,0.0,77.28,18.07,0.0,0.0,0.0,0.0,964.11,True,False,none
PR000447,EMP0026,2026-03-29,828.79,124.32,24.86,51.38,12.02,4.97,22.38,72.93,0.0,543.28,True,False,none
PR000448,EMP0026,2026-04-05,834.58,125.19,25.04,51.74,12.1,5.01,22.53,73.44,0.0,547.07,True,False,none
PR000449,EMP0026,2026-04-12,842.53,126.38,25.28,52.24,12.22,5.06,22.75,74.14,0.0,552.27,True,False,none
PR000450,EMP0026,2026-04-19,822.12,123.32,24.66,50.97,11.92,4.93,22.2,72.35,0.0,538.9,True,False,none
PR000451,EMP0026,2026-04-26,848.82,127.32,25.46,52.63,12.31,5.09,22.92,74.7,0.0,556.4,True,False,none
PR000452,EMP0026,2026-05-03,859.75,128.96,25.79,53.3,12.47,5.16,23.21,75.66,0.0,563.57,True,False,none
PR000453,EMP0026,2026-05-10,854.44,128.17,25.63,52.98,12.39,5.13,23.07,75.19,0.0,560.08,True,False,none
PR000454,EMP0026,2026-05-17,805.43,120.81,24.16,49.94,11.68,4.83,21.75,70.88,0.0,527.96,True,False,none
PR000455,EMP0026,2026-05-24,834.62,125.19,25.04,51.75,12.1,1.82,22.53,73.45,0.0,547.09,True,False,none
PR000456,EMP0026,2026-05-31,809.75,121.46,24.29,50.2,11.74,0.0,21.86,71.26,0.0,530.8,True,False,none
PR000457,EMP0026,2026-06-07,818.83,122.82,24.56,50.77,11.87,0.0,17.8,72.06,144.12,536.75,True,True,duplicate_deduction
PR000458,EMP0026,2026-06-14,868.13,130.22,26.04,53.82,12.59,0.0,0.0,76.4,0.0,569.06,True,False,none
PR000459,EMP0026,2026-06-21,812.24,121.84,24.37,50.36,11.78,0.0,0.0,71.48,0.0,532.41,True,False,none
PR000460,EMP0026,2026-06-28,835.84,125.38,25.08,51.82,12.12,0.0,0.0,73.55,0.0,547.89,True,False,none
PR000461,EMP0026,2026-07-05,843.73,126.56,25.31,52.31,12.23,0.0,0.0,74.25,0.0,553.07,True,False,none
PR000462,EMP0026,2026-07-12,849.32,127.4,25.48,52.66,12.32,0.0,0.0,74.74,0.0,556.72,True,False,none
PR000463,EMP0026,2026-07-19,839.86,125.98,25.2,52.07,12.18,0.0,0.0,73.91,0.0,550.52,True,False,none
PR000464,EMP0026,2026-07-26,803.45,120.52,24.1,49.81,11.65,0.0,0.0,70.7,0.0,526.67,True,False,none
PR000465,EMP0026,2026-08-02,824.42,123.66,24.73,51.11,11.95,0.0,0.0,72.55,0.0,540.42,True,False,none
PR000466,EMP0026,2026-08-09,837.08,125.56,25.11,51.9,12.14,0.0,0.0,73.66,0.0,548.71,True,False,none
PR000467,EMP0026,2026-08-16,808.62,121.29,24.26,50.13,11.72,0.0,0.0,71.16,0.0,530.06,True,False,none
PR000468,EMP0026,2026-08-23,826.02,123.9,24.78,51.21,11.98,0.0,0.0,72.69,0.0,541.46,True,False,none
PR000469,EMP0026,2026-08-30,805.0,120.75,24.15,49.91,11.67,0.0,0.0,70.84,0.0,527.68,True,False,none
PR000470,EMP0026,2026-09-06,808.01,121.2,24.24,50.1,11.72,0.0,0.0,71.1,0.0,529.65,True,False,none
PR000471,EMP0026,2026-09-13,829.09,124.36,24.87,51.4,12.02,0.0,0.0,72.96,0.0,543.48,True,False,none
PR000472,EMP0027,2026-04-05,3082.81,462.42,123.31,191.13,44.7,18.5,83.24,98.65,0.0,2162.6,True,False,none
PR000473,EMP0027,2026-04-19,3192.16,478.82,127.69,197.91,46.29,19.15,86.19,102.15,0.0,2239.3,True,False,none
PR000474,EMP0027,2026-05-03,3222.83,483.42,128.91,199.82,46.73,4.35,73.58,103.13,0.0,2260.82,True,False,none
PR000475,EMP0027,2026-05-17,3250.77,487.62,130.03,201.55,47.14,0.0,0.0,104.02,0.0,2280.41,True,False,none
PR000476,EMP0027,2026-05-31,3099.77,464.97,123.99,192.19,44.95,0.0,0.0,99.19,0.0,2174.48,True,False,none
PR000477,EMP0027,2026-06-14,3091.55,463.73,123.66,191.68,44.83,0.0,0.0,98.93,0.0,2168.72,True,False,none
PR000478,EMP0027,2026-06-28,3075.73,461.36,123.03,190.7,44.6,0.0,0.0,98.42,0.0,2157.62,True,False,none
PR000479,EMP0027,2026-07-12,3209.49,481.42,128.38,198.99,46.54,0.0,0.0,102.7,0.0,2251.46,True,False,none
PR000480,EMP0027,2026-07-26,3227.11,484.07,129.08,200.08,46.79,0.0,0.0,103.27,0.0,2263.82,True,False,none
PR000481,EMP0027,2026-08-09,3057.37,458.61,122.29,189.56,44.33,0.0,0.0,97.84,0.0,2144.74,True,False,none
PR000482,EMP0027,2026-08-23,3284.88,492.73,131.4,203.66,47.63,0.0,0.0,105.12,0.0,2304.34,True,False,none
PR000483,EMP0027,2026-09-06,3062.5,459.38,122.5,189.88,44.41,0.0,0.0,98.0,0.0,2148.33,True,False,none
PR000484,EMP0028,2026-03-29,1713.94,257.09,0.0,106.26,24.85,10.28,46.28,39.42,0.0,1286.32,True,False,none
PR000485,EMP0028,2026-04-05,1736.65,260.5,0.0,107.67,25.18,10.42,46.89,39.94,0.0,1303.36,True,False,none
PR000486,EMP0028,2026-04-12,1758.55,263.78,0.0,109.03,25.5,10.55,47.48,40.45,0.0,1319.79,True,False,none
PR000487,EMP0028,2026-04-19,1737.33,260.6,0.0,107.71,25.19,10.42,46.91,39.96,0.0,1303.87,True,False,none
PR000488,EMP0028,2026-04-26,1749.18,262.38,0.0,108.45,25.36,0.32,47.23,40.23,0.0,1312.76,True,False,none
PR000489,EMP0028,2026-05-03,1686.63,252.99,0.0,104.57,24.46,0.0,8.22,38.79,0.0,1265.82,True,False,none
PR000490,EMP0028,2026-05-10,1750.96,262.64,0.0,108.56,25.39,0.0,0.0,40.27,0.0,1314.1,True,False,none
PR000491,EMP0028,2026-05-17,1651.54,247.73,0.0,102.4,23.95,0.0,0.0,37.99,0.0,1239.47,True,False,none
PR000492,EMP0028,2026-05-24,1761.78,264.27,0.0,109.23,25.55,0.0,0.0,40.52,0.0,1322.21,True,False,none
PR000493,EMP0028,2026-05-31,1714.8,257.22,0.0,106.32,24.86,0.0,0.0,39.44,0.0,1286.96,True,False,none
PR000494,EMP0028,2026-06-07,1751.29,262.69,0.0,108.58,25.39,0.0,0.0,40.28,0.0,1314.35,True,False,none
PR000495,EMP0028,2026-06-14,1701.9,255.28,0.0,105.52,24.68,0.0,0.0,39.14,0.0,1277.28,True,False,none
PR000496,EMP0028,2026-06-21,1727.78,259.17,0.0,107.12,25.05,0.0,0.0,39.74,0.0,1296.7,True,False,none
PR000497,EMP0028,2026-06-28,1711.93,256.79,0.0,106.14,24.82,0.0,0.0,39.37,0.0,1284.81,True,False,none
PR000498,EMP0028,2026-07-05,1739.69,260.95,0.0,107.86,25.23,0.0,0.0,40.01,0.0,1305.64,True,False,none
PR000499,EMP0028,2026-07-12,1651.74,247.76,0.0,102.41,23.95,0.0,0.0,37.99,0.0,1239.63,True,False,none
PR000500,EMP0028,2026-07-19,1648.87,247.33,0.0,102.23,23.91,0.0,0.0,37.92,0.0,1237.48,True,False,none
PR000501,EMP0028,2026-07-26,1674.14,251.12,0.0,103.8,24.28,0.0,0.0,38.51,0.0,1256.43,True,False,none
PR000502,EMP0028,2026-08-02,1662.29,249.34,0.0,103.06,24.1,0.0,0.0,38.23,0.0,1247.56,True,False,none
PR000503,EMP0028,2026-08-09,1758.66,263.8,0.0,109.04,25.5,0.0,0.0,40.45,0.0,1319.87,True,False,none
PR000504,EMP0028,2026-08-16,1670.36,250.55,0.0,103.56,24.22,0.0,0.0,38.42,0.0,1253.61,True,False,none
PR000505,EMP0028,2026-08-23,1772.75,265.91,0.0,109.91,25.7,0.0,0.0,40.77,0.0,1330.46,True,False,none
PR000506,EMP0028,2026-08-30,1686.29,252.94,0.0,104.55,24.45,0.0,0.0,38.78,0.0,1265.57,True,False,none
PR000507,EMP0028,2026-09-06,1665.34,249.8,0.0,103.25,24.15,0.0,0.0,38.3,0.0,1249.84,True,False,none
PR000508,EMP0028,2026-09-13,1747.56,262.13,0.0,108.35,25.34,0.0,0.0,40.19,0.0,1311.55,True,False,none
PR000509,EMP0029,2026-03-29,2650.22,397.53,79.51,164.31,38.43,15.9,71.56,0.0,0.0,1970.44,True,False,none
PR000510,EMP0029,2026-04-05,2616.95,392.54,78.51,162.25,37.95,15.7,70.66,0.0,0.0,1945.7,True,False,none
PR000511,EMP0029,2026-04-12,2628.8,394.32,78.86,162.99,38.12,10.4,70.98,0.0,0.0,1954.51,True,False,none
PR000512,EMP0029,2026-04-19,2662.77,399.42,79.88,165.09,38.61,0.0,29.81,0.0,0.0,1979.77,True,False,none
PR000513,EMP0029,2026-04-26,2561.03,384.15,76.83,158.78,37.13,0.0,0.0,0.0,0.0,1904.14,True,False,none
PR000514,EMP0029,2026-05-03,2720.22,408.03,81.61,168.65,39.44,0.0,0.0,0.0,0.0,2022.49,True,False,none
PR000515,EMP0029,2026-05-10,2715.75,407.36,81.47,168.38,39.38,0.0,0.0,0.0,0.0,2019.16,True,False,none
PR000516,EMP0029,2026-05-17,2648.49,397.27,79.45,164.21,38.4,0.0,0.0,0.0,0.0,1969.16,True,False,none
PR000517,EMP0029,2026-05-24,2555.03,383.25,76.65,158.41,37.05,0.0,0.0,0.0,0.0,1899.67,True,False,none
PR000518,EMP0029,2026-05-31,2654.69,398.2,79.64,164.59,38.49,0.0,0.0,0.0,0.0,1973.77,True,False,none
PR000519,EMP0029,2026-06-07,2528.63,379.29,75.86,156.78,36.67,0.0,0.0,0.0,0.0,1880.03,True,False,none
PR000520,EMP0029,2026-06-14,2520.02,378.0,75.6,156.24,36.54,0.0,0.0,0.0,0.0,1873.64,True,False,none
PR000521,EMP0029,2026-06-21,2567.09,385.06,77.01,159.16,37.22,0.0,0.0,0.0,0.0,1908.64,True,False,none
PR000522,EMP0029,2026-06-28,2609.57,391.44,78.29,161.79,37.84,0.0,0.0,0.0,0.0,1940.21,True,False,none
PR000523,EMP0029,2026-07-05,2693.67,404.05,80.81,167.01,39.06,0.0,0.0,0.0,0.0,2002.74,True,False,none
PR000524,EMP0029,2026-07-12,2664.42,399.66,79.93,165.19,38.63,0.0,0.0,0.0,0.0,1981.01,True,False,none
PR000525,EMP0029,2026-07-19,2667.64,400.15,80.03,165.39,38.68,0.0,0.0,0.0,0.0,1983.39,True,False,none
PR000526,EMP0029,2026-07-26,2601.88,390.28,78.06,161.32,37.73,0.0,0.0,0.0,0.0,1934.49,True,False,none
PR000527,EMP0029,2026-08-02,2585.38,387.81,77.56,160.29,37.49,0.0,0.0,0.0,0.0,1922.23,True,False,none
PR000528,EMP0029,2026-08-09,2590.59,388.59,170.98,160.62,37.56,0.0,0.0,0.0,0.0,1926.1,True,True,tax_miscalculation
PR000529,EMP0029,2026-08-16,2718.42,407.76,81.55,168.54,39.42,0.0,0.0,0.0,0.0,2021.15,True,False,none
PR000530,EMP0029,2026-08-23,2521.98,378.3,75.66,156.36,36.57,0.0,0.0,0.0,0.0,1875.09,True,False,none
PR000531,EMP0029,2026-08-30,2693.41,404.01,80.8,166.99,39.05,0.0,0.0,0.0,0.0,2002.56,True,False,none
PR000532,EMP0029,2026-09-06,2633.63,395.04,79.01,163.29,38.19,0.0,0.0,0.0,0.0,1958.1,True,False,none
PR000533,EMP0029,2026-09-13,2604.6,390.69,78.14,161.49,37.77,0.0,0.0,0.0,0.0,1936.51,True,False,none
PR000534,EMP0030,2026-03-31,2623.26,393.49,78.7,162.64,38.04,15.74,70.83,0.0,0.0,1950.39,True,False,none
PR000535,EMP0030,2026-04-15,2574.55,386.18,77.24,159.62,37.33,15.45,69.51,0.0,0.0,1914.18,True,False,none
PR000536,EMP0030,2026-04-30,2653.5,398.02,79.61,164.52,38.48,10.81,71.64,0.0,0.0,1972.87,True,True,duplicate_deduction
PR000537,EMP0030,2026-05-15,2659.07,398.86,79.77,164.86,38.56,0.0,31.01,0.0,0.0,1977.02,True,False,none
PR000538,EMP0030,2026-05-31,2561.29,384.19,76.84,158.8,37.14,0.0,0.0,0.0,0.0,1904.32,True,False,none
PR000539,EMP0030,2026-06-15,2531.71,379.76,75.95,156.97,36.71,0.0,0.0,0.0,0.0,1882.32,True,True,wage_base_cap_error
PR000540,EMP0030,2026-06-30,2596.13,389.42,77.88,160.96,37.64,0.0,0.0,0.0,0.0,1930.23,True,False,none
PR000541,EMP0030,2026-07-15,2661.45,399.22,79.84,165.01,38.59,0.0,0.0,0.0,0.0,1978.79,True,False,none
PR000542,EMP0030,2026-07-31,2518.21,377.73,75.55,156.13,36.51,0.0,0.0,0.0,0.0,1872.29,True,False,none
PR000543,EMP0030,2026-08-15,2602.38,390.36,78.07,161.35,37.73,0.0,0.0,0.0,0.0,1934.87,True,False,none
PR000544,EMP0030,2026-08-31,2604.13,390.62,78.12,161.46,37.76,0.0,0.0,0.0,0.0,1936.17,True,False,none
PR000545,EMP0031,2026-03-31,4580.28,687.04,0.0,283.98,66.41,27.48,123.67,0.0,0.0,3542.85,True,False,none
PR000546,EMP0031,2026-04-15,4365.99,654.9,0.0,270.69,63.31,14.52,117.88,0.0,0.0,3377.09,True,False,none
PR000547,EMP0031,2026-04-30,4574.12,686.12,0.0,283.6,66.32,0.0,1.45,0.0,0.0,3538.08,True,False,none
PR000548,EMP0031,2026-05-15,4642.94,696.44,0.0,287.86,67.32,0.0,0.0,0.0,0.0,3591.32,True,False,none
PR000549,EMP0031,2026-05-31,4383.13,657.47,0.0,271.75,63.56,0.0,0.0,0.0,0.0,3390.35,True,False,none
PR000550,EMP0031,2026-06-15,4403.74,660.56,0.0,273.03,63.85,0.0,0.0,0.0,0.0,3406.3,True,False,none
PR000551,EMP0031,2026-06-30,4665.16,699.77,0.0,289.24,67.64,0.0,0.0,0.0,0.0,3608.51,True,False,none
PR000552,EMP0031,2026-07-15,4383.59,657.54,0.0,271.78,63.56,0.0,0.0,0.0,0.0,3390.71,True,False,none
PR000553,EMP0031,2026-07-31,4623.47,693.52,0.0,286.66,67.04,0.0,0.0,0.0,0.0,3576.25,True,False,none
PR000554,EMP0031,2026-08-15,4494.49,674.17,0.0,278.66,65.17,0.0,0.0,0.0,0.0,3476.49,True,False,none
PR000555,EMP0031,2026-08-31,4407.2,661.08,0.0,273.25,63.9,0.0,0.0,0.0,0.0,3408.97,True,False,none
PR000556,EMP0032,2026-03-31,2912.06,436.81,145.6,180.55,42.22,17.47,78.63,0.0,0.0,2106.88,True,False,none
PR000557,EMP0032,2026-04-15,2816.73,422.51,140.84,174.64,40.84,16.9,76.05,0.0,0.0,2037.9,True,False,none
PR000558,EMP0032,2026-04-30,2832.3,424.85,141.62,175.6,41.07,7.63,76.47,0.0,0.0,2049.16,True,False,none
PR000559,EMP0032,2026-05-15,2797.44,419.62,139.87,173.44,40.56,0.0,11.85,0.0,0.0,2023.95,True,False,none
PR000560,EMP0032,2026-05-31,2849.81,427.47,142.49,176.69,41.32,0.0,0.0,0.0,0.0,2061.84,True,True,wage_base_cap_error
PR000561,EMP0032,2026-06-15,2753.59,413.04,137.68,170.72,39.93,0.0,0.0,0.0,0.0,1992.22,True,False,none
PR000562,EMP0032,2026-06-30,2804.58,420.69,140.23,173.88,40.67,0.0,0.0,0.0,0.0,2029.11,True,False,none
PR000563,EMP0032,2026-07-15,2934.17,440.13,146.71,181.92,42.55,0.0,0.0,0.0,0.0,2122.86,True,False,none
PR000564,EMP0032,2026-07-31,2774.79,416.22,138.74,172.04,40.23,0.0,0.0,0.0,0.0,2007.56,True,False,none
PR000565,EMP0032,2026-08-15,2864.1,429.61,143.21,177.57,41.53,0.0,0.0,0.0,0.0,2072.18,True,False,none
PR000566,EMP0032,2026-08-31,2789.81,418.47,139.49,172.97,40.45,0.0,0.0,0.0,0.0,2018.43,True,False,none
PR000567,EMP0033,2026-03-31,3902.55,585.38,234.15,241.96,56.59,23.42,105.37,0.0,0.0,2491.78,True,True,missing_401k
PR000568,EMP0033,2026-04-15,3708.12,556.22,222.49,229.9,53.77,18.58,100.12,278.11,0.0,2367.63,True,False,none
PR000569,EMP0033,2026-04-30,3961.96,594.29,237.72,245.64,57.45,0.0,37.51,297.15,0.0,2529.71,True,False,none
PR000570,EMP0033,2026-05-15,3805.83,570.87,228.35,424.73,55.18,0.0,0.0,285.44,0.0,2430.03,True,True,tax_miscalculation
PR000571,EMP0033,2026-05-31,3739.95,560.99,493.68,231.88,54.23,0.0,0.0,280.5,0.0,2387.95,True,True,tax_miscalculation
PR000572,EMP0033,2026-06-15,3690.76,553.61,221.45,228.83,53.52,0.0,0.0,276.81,0.0,2356.54,True,False,none
PR000573,EMP0033,2026-06-30,3719.89,557.98,223.19,230.63,53.94,0.0,0.0,278.99,0.0,2375.16,True,False,none
PR000574,EMP0033,2026-07-15,3825.79,573.87,229.55,237.2,55.47,0.0,0.0,286.93,0.0,2442.77,True,False,none
PR000575,EMP0033,2026-07-31,3770.49,565.57,226.23,233.77,54.67,0.0,0.0,282.79,0.0,2407.46,True,False,none
PR000576,EMP0033,2026-08-15,3919.31,587.9,235.16,243.0,56.83,0.0,0.0,293.95,0.0,2502.47,True,False,none
PR000577,EMP0033,2026-08-31,3798.9,569.84,227.93,235.53,55.08,0.0,0.0,284.92,0.0,2425.6,True,False,none
PR000578,EMP0034,2026-03-29,1006.81,151.02,60.41,62.42,14.6,6.04,27.18,0.0,855.79,597.98,True,True,garnishment_overwithholding
PR000579,EMP0034,2026-04-05,1044.08,156.61,62.64,64.73,15.14,6.26,28.19,0.0,74.54,670.42,True,False,none
PR000580,EMP0034,2026-04-12,1000.21,150.03,60.01,62.01,14.5,6.0,27.01,0.0,57.45,656.21,True,False,none
PR000581,EMP0034,2026-04-19,1046.49,156.97,62.79,64.88,15.17,6.28,28.26,0.0,130.35,616.33,True,False,none
PR000582,EMP0034,2026-04-26,1025.19,153.78,61.51,63.56,14.87,6.15,27.68,0.0,147.48,583.99,True,False,none
PR000583,EMP0034,2026-05-03,1052.13,157.82,63.13,65.23,15.26,6.31,28.41,0.0,122.21,628.48,True,False,none
PR000584,EMP0034,2026-05-10,1057.22,158.58,63.43,65.55,15.33,4.95,28.54,0.0,79.87,674.46,True,False,none
PR000585,EMP0034,2026-05-17,995.68,149.35,59.74,61.73,14.44,0.0,26.88,0.0,82.03,628.39,True,False,none
PR000586,EMP0034,2026-05-24,991.22,148.68,59.47,61.46,14.37,0.0,20.85,0.0,109.39,597.85,True,False,none
PR000587,EMP0034,2026-05-31,1062.78,159.42,63.77,65.89,15.41,0.0,0.0,0.0,61.35,696.94,True,False,none
PR000588,EMP0034,2026-06-07,996.51,149.48,59.79,61.78,14.45,0.0,0.0,0.0,101.55,609.46,True,False,none
PR000589,EMP0034,2026-06-14,1062.56,159.38,63.75,32.94,15.41,0.0,0.0,0.0,92.81,665.33,True,True,tax_miscalculation
PR000590,EMP0034,2026-06-21,1027.85,154.18,61.67,63.73,14.9,0.0,0.0,0.0,59.58,673.79,True,False,none
PR000591,EMP0034,2026-06-28,998.65,149.8,59.92,61.92,14.48,0.0,0.0,0.0,158.89,553.64,True,False,none
PR000592,EMP0034,2026-07-05,1065.1,159.76,63.91,66.04,15.44,0.0,0.0,0.0,57.56,702.39,True,False,none
PR000593,EMP0034,2026-07-12,1064.02,159.6,63.84,65.97,15.43,0.0,0.0,0.0,129.72,629.46,True,False,none
PR000594,EMP0034,2026-07-19,1057.19,158.58,63.43,65.55,15.33,0.0,0.0,0.0,108.02,646.28,True,False,none
PR000595,EMP0034,2026-07-26,1028.53,154.28,61.71,63.77,14.91,0.0,0.0,0.0,108.85,625.01,True,False,none
PR000596,EMP0034,2026-08-02,1040.84,156.13,62.45,64.53,15.09,0.0,0.0,0.0,71.25,671.39,True,False,none
PR000597,EMP0034,2026-08-09,989.01,148.35,59.34,61.32,14.34,0.0,0.0,0.0,85.52,620.14,True,False,none
PR000598,EMP0034,2026-08-16,1043.91,156.59,62.63,64.72,15.14,0.0,0.0,0.0,78.41,666.42,True,False,none
PR000599,EMP0034,2026-08-23,1041.37,156.21,62.48,64.56,15.1,0.0,0.0,0.0,163.83,579.19,True,False,none
PR000600,EMP0034,2026-08-30,994.22,149.13,59.65,61.64,14.42,0.0,0.0,0.0,124.77,584.61,True,False,none
PR000601,EMP0034,2026-09-06,1022.68,153.4,61.36,63.41,14.83,0.0,0.0,0.0,149.75,579.93,True,False,none
PR000602,EMP0034,2026-09-13,1000.99,150.15,60.06,62.06,14.51,0.0,0.0,0.0,127.77,586.44,True,False,none
PR000603,EMP0035,2026-04-05,5646.46,846.97,0.0,350.08,81.87,33.88,152.45,0.0,0.0,4367.54,True,False,none
PR000604,EMP0035,2026-04-19,5692.84,853.93,0.0,352.96,82.55,8.12,90.55,0.0,0.0,4403.4,True,False,none
PR000605,EMP0035,2026-05-03,5579.0,836.85,0.0,345.9,80.9,0.0,0.0,0.0,0.0,4315.35,True,False,none
PR000606,EMP0035,2026-05-17,5497.95,824.69,0.0,340.87,79.72,0.0,0.0,0.0,0.0,4252.67,True,False,none
PR000607,EMP0035,2026-05-31,5550.51,832.58,0.0,344.13,80.48,0.0,0.0,0.0,0.0,4293.32,True,False,none
PR000608,EMP0035,2026-06-14,5659.87,848.98,0.0,350.91,82.07,0.0,0.0,0.0,0.0,4377.91,True,False,none
PR000609,EMP0035,2026-06-28,5529.94,829.49,0.0,342.86,80.18,0.0,0.0,0.0,0.0,4277.41,True,False,none
PR000610,EMP0035,2026-07-12,5294.63,794.19,0.0,328.27,76.77,0.0,0.0,0.0,0.0,4095.4,True,False,none
PR000611,EMP0035,2026-07-26,5686.89,853.03,0.0,352.59,82.46,0.0,0.0,0.0,0.0,4398.81,True,False,none
PR000612,EMP0035,2026-08-09,5581.73,837.26,0.0,346.07,80.94,0.0,0.0,0.0,0.0,4317.46,True,False,none
PR000613,EMP0035,2026-08-23,5576.07,836.41,0.0,345.72,80.85,0.0,0.0,0.0,0.0,4313.09,True,False,none
PR000614,EMP0035,2026-09-06,5375.33,806.3,0.0,333.27,77.94,0.0,0.0,0.0,0.0,4157.82,True,False,none
PR000615,EMP0036,2026-03-31,5096.08,764.41,0.0,315.96,73.89,30.58,137.59,580.95,0.0,3360.87,True,False,none
PR000616,EMP0036,2026-04-15,4990.44,748.57,0.0,309.41,72.36,11.42,105.41,568.91,0.0,3291.19,True,False,none
PR000617,EMP0036,2026-04-30,5093.03,763.95,0.0,315.77,73.85,0.0,0.0,580.61,0.0,3358.85,True,False,none
PR000618,EMP0036,2026-05-15,4875.92,731.39,0.0,302.31,70.7,0.0,0.0,555.85,0.0,3215.67,True,False,none
PR000619,EMP0036,2026-05-31,5095.67,764.35,0.0,315.93,73.89,0.0,0.0,580.91,0.0,3360.59,False,True,late_journal_posting
PR000620,EMP0036,2026-06-15,5231.83,784.77,0.0,324.37,75.86,0.0,0.0,596.43,0.0,3450.4,True,False,none
PR000621,EMP0036,2026-06-30,4852.65,727.9,0.0,300.86,70.36,0.0,0.0,553.2,0.0,3200.33,True,False,none
PR000622,EMP0036,2026-07-15,5222.96,783.44,0.0,323.82,75.73,0.0,0.0,595.42,0.0,3444.55,True,False,none
PR000623,EMP0036,2026-07-31,4995.64,749.35,0.0,309.73,72.44,0.0,0.0,569.5,0.0,3294.62,True,False,none
PR000624,EMP0036,2026-08-15,5180.54,777.08,0.0,321.19,75.12,0.0,0.0,590.58,0.0,3416.57,True,False,none
PR000625,EMP0036,2026-08-31,5145.31,771.8,0.0,319.01,74.61,0.0,0.0,586.57,0.0,3393.32,True,False,none
PR000626,EMP0037,2026-03-29,2599.24,389.89,0.0,161.15,37.69,15.6,70.18,0.0,0.0,2010.51,True,False,none
PR000627,EMP0037,2026-04-05,2634.35,395.15,0.0,163.33,38.2,15.81,71.13,0.0,0.0,2037.67,True,False,none
PR000628,EMP0037,2026-04-12,2663.03,399.45,0.0,165.11,38.61,10.6,71.9,0.0,0.0,2059.86,True,False,none
PR000629,EMP0037,2026-04-19,2565.88,384.88,0.0,159.08,37.21,0.0,29.79,0.0,0.0,1984.71,True,False,none
PR000630,EMP0037,2026-04-26,2550.09,382.51,0.0,158.11,36.98,0.0,0.0,0.0,0.0,1972.49,True,False,none
PR000631,EMP0037,2026-05-03,2619.83,392.97,0.0,162.43,37.99,0.0,0.0,0.0,0.0,2026.44,True,False,none
PR000632,EMP0037,2026-05-10,2648.56,397.28,0.0,164.21,38.4,0.0,0.0,0.0,0.0,2048.67,True,False,none
PR000633,EMP0037,2026-05-17,2639.23,395.88,0.0,163.63,38.27,0.0,0.0,0.0,0.0,2041.45,True,False,none
PR000634,EMP0037,2026-05-24,2646.5,396.97,0.0,164.08,38.37,0.0,0.0,0.0,0.0,2047.08,True,False,none
PR000635,EMP0037,2026-05-31,2572.32,385.85,0.0,159.48,37.3,0.0,0.0,0.0,0.0,1989.69,True,False,none
PR000636,EMP0037,2026-06-07,2650.6,397.59,0.0,164.34,38.43,0.0,0.0,0.0,0.0,2050.24,True,False,none
PR000637,EMP0037,2026-06-14,2507.73,376.16,0.0,155.48,36.36,0.0,0.0,0.0,0.0,1939.73,True,True,wage_base_cap_error
PR000638,EMP0037,2026-06-21,2594.62,389.19,0.0,160.87,37.62,0.0,0.0,0.0,0.0,2006.94,True,False,none
PR000639,EMP0037,2026-06-28,2484.3,372.65,0.0,154.03,36.02,0.0,0.0,0.0,0.0,1921.6,True,False,none
PR000640,EMP0037,2026-07-05,2549.59,382.44,0.0,158.07,36.97,0.0,0.0,0.0,0.0,1972.11,True,False,none
PR000641,EMP0037,2026-07-12,2558.16,383.72,0.0,158.61,37.09,0.0,0.0,0.0,0.0,1978.74,True,False,none
PR000642,EMP0037,2026-07-19,2564.25,384.64,0.0,158.98,37.18,0.0,0.0,0.0,0.0,1983.45,True,False,none
PR000643,EMP0037,2026-07-26,2625.54,393.83,0.0,162.78,38.07,0.0,0.0,0.0,0.0,2030.86,True,False,none
PR000644,EMP0037,2026-08-02,2562.69,384.4,0.0,158.89,37.16,0.0,0.0,0.0,0.0,1982.24,True,False,none
PR000645,EMP0037,2026-08-09,2575.01,386.25,0.0,159.65,37.34,0.0,0.0,0.0,0.0,1991.77,True,False,none
PR000646,EMP0037,2026-08-16,2531.76,379.76,0.0,156.97,36.71,0.0,0.0,0.0,0.0,1958.32,True,False,none
PR000647,EMP0037,2026-08-23,2559.56,383.93,0.0,158.69,37.11,0.0,0.0,0.0,0.0,1979.83,True,False,none
PR000648,EMP0037,2026-08-30,2529.66,379.45,0.0,156.84,36.68,0.0,0.0,0.0,0.0,1956.69,False,True,late_journal_posting
PR000649,EMP0037,2026-09-06,2498.11,374.72,0.0,154.88,36.22,0.0,0.0,0.0,0.0,1932.29,True,False,none
PR000650,EMP0037,2026-09-13,2606.7,391.0,0.0,161.62,37.8,0.0,0.0,0.0,0.0,2016.28,True,False,none
PR000651,EMP0038,2026-03-31,4245.76,636.86,254.75,263.24,61.56,25.47,114.64,475.53,0.0,2553.82,True,False,none
PR000652,EMP0038,2026-04-15,4229.59,634.44,253.78,262.23,61.33,16.53,114.2,473.71,0.0,2544.1,True,False,none
PR000653,EMP0038,2026-04-30,4177.81,626.67,250.67,259.02,60.58,0.0,14.17,467.91,0.0,2512.96,True,False,none
PR000654,EMP0038,2026-05-15,4150.03,622.5,249.0,257.3,60.18,0.0,0.0,464.8,0.0,2496.25,True,False,none
PR000655,EMP0038,2026-05-31,4310.51,646.58,258.63,267.25,62.5,0.0,0.0,482.78,0.0,2592.77,True,False,none
PR000656,EMP0038,2026-06-15,4196.26,629.44,251.78,260.17,60.85,0.0,0.0,469.98,0.0,2524.04,True,False,none
PR000657,EMP0038,2026-06-30,4183.02,627.45,250.98,259.35,60.65,0.0,0.0,468.5,0.0,2516.09,True,False,none
PR000658,EMP0038,2026-07-15,4032.5,604.88,241.95,250.01,58.47,0.0,0.0,451.64,0.0,2425.55,True,False,none
PR000659,EMP0038,2026-07-31,4137.24,620.59,248.23,256.51,59.99,0.0,0.0,463.37,0.0,2488.55,True,False,none
PR000660,EMP0038,2026-08-15,4150.17,622.53,249.01,257.31,60.18,0.0,0.0,464.82,0.0,2496.32,True,False,none
PR000661,EMP0038,2026-08-31,4156.35,623.45,249.38,257.69,60.27,0.0,0.0,465.51,0.0,2500.05,True,False,none
PR000662,EMP0039,2026-03-29,820.94,123.14,0.0,50.9,11.9,4.93,22.17,32.84,0.0,602.16,True,False,none
PR000663,EMP0039,2026-04-05,817.93,122.69,0.0,50.71,11.86,4.91,22.08,32.72,0.0,599.95,True,False,none
PR000664,EMP0039,2026-04-12,822.73,123.41,0.0,51.01,11.93,4.94,22.21,32.91,0.0,603.47,True,False,none
PR000665,EMP0039,2026-04-19,832.88,124.93,0.0,51.64,12.08,5.0,22.49,33.32,0.0,610.91,True,False,none
PR000666,EMP0039,2026-04-26,835.99,125.4,0.0,51.83,12.12,5.02,22.57,33.44,0.0,613.2,True,False,none
PR000667,EMP0039,2026-05-03,829.86,124.48,0.0,51.45,12.03,4.98,22.41,33.19,0.0,608.71,True,False,none
PR000668,EMP0039,2026-05-10,845.2,126.78,0.0,52.4,12.26,5.07,22.82,33.81,0.0,619.95,True,False,none
PR000669,EMP0039,2026-05-17,784.63,117.69,0.0,48.65,11.38,4.71,21.19,31.39,0.0,575.52,True,False,none
PR000670,EMP0039,2026-05-24,796.11,119.42,0.0,49.36,11.54,2.46,21.49,31.84,0.0,583.95,True,False,none
PR000671,EMP0039,2026-05-31,783.94,117.59,0.0,48.6,11.37,0.0,21.17,31.36,0.0,575.02,True,False,none
PR000672,EMP0039,2026-06-07,825.29,123.79,0.0,51.17,11.97,0.0,22.28,33.01,0.0,605.35,True,False,none
PR000673,EMP0039,2026-06-14,841.48,126.22,0.0,52.17,12.2,0.0,0.12,33.66,0.0,617.23,True,False,none
PR000674,EMP0039,2026-06-21,799.19,119.88,0.0,49.55,11.59,0.0,0.0,31.97,0.0,586.2,True,False,none
PR000675,EMP0039,2026-06-28,843.36,126.5,0.0,52.29,12.23,0.0,0.0,33.73,0.0,618.61,True,False,none
PR000676,EMP0039,2026-07-05,787.35,118.1,0.0,48.82,11.42,0.0,0.0,31.49,0.0,577.52,True,False,none
PR000677,EMP0039,2026-07-12,843.83,126.57,0.0,52.32,12.24,0.0,0.0,33.75,0.0,618.95,True,False,none
PR000678,EMP0039,2026-07-19,806.18,120.93,0.0,49.98,11.69,0.0,0.0,32.25,0.0,591.33,True,False,none
PR000679,EMP0039,2026-07-26,790.01,118.5,0.0,48.98,11.46,0.0,0.0,31.6,0.0,579.47,True,False,none
PR000680,EMP0039,2026-08-02,814.85,122.23,0.0,50.52,11.82,0.0,0.0,32.59,0.0,597.69,False,True,late_journal_posting
PR000681,EMP0039,2026-08-09,800.05,120.01,0.0,49.6,11.6,0.0,0.0,32.0,0.0,586.84,True,False,none
PR000682,EMP0039,2026-08-16,801.86,120.28,0.0,49.72,11.63,0.0,0.0,32.07,0.0,588.16,True,False,none
PR000683,EMP0039,2026-08-23,803.31,120.5,0.0,49.81,11.65,0.0,0.0,32.13,0.0,589.22,True,False,none
PR000684,EMP0039,2026-08-30,835.34,125.3,0.0,51.79,12.11,0.0,0.0,33.41,0.0,612.73,True,False,none
PR000685,EMP0039,2026-09-06,818.29,122.74,0.0,50.73,11.87,0.0,0.0,32.73,0.0,600.22,True,False,none
PR000686,EMP0039,2026-09-13,803.57,120.54,0.0,49.82,11.65,0.0,0.0,32.14,0.0,589.42,True,False,none
PR000687,EMP0040,2026-04-05,1454.21,218.13,87.25,90.16,21.09,8.73,39.26,77.07,0.0,960.51,True,False,none
PR000688,EMP0040,2026-04-19,1466.29,219.94,87.98,90.91,21.26,8.8,39.59,77.71,0.0,968.49,True,False,none
PR000689,EMP0040,2026-05-03,1415.64,212.35,84.94,87.77,20.53,8.49,38.22,75.03,0.0,935.02,True,True,wage_base_cap_error
PR000690,EMP0040,2026-05-17,1431.74,214.76,85.9,88.77,20.76,8.59,38.66,75.88,0.0,945.67,True,False,none
PR000691,EMP0040,2026-05-31,1398.43,209.76,83.91,86.7,20.28,7.39,37.76,74.12,0.0,923.66,True,False,none
PR000692,EMP0040,2026-06-14,1405.2,210.78,84.31,87.12,20.38,0.0,37.94,74.48,0.0,928.13,True,False,none
PR000693,EMP0040,2026-06-28,1462.29,219.34,87.74,90.66,21.2,0.0,11.57,77.5,0.0,965.85,True,False,none
PR000694,EMP0040,2026-07-12,1405.23,210.78,84.31,87.12,20.38,0.0,0.0,74.48,0.0,928.16,True,False,none
PR000695,EMP0040,2026-07-26,1444.48,216.67,86.67,89.56,20.94,0.0,0.0,76.56,0.0,954.08,True,False,none
PR000696,EMP0040,2026-08-09,1465.48,219.82,87.93,90.86,21.25,0.0,0.0,77.67,0.0,967.95,True,False,none
PR000697,EMP0040,2026-08-23,1396.72,209.51,83.8,86.6,20.25,0.0,0.0,74.03,0.0,922.53,True,False,none
PR000698,EMP0040,2026-09-06,1449.29,217.39,86.96,89.86,21.01,0.0,0.0,76.81,0.0,957.26,True,False,none
PR000699,EMP0041,2026-03-29,1446.18,216.93,43.39,89.66,20.97,8.68,39.05,0.0,0.0,1075.23,True,False,none
PR000700,EMP0041,2026-04-05,1528.68,229.3,45.86,94.78,22.17,9.17,41.27,0.0,0.0,1136.57,True,False,none
PR000701,EMP0041,2026-04-12,1472.69,220.9,44.18,91.31,21.35,8.84,39.76,0.0,0.0,1094.95,True,False,none
PR000702,EMP0041,2026-04-19,1510.35,226.55,45.31,93.64,21.9,9.06,40.78,0.0,0.0,1122.95,True,False,none
PR000703,EMP0041,2026-04-26,1480.48,222.07,44.41,91.79,21.47,6.25,39.97,0.0,0.0,1100.74,True,True,duplicate_deduction
PR000704,EMP0041,2026-05-03,1421.28,213.19,42.64,88.12,20.61,0.0,38.37,0.0,0.0,1056.72,True,False,none
PR000705,EMP0041,2026-05-10,1490.16,223.52,44.7,92.39,21.61,0.0,3.79,0.0,0.0,1107.94,True,False,none
PR000706,EMP0041,2026-05-17,1527.33,229.1,45.82,94.69,22.15,0.0,0.0,0.0,0.0,1135.57,True,False,none
PR000707,EMP0041,2026-05-24,1486.48,222.97,44.59,92.16,21.55,0.0,0.0,0.0,0.0,1105.21,True,False,none
PR000708,EMP0041,2026-05-31,1511.89,226.78,45.36,93.74,21.92,0.0,0.0,0.0,0.0,1124.09,True,False,none
PR000709,EMP0041,2026-06-07,1519.49,227.92,45.58,94.21,22.03,0.0,0.0,0.0,0.0,1129.75,True,False,none
PR000710,EMP0041,2026-06-14,1442.85,216.43,43.29,89.46,20.92,0.0,0.0,0.0,0.0,1072.75,True,False,none
PR000711,EMP0041,2026-06-21,1440.98,216.15,43.23,89.34,20.89,0.0,0.0,0.0,0.0,1071.37,True,False,none
PR000712,EMP0041,2026-06-28,1487.57,223.14,44.63,92.23,21.57,0.0,0.0,0.0,0.0,1106.0,True,False,none
PR000713,EMP0041,2026-07-05,1464.22,219.63,43.93,90.78,21.23,0.0,0.0,0.0,0.0,1088.65,True,False,none
PR000714,EMP0041,2026-07-12,1514.31,227.15,45.43,93.89,21.96,0.0,0.0,0.0,0.0,1125.88,True,False,none
PR000715,EMP0041,2026-07-19,1521.33,228.2,45.64,94.32,22.06,0.0,0.0,0.0,0.0,1131.11,True,False,none
PR000716,EMP0041,2026-07-26,1457.49,349.79,43.72,90.36,21.13,0.0,0.0,0.0,0.0,1083.66,True,True,tax_miscalculation
PR000717,EMP0041,2026-08-02,1443.88,216.58,43.32,89.52,20.94,0.0,0.0,0.0,0.0,1073.52,True,False,none
PR000718,EMP0041,2026-08-09,1507.38,226.11,45.22,93.46,21.86,0.0,0.0,0.0,0.0,1120.73,True,False,none
PR000719,EMP0041,2026-08-16,1448.31,217.25,43.45,89.8,21.0,0.0,0.0,0.0,0.0,1076.81,True,False,none
PR000720,EMP0041,2026-08-23,1512.29,226.84,45.37,93.76,21.93,0.0,0.0,0.0,0.0,1124.39,True,False,none
PR000721,EMP0041,2026-08-30,1465.7,219.85,43.97,90.87,21.25,0.0,0.0,0.0,0.0,1089.76,True,False,none
PR000722,EMP0041,2026-09-06,1494.18,224.13,44.83,46.32,21.67,0.0,0.0,0.0,0.0,1110.91,True,True,tax_miscalculation
PR000723,EMP0041,2026-09-13,1427.37,214.11,42.82,88.5,20.7,0.0,0.0,0.0,0.0,1061.24,True,False,none
PR000724,EMP0042,2026-03-29,1229.04,184.36,0.0,76.2,17.82,7.37,33.18,0.0,0.0,950.66,True,False,none
PR000725,EMP0042,2026-04-05,1212.45,181.87,0.0,75.17,17.58,7.27,32.74,0.0,0.0,937.83,True,False,none
PR000726,EMP0042,2026-04-12,1225.45,183.82,0.0,75.98,17.77,7.35,33.09,0.0,0.0,947.88,True,False,none
PR000727,EMP0042,2026-04-19,1185.09,177.76,0.0,73.48,17.18,7.11,32.0,0.0,0.0,916.67,True,False,none
PR000728,EMP0042,2026-04-26,1239.93,185.99,0.0,76.88,17.98,7.44,33.48,0.0,0.0,959.08,True,False,none
PR000729,EMP0042,2026-05-03,1252.07,187.81,0.0,77.63,18.16,5.45,33.81,0.0,0.0,968.47,True,False,none
PR000730,EMP0042,2026-05-10,1189.79,178.47,0.0,73.77,17.25,0.0,32.12,0.0,0.0,920.3,True,True,tax_miscalculation
PR000731,EMP0042,2026-05-17,1178.12,176.72,0.0,73.04,17.08,0.0,12.59,0.0,0.0,911.28,True,False,none
PR000732,EMP0042,2026-05-24,1171.17,175.68,0.0,72.61,16.98,0.0,0.0,0.0,0.0,905.9,True,False,none
PR000733,EMP0042,2026-05-31,1230.78,184.62,0.0,76.31,17.85,0.0,0.0,0.0,0.0,952.0,True,False,none
PR000734,EMP0042,2026-06-07,1227.42,184.11,0.0,76.1,17.8,0.0,0.0,0.0,0.0,949.41,True,False,none
PR000735,EMP0042,2026-06-14,1221.6,183.24,0.0,75.74,17.71,0.0,0.0,0.0,0.0,944.91,True,False,none
PR000736,EMP0042,2026-06-21,1191.26,178.69,0.0,73.86,17.27,0.0,0.0,0.0,0.0,921.44,True,False,none
PR000737,EMP0042,2026-06-28,1206.58,180.99,0.0,74.81,17.5,0.0,0.0,0.0,0.0,933.28,True,False,none
PR000738,EMP0042,2026-07-05,1226.21,183.93,0.0,76.03,17.78,0.0,0.0,0.0,0.0,948.47,True,False,none
PR000739,EMP0042,2026-07-12,1216.79,182.52,0.0,75.44,17.64,0.0,0.0,0.0,0.0,941.19,True,False,none
PR000740,EMP0042,2026-07-19,1264.12,189.62,0.0,78.38,18.33,0.0,0.0,0.0,0.0,977.79,True,False,none
PR000741,EMP0042,2026-07-26,1182.05,177.31,0.0,73.29,17.14,0.0,0.0,0.0,0.0,914.31,True,False,none
PR000742,EMP0042,2026-08-02,1235.91,185.39,0.0,76.63,17.92,0.0,0.0,0.0,0.0,955.97,True,False,none
PR000743,EMP0042,2026-08-09,1207.87,289.89,0.0,74.89,17.51,0.0,0.0,0.0,0.0,934.29,True,True,tax_miscalculation
PR000744,EMP0042,2026-08-16,1210.18,181.53,0.0,75.03,17.55,0.0,0.0,0.0,0.0,936.07,True,False,none
PR000745,EMP0042,2026-08-23,1238.07,185.71,0.0,76.76,17.95,0.0,0.0,0.0,0.0,957.65,True,False,none
PR000746,EMP0042,2026-08-30,1235.65,185.35,0.0,76.61,17.92,0.0,0.0,0.0,0.0,955.77,True,False,none
PR000747,EMP0042,2026-09-06,1264.46,189.67,0.0,78.4,18.33,0.0,0.0,0.0,0.0,978.06,True,False,none
PR000748,EMP0042,2026-09-13,1181.27,177.19,0.0,73.24,17.13,0.0,0.0,0.0,0.0,913.71,True,False,none
PR000749,EMP0043,2026-03-29,2363.93,354.59,141.84,146.56,34.28,14.18,63.83,132.38,0.0,1554.28,True,False,none
PR000750,EMP0043,2026-04-05,2483.82,372.57,149.03,154.0,36.02,14.9,67.06,139.09,0.0,1633.11,True,False,none
PR000751,EMP0043,2026-04-12,2455.61,368.34,147.34,152.25,35.61,12.91,66.3,137.51,0.0,1614.56,False,True,late_journal_posting
PR000752,EMP0043,2026-04-19,2396.8,359.52,143.81,148.6,34.75,0.0,45.81,134.22,0.0,1575.9,True,False,none
PR000753,EMP0043,2026-04-26,2359.16,353.87,141.55,146.27,34.21,0.0,0.0,132.11,0.0,1551.15,True,False,none
PR000754,EMP0043,2026-05-03,2360.36,354.05,141.62,73.17,34.23,0.0,0.0,132.18,0.0,1551.94,True,True,tax_miscalculation
PR000755,EMP0043,2026-05-10,2516.66,377.5,151.0,156.03,36.49,0.0,0.0,140.93,0.0,1654.71,True,False,none
PR000756,EMP0043,2026-05-17,2380.89,357.13,142.85,147.62,34.52,0.0,0.0,133.33,0.0,1565.44,False,True,late_journal_posting
PR000757,EMP0043,2026-05-24,2406.32,360.95,144.38,149.19,34.89,0.0,0.0,134.75,0.0,1582.16,True,False,none
PR000758,EMP0043,2026-05-31,2387.62,358.14,143.26,148.03,34.62,0.0,0.0,133.71,0.0,1569.86,True,False,none
PR000759,EMP0043,2026-06-07,2412.43,361.86,144.75,149.57,34.98,0.0,0.0,135.1,0.0,1586.17,True,False,none
PR000760,EMP0043,2026-06-14,2357.23,353.58,141.43,146.15,34.18,0.0,0.0,132.0,0.0,1549.89,True,False,none
PR000761,EMP0043,2026-06-21,2444.14,366.62,146.65,151.54,35.44,0.0,0.0,136.87,0.0,1607.02,True,False,none
PR000762,EMP0043,2026-06-28,2356.88,353.53,141.41,146.13,34.17,0.0,0.0,131.99,0.0,1549.65,True,False,none
PR000763,EMP0043,2026-07-05,2498.52,374.78,149.91,154.91,36.23,0.0,0.0,139.92,0.0,1642.77,True,False,none
PR000764,EMP0043,2026-07-12,2388.98,358.35,143.34,148.12,34.64,0.0,0.0,133.78,267.56,1570.75,True,True,duplicate_deduction
PR000765,EMP0043,2026-07-19,2448.19,367.23,146.89,151.79,35.5,0.0,0.0,137.1,0.0,1609.68,True,False,none
PR000766,EMP0043,2026-07-26,2513.93,377.09,150.84,155.86,36.45,0.0,0.0,140.78,0.0,1652.91,True,False,none
PR000767,EMP0043,2026-08-02,2469.62,370.44,148.18,153.12,35.81,0.0,0.0,138.3,0.0,1623.77,True,False,none
PR000768,EMP0043,2026-08-09,2446.83,367.02,146.81,151.7,35.48,0.0,0.0,137.02,0.0,1608.8,True,False,none
PR000769,EMP0043,2026-08-16,2406.5,360.97,144.39,149.2,34.89,0.0,0.0,134.76,0.0,1582.29,True,False,none
PR000770,EMP0043,2026-08-23,2408.18,361.23,144.49,149.31,34.92,0.0,0.0,134.86,0.0,1583.37,True,False,none
PR000771,EMP0043,2026-08-30,2473.22,370.98,148.39,153.34,35.86,0.0,0.0,138.5,0.0,1626.15,True,False,none
PR000772,EMP0043,2026-09-06,2535.98,380.4,152.16,157.23,36.77,0.0,0.0,142.01,0.0,1667.41,True,False,none
PR000773,EMP0043,2026-09-13,2471.74,370.76,148.3,153.25,35.84,0.0,0.0,138.42,0.0,1625.17,True,False,none
PR000774,EMP0044,2026-04-05,2487.61,373.14,124.38,154.23,36.07,14.93,67.17,0.0,0.0,1799.79,True,False,none
PR000775,EMP0044,2026-04-19,2521.51,378.23,126.08,156.33,36.56,15.13,68.08,0.0,0.0,1824.31,True,False,none
PR000776,EMP0044,2026-05-03,2469.45,370.42,123.47,153.11,35.81,11.95,66.68,0.0,0.0,1786.64,True,False,none
PR000777,EMP0044,2026-05-17,2390.0,358.5,119.5,148.18,34.66,0.0,41.08,0.0,0.0,1729.16,True,False,none
PR000778,EMP0044,2026-05-31,2488.49,373.27,124.42,154.29,36.08,0.0,0.0,0.0,0.0,1800.43,True,False,none
PR000779,EMP0044,2026-06-14,2566.03,384.9,128.3,159.09,37.21,0.0,0.0,0.0,0.0,1856.53,True,False,none
PR000780,EMP0044,2026-06-28,2412.59,361.89,120.63,149.58,34.98,0.0,0.0,0.0,0.0,1745.51,True,False,none
PR000781,EMP0044,2026-07-12,2513.54,377.03,125.68,155.84,36.45,0.0,0.0,0.0,0.0,1818.54,True,False,none
PR000782,EMP0044,2026-07-26,2417.61,362.64,120.88,149.89,35.06,0.0,0.0,0.0,0.0,1749.14,True,False,none
PR000783,EMP0044,2026-08-09,2483.3,372.5,124.17,153.96,36.01,0.0,0.0,0.0,0.0,1796.66,True,True,duplicate_deduction
PR000784,EMP0044,2026-08-23,2397.16,359.57,119.86,148.62,34.76,0.0,0.0,0.0,0.0,1734.35,True,False,none
PR000785,EMP0044,2026-09-06,2466.54,369.98,123.33,152.93,35.76,0.0,0.0,0.0,0.0,1784.54,True,False,none
PR000786,EMP0045,2026-03-31,4007.1,601.06,240.43,248.44,58.1,24.04,108.19,136.24,0.0,2722.83,True,False,none
PR000787,EMP0045,2026-04-15,3879.99,582.0,232.8,240.56,56.26,17.96,104.76,131.92,0.0,2636.45,True,False,none
PR000788,EMP0045,2026-04-30,3978.71,596.81,238.72,123.34,57.69,0.0,30.05,135.28,0.0,2703.53,True,True,tax_miscalculation
PR000789,EMP0045,2026-05-15,4019.32,602.9,241.16,249.2,58.28,0.0,0.0,136.66,0.0,2731.12,True,False,none
PR000790,EMP0045,2026-05-31,4060.3,609.04,243.62,251.74,58.87,0.0,0.0,138.05,0.0,2758.98,True,False,none
PR000791,EMP0045,2026-06-15,3844.86,576.73,230.69,238.38,55.75,0.0,0.0,130.73,0.0,2612.58,True,False,none
PR000792,EMP0045,2026-06-30,3896.09,584.41,233.77,241.56,56.49,0.0,0.0,132.47,0.0,2647.39,True,False,none
PR000793,EMP0045,2026-07-15,3819.29,572.89,229.16,236.8,55.38,0.0,0.0,129.86,0.0,2595.2,True,False,none
PR000794,EMP0045,2026-07-31,4080.62,612.09,244.84,253.0,59.17,0.0,0.0,138.74,0.0,2772.78,True,False,none
PR000795,EMP0045,2026-08-15,4060.25,609.04,243.61,251.74,58.87,0.0,0.0,138.05,0.0,2758.94,True,False,none
PR000796,EMP0045,2026-08-31,3939.84,590.98,236.39,244.27,57.13,0.0,0.0,133.95,0.0,2677.12,True,False,none
PR000797,EMP0046,2026-03-31,5301.28,795.19,265.06,328.68,76.87,31.81,143.13,0.0,587.38,3248.1,True,False,none
PR000798,EMP0046,2026-04-15,5211.97,781.8,260.6,323.14,75.57,10.19,99.87,0.0,333.23,3437.63,True,False,none
PR000799,EMP0046,2026-04-30,5265.81,789.87,263.29,326.48,76.35,0.0,0.0,0.0,358.72,3451.1,True,False,none
PR000800,EMP0046,2026-05-15,5294.75,794.21,264.74,328.27,76.77,0.0,0.0,0.0,736.67,3094.09,True,False,none
PR000801,EMP0046,2026-05-31,5246.79,787.02,262.34,325.3,76.08,0.0,0.0,0.0,305.29,3490.76,True,False,none
PR000802,EMP0046,2026-06-15,5080.96,762.14,254.05,315.02,73.67,0.0,0.0,0.0,420.79,3255.29,True,False,none
PR000803,EMP0046,2026-06-30,5104.27,765.64,255.21,316.46,74.01,0.0,0.0,0.0,4338.63,3367.43,True,True,garnishment_overwithholding
PR000804,EMP0046,2026-07-15,5340.09,801.01,267.0,331.09,77.43,0.0,0.0,0.0,610.71,3252.85,True,False,none
PR000805,EMP0046,2026-07-31,5081.94,762.29,254.1,315.08,73.69,0.0,0.0,0.0,494.7,3182.08,True,False,none
PR000806,EMP0046,2026-08-15,5139.86,770.98,256.99,318.67,74.53,0.0,0.0,0.0,613.92,3104.77,True,False,none
PR000807,EMP0046,2026-08-31,5167.86,775.18,258.39,320.41,74.93,0.0,0.0,0.0,796.06,2942.89,True,False,none
PR000808,EMP0047,2026-03-29,784.97,117.75,47.1,48.67,11.38,4.71,21.19,93.41,0.0,466.66,True,False,none
PR000809,EMP0047,2026-04-05,815.77,122.37,48.95,50.58,11.83,4.89,22.03,97.08,0.0,484.96,True,False,none
PR000810,EMP0047,2026-04-12,807.02,121.05,48.42,50.04,11.7,4.84,21.79,0.0,0.0,479.77,True,True,missing_401k
PR000811,EMP0047,2026-04-19,767.03,115.05,46.02,47.56,11.12,4.6,20.71,91.28,0.0,456.0,True,False,none
PR000812,EMP0047,2026-04-26,811.94,121.79,48.72,50.34,11.77,4.87,21.92,96.62,0.0,482.7,True,False,none
PR000813,EMP0047,2026-05-03,761.3,114.19,45.68,47.2,11.04,4.57,20.56,90.59,0.0,452.6,True,False,none
PR000814,EMP0047,2026-05-10,804.91,120.74,48.29,49.9,11.67,4.83,21.73,95.78,0.0,478.53,True,False,none
PR000815,EMP0047,2026-05-17,777.74,116.66,46.66,48.22,11.28,4.67,21.0,92.55,0.0,462.37,True,False,none
PR000816,EMP0047,2026-05-24,808.67,121.3,48.52,50.14,11.73,4.02,21.83,96.23,0.0,480.75,True,False,none
PR000817,EMP0047,2026-05-31,808.05,121.21,48.48,50.1,11.72,0.0,21.82,96.16,0.0,480.38,True,False,none
PR000818,EMP0047,2026-06-07,804.19,120.63,48.25,49.86,11.66,0.0,21.71,95.7,0.0,478.09,True,False,none
PR000819,EMP0047,2026-06-14,803.2,120.48,48.19,49.8,11.65,0.0,6.71,95.58,0.0,477.5,True,False,none
PR000820,EMP0047,2026-06-21,773.02,115.95,46.38,47.93,11.21,0.0,0.0,91.99,0.0,459.56,True,False,none
PR000821,EMP0047,2026-06-28,759.1,113.86,45.55,47.06,11.01,0.0,0.0,90.33,0.0,451.29,True,False,none
PR000822,EMP0047,2026-07-05,779.13,116.87,46.75,48.31,11.3,0.0,0.0,92.72,0.0,463.18,True,False,none
PR000823,EMP0047,2026-07-12,764.86,114.73,45.89,47.42,11.09,0.0,0.0,91.02,0.0,454.71,True,False,none
PR000824,EMP0047,2026-07-19,797.29,119.59,47.84,49.43,11.56,0.0,0.0,94.88,0.0,473.99,True,False,none
PR000825,EMP0047,2026-07-26,775.59,116.34,46.54,48.09,11.25,0.0,0.0,92.3,0.0,461.07,True,False,none
PR000826,EMP0047,2026-08-02,814.74,122.21,48.88,50.51,11.81,0.0,0.0,96.95,0.0,484.38,True,False,none
PR000827,EMP0047,2026-08-09,793.93,119.09,47.64,49.22,11.51,0.0,0.0,94.48,0.0,471.99,True,False,none
PR000828,EMP0047,2026-08-16,805.22,120.78,48.31,49.92,11.68,0.0,0.0,95.82,0.0,478.71,True,False,none
PR000829,EMP0047,2026-08-23,762.31,114.35,45.74,47.26,11.05,0.0,0.0,90.71,0.0,453.2,True,False,none
PR000830,EMP0047,2026-08-30,807.68,121.15,48.46,50.08,11.71,0.0,0.0,96.11,0.0,480.17,True,True,wage_base_cap_error
PR000831,EMP0047,2026-09-06,811.45,121.72,48.69,50.31,11.77,0.0,0.0,96.56,0.0,482.4,True,False,none
PR000832,EMP0047,2026-09-13,784.36,117.65,47.06,48.63,11.37,0.0,0.0,93.34,0.0,466.31,True,False,none
PR000833,EMP0048,2026-03-31,5061.25,759.19,0.0,313.8,73.39,30.37,136.65,0.0,0.0,3914.87,True,False,none
PR000834,EMP0048,2026-04-15,5124.29,768.64,0.0,317.71,74.3,11.63,106.35,0.0,0.0,3963.64,True,False,none
PR000835,EMP0048,2026-04-30,4889.75,733.46,0.0,303.16,70.9,0.0,0.0,0.0,0.0,3782.23,True,False,none
PR000836,EMP0048,2026-05-15,5020.03,753.0,0.0,311.24,72.79,0.0,0.0,0.0,0.0,3883.0,True,False,none
PR000837,EMP0048,2026-05-31,4978.73,746.81,0.0,308.68,72.19,0.0,0.0,0.0,0.0,3851.05,True,False,none
PR000838,EMP0048,2026-06-15,4878.43,731.76,0.0,302.46,70.74,0.0,0.0,0.0,0.0,3773.47,True,False,none
PR000839,EMP0048,2026-06-30,4966.35,744.95,0.0,307.91,72.01,0.0,0.0,0.0,0.0,3841.48,False,True,late_journal_posting
PR000840,EMP0048,2026-07-15,4847.34,727.1,0.0,300.54,70.29,0.0,0.0,0.0,0.0,3749.41,True,False,none
PR000841,EMP0048,2026-07-31,4830.5,724.57,0.0,299.49,70.04,0.0,0.0,0.0,0.0,3736.4,True,False,none
PR000842,EMP0048,2026-08-15,4873.97,731.1,0.0,302.19,70.67,0.0,0.0,0.0,0.0,3770.01,True,False,none
PR000843,EMP0048,2026-08-31,5203.12,780.47,0.0,322.59,75.45,0.0,0.0,0.0,0.0,4024.61,True,False,none
PR000844,EMP0049,2026-03-31,2300.63,345.09,0.0,142.64,33.36,13.8,62.12,0.0,0.0,1779.54,True,False,none
PR000845,EMP0049,2026-04-15,2376.2,356.43,0.0,147.32,34.45,14.26,64.16,0.0,0.0,1838.0,True,False,none
PR000846,EMP0049,2026-04-30,2279.39,341.91,0.0,141.32,33.05,13.68,61.54,0.0,0.0,1763.11,True,False,none
PR000847,EMP0049,2026-05-15,2257.48,338.62,0.0,139.96,32.73,0.26,55.18,0.0,0.0,1746.17,True,False,none
PR000848,EMP0049,2026-05-31,2292.76,343.91,0.0,142.15,33.25,0.0,0.0,0.0,0.0,1773.45,True,False,none
PR000849,EMP0049,2026-06-15,2280.66,342.1,0.0,141.4,33.07,0.0,0.0,0.0,0.0,1764.09,True,True,wage_base_cap_error
PR000850,EMP0049,2026-06-30,2220.06,333.01,0.0,137.64,32.19,0.0,0.0,0.0,0.0,1717.22,True,False,none
PR000851,EMP0049,2026-07-15,2317.2,347.58,0.0,143.67,33.6,0.0,0.0,0.0,0.0,1792.35,True,False,none
PR000852,EMP0049,2026-07-31,2240.1,336.01,0.0,138.89,32.48,0.0,0.0,0.0,0.0,1732.72,True,False,none
PR000853,EMP0049,2026-08-15,2313.35,347.0,0.0,143.43,33.54,0.0,0.0,0.0,0.0,1789.38,True,False,none
PR000854,EMP0049,2026-08-31,2318.91,347.84,0.0,143.77,33.62,0.0,0.0,0.0,0.0,1793.68,True,False,none
PR000855,EMP0050,2026-03-29,616.19,92.43,24.65,38.2,8.93,3.7,16.64,0.0,0.0,451.98,True,False,none
PR000856,EMP0050,2026-04-05,611.64,91.75,24.47,37.92,8.87,3.67,16.51,0.0,0.0,448.63,True,False,none
PR000857,EMP0050,2026-04-12,647.75,97.16,25.91,40.16,9.39,3.89,17.49,0.0,0.0,475.13,True,False,none
PR000858,EMP0050,2026-04-19,631.64,94.75,25.27,39.16,9.16,3.79,17.05,0.0,0.0,463.3,True,False,none
PR000859,EMP0050,2026-04-26,611.48,91.72,24.46,37.91,8.87,3.67,16.51,0.0,0.0,448.52,True,False,none
PR000860,EMP0050,2026-05-03,658.5,98.77,26.34,40.83,9.55,3.95,17.78,0.0,0.0,483.01,True,False,none
PR000861,EMP0050,2026-05-10,611.46,91.72,24.46,37.91,8.87,3.67,16.51,0.0,0.0,448.5,True,False,none
PR000862,EMP0050,2026-05-17,643.45,96.52,25.74,39.89,9.33,3.86,17.37,0.0,0.0,471.97,True,False,none
PR000863,EMP0050,2026-05-24,657.93,98.69,26.32,40.79,9.54,3.95,17.76,0.0,0.0,482.59,True,False,none
PR000864,EMP0050,2026-05-31,620.57,93.09,24.82,38.48,9.0,3.72,16.76,0.0,0.0,455.18,True,False,none
PR000865,EMP0050,2026-06-07,615.7,92.36,24.63,38.17,8.93,3.69,16.62,0.0,0.0,451.61,True,False,none
PR000866,EMP0050,2026-06-14,614.66,92.2,24.59,38.11,8.91,0.44,16.6,0.0,0.0,450.85,True,False,none
PR000867,EMP0050,2026-06-21,623.78,93.57,24.95,38.67,9.04,0.0,16.84,0.0,0.0,457.55,True,False,none
PR000868,EMP0050,2026-06-28,613.63,92.04,24.55,38.05,8.9,0.0,16.57,0.0,0.0,450.09,False,True,late_journal_posting
PR000869,EMP0050,2026-07-05,643.3,96.49,25.73,39.88,9.33,0.0,5.98,0.0,0.0,471.87,True,False,none
PR000870,EMP0050,2026-07-12,611.69,91.75,24.47,37.92,8.87,0.0,0.0,0.0,0.0,448.68,True,False,none
PR000871,EMP0050,2026-07-19,634.13,95.12,25.37,39.32,9.19,0.0,0.0,0.0,0.0,465.13,True,False,none
PR000872,EMP0050,2026-07-26,658.59,98.79,26.34,40.83,9.55,0.0,0.0,0.0,0.0,483.08,True,False,none
PR000873,EMP0050,2026-08-02,649.42,97.41,25.98,40.26,9.42,0.0,0.0,0.0,0.0,476.35,True,False,none
PR000874,EMP0050,2026-08-09,639.44,95.92,25.58,39.65,9.27,0.0,0.0,0.0,0.0,469.02,True,False,none
PR000875,EMP0050,2026-08-16,623.93,93.59,24.96,38.68,9.05,0.0,0.0,0.0,0.0,457.65,True,False,none
PR000876,EMP0050,2026-08-23,639.88,95.98,25.6,39.67,9.28,0.0,0.0,0.0,0.0,469.35,True,False,none
PR000877,EMP0050,2026-08-30,635.02,95.25,25.4,39.37,9.21,0.0,0.0,0.0,0.0,465.79,True,False,none
PR000878,EMP0050,2026-09-06,629.95,94.49,25.2,39.06,9.13,0.0,0.0,0.0,0.0,462.07,True,False,none
PR000879,EMP0050,2026-09-13,615.12,92.27,24.6,38.14,8.92,0.0,0.0,0.0,0.0,451.19,True,False,none
PR000880,EMP0051,2026-04-05,4970.32,745.55,248.52,308.16,72.07,29.82,134.2,452.3,0.0,3143.72,True,False,none
PR000881,EMP0051,2026-04-19,4803.46,720.52,240.17,297.81,69.65,12.18,108.8,437.11,0.0,3038.2,True,False,none
PR000882,EMP0051,2026-05-03,4705.99,705.9,235.3,291.77,68.24,0.0,0.0,428.25,0.0,2976.53,True,False,none
PR000883,EMP0051,2026-05-17,4772.12,715.82,238.61,295.87,69.2,0.0,0.0,434.26,0.0,3018.36,True,False,none
PR000884,EMP0051,2026-05-31,4789.84,718.48,239.49,296.97,69.45,0.0,0.0,435.88,0.0,3029.57,True,False,none
PR000885,EMP0051,2026-06-14,4947.76,742.16,247.39,306.76,71.74,0.0,0.0,450.25,0.0,3129.46,True,False,none
PR000886,EMP0051,2026-06-28,4911.88,736.78,245.59,304.54,71.22,0.0,0.0,446.98,0.0,3106.77,True,False,none
PR000887,EMP0051,2026-07-12,4925.51,738.83,246.28,305.38,71.42,0.0,0.0,448.22,0.0,3115.38,True,False,none
PR000888,EMP0051,2026-07-26,4635.86,695.38,231.79,287.42,67.22,0.0,0.0,421.86,0.0,2932.19,True,False,none
PR000889,EMP0051,2026-08-09,4790.61,718.59,239.53,297.02,69.46,0.0,0.0,435.95,0.0,3030.06,True,False,none
PR000890,EMP0051,2026-08-23,4815.51,722.33,240.78,298.56,69.82,0.0,0.0,438.21,876.42,3045.81,True,True,duplicate_deduction
PR000891,EMP0051,2026-09-06,4638.97,695.85,231.95,287.62,67.27,0.0,0.0,422.15,0.0,2934.13,True,False,none
PR000892,EMP0052,2026-03-29,2179.3,326.9,0.0,135.12,31.6,13.08,58.84,211.39,0.0,1474.29,True,False,none
PR000893,EMP0052,2026-04-05,2267.37,340.11,0.0,253.04,32.88,13.6,61.22,219.93,0.0,1533.87,True,True,tax_miscalculation
PR000894,EMP0052,2026-04-12,2157.71,323.66,0.0,133.78,31.29,12.95,58.26,209.3,0.0,1459.68,True,False,none
PR000895,EMP0052,2026-04-19,2227.78,334.17,0.0,138.12,32.3,2.37,60.15,216.09,0.0,1507.1,True,False,none
PR000896,EMP0052,2026-04-26,2171.45,325.72,0.0,134.63,31.49,0.0,4.53,210.63,0.0,1468.98,True,False,none
PR000897,EMP0052,2026-05-03,2135.72,320.36,0.0,132.41,30.97,0.0,0.0,207.16,0.0,1444.82,True,False,none
PR000898,EMP0052,2026-05-10,2176.03,326.4,0.0,134.91,31.55,0.0,0.0,211.07,0.0,1472.1,True,False,none
PR000899,EMP0052,2026-05-17,2305.31,345.8,0.0,142.93,33.43,0.0,0.0,223.62,0.0,1559.53,True,False,none
PR000900,EMP0052,2026-05-24,2274.63,341.19,0.0,141.03,32.98,0.0,0.0,220.64,0.0,1538.79,True,False,none
PR000901,EMP0052,2026-05-31,2302.44,345.37,0.0,142.75,33.39,0.0,0.0,223.34,0.0,1557.59,True,False,none
PR000902,EMP0052,2026-06-07,2219.43,332.91,0.0,137.6,32.18,0.0,0.0,215.28,0.0,1501.46,True,False,none
PR000903,EMP0052,2026-06-14,2152.9,322.94,0.0,133.48,31.22,0.0,0.0,208.83,0.0,1456.43,True,False,none
PR000904,EMP0052,2026-06-21,2230.01,334.5,0.0,138.26,32.34,0.0,0.0,216.31,0.0,1508.6,True,False,none
PR000905,EMP0052,2026-06-28,2213.54,332.03,0.0,137.24,32.1,0.0,0.0,214.71,0.0,1497.46,True,False,none
PR000906,EMP0052,2026-07-05,2282.16,342.32,0.0,141.49,33.09,0.0,0.0,221.37,0.0,1543.89,True,False,none
PR000907,EMP0052,2026-07-12,2150.85,322.63,0.0,133.35,31.19,0.0,0.0,208.63,0.0,1455.05,True,False,none
PR000908,EMP0052,2026-07-19,2219.5,332.93,0.0,137.61,32.18,0.0,0.0,215.29,0.0,1501.49,True,False,none
PR000909,EMP0052,2026-07-26,2159.99,324.0,0.0,133.92,31.32,0.0,0.0,209.52,0.0,1461.23,True,False,none
PR000910,EMP0052,2026-08-02,2190.72,328.61,0.0,135.82,31.77,0.0,0.0,212.5,0.0,1482.02,True,True,tax_miscalculation
PR000911,EMP0052,2026-08-09,2263.34,339.5,0.0,140.33,32.82,0.0,0.0,219.54,0.0,1531.15,True,False,none
PR000912,EMP0052,2026-08-16,2217.35,332.6,0.0,137.48,32.15,0.0,0.0,215.08,0.0,1500.04,True,False,none
PR000913,EMP0052,2026-08-23,2199.73,329.96,0.0,136.38,31.9,0.0,0.0,213.37,0.0,1488.12,True,False,none
PR000914,EMP0052,2026-08-30,2203.0,330.45,0.0,136.59,31.94,0.0,0.0,213.69,0.0,1490.33,True,False,none
PR000915,EMP0052,2026-09-06,2214.43,332.16,0.0,137.29,32.11,0.0,0.0,214.8,0.0,1498.07,True,False,none
PR000916,EMP0052,2026-09-13,2271.72,340.76,0.0,140.85,32.94,0.0,0.0,0.0,0.0,1536.81,True,True,missing_401k
PR000917,EMP0053,2026-03-29,808.4,121.26,32.34,50.12,11.72,4.85,21.83,45.27,0.0,547.69,True,False,none
PR000918,EMP0053,2026-04-05,812.33,121.85,32.49,50.36,11.78,4.87,21.93,45.49,0.0,550.36,True,False,none
PR000919,EMP0053,2026-04-12,801.87,120.28,32.07,49.72,11.63,4.81,21.65,44.9,0.0,543.27,True,False,none
PR000920,EMP0053,2026-04-19,772.59,115.89,30.9,47.9,11.2,4.64,20.86,43.27,0.0,523.43,True,False,none
PR000921,EMP0053,2026-04-26,795.74,119.36,31.83,49.34,11.54,4.77,21.48,44.56,0.0,539.11,True,False,none
PR000922,EMP0053,2026-05-03,780.18,117.03,31.21,48.37,11.31,4.68,21.06,43.69,0.0,528.57,True,False,none
PR000923,EMP0053,2026-05-10,768.82,115.32,30.75,47.67,11.15,4.61,20.76,43.05,0.0,520.88,True,False,none
PR000924,EMP0053,2026-05-17,805.22,120.78,32.21,49.92,11.68,4.83,21.74,45.09,0.0,545.54,True,False,none
PR000925,EMP0053,2026-05-24,755.39,113.31,30.22,46.83,10.95,3.93,20.4,42.3,0.0,511.78,True,False,none
PR000926,EMP0053,2026-05-31,809.0,121.35,32.36,50.16,11.73,0.0,21.84,45.3,0.0,548.1,True,False,none
PR000927,EMP0053,2026-06-07,781.66,117.25,31.27,48.46,11.33,0.0,21.1,43.77,0.0,529.58,True,False,none
PR000928,EMP0053,2026-06-14,792.57,118.89,31.7,49.14,11.49,0.0,8.34,44.38,0.0,536.97,True,False,none
PR000929,EMP0053,2026-06-21,793.95,119.09,31.76,49.22,11.51,0.0,0.0,44.46,0.0,537.91,True,False,none
PR000930,EMP0053,2026-06-28,808.59,121.29,32.34,50.13,11.72,0.0,0.0,45.28,0.0,547.83,False,True,late_journal_posting
PR000931,EMP0053,2026-07-05,792.54,118.88,31.7,49.14,11.49,0.0,0.0,44.38,0.0,536.95,True,False,none
PR000932,EMP0053,2026-07-12,791.13,118.67,31.65,49.05,11.47,0.0,0.0,44.3,0.0,535.99,True,False,none
PR000933,EMP0053,2026-07-19,757.14,113.57,30.29,46.94,10.98,0.0,0.0,42.4,0.0,512.96,True,False,none
PR000934,EMP0053,2026-07-26,785.2,117.78,31.41,48.68,11.39,0.0,0.0,43.97,0.0,531.97,True,False,none
PR000935,EMP0053,2026-08-02,762.33,114.35,30.49,47.26,11.05,0.0,0.0,42.69,0.0,516.49,True,False,none
PR000936,EMP0053,2026-08-09,798.8,119.82,31.95,49.53,11.58,0.0,0.0,44.73,0.0,541.19,True,False,none
PR000937,EMP0053,2026-08-16,784.81,117.72,31.39,48.66,11.38,0.0,0.0,43.95,0.0,531.71,True,False,none
PR000938,EMP0053,2026-08-23,795.25,119.29,31.81,49.31,11.53,0.0,0.0,44.53,0.0,538.78,True,False,none
PR000939,EMP0053,2026-08-30,755.59,113.34,30.22,46.85,10.96,0.0,0.0,42.31,0.0,511.91,True,False,none
PR000940,EMP0053,2026-09-06,758.27,113.74,30.33,47.01,10.99,0.0,0.0,42.46,84.92,513.74,True,True,duplicate_deduction
PR000941,EMP0053,2026-09-13,797.49,119.62,31.9,49.44,11.56,0.0,0.0,44.66,0.0,540.31,True,False,none
PR000942,EMP0054,2026-03-31,1833.35,275.0,55.0,113.67,26.58,11.0,49.5,194.34,0.0,1168.76,True,False,none
PR000943,EMP0054,2026-04-15,1833.23,274.98,55.0,113.66,26.58,11.0,49.5,194.32,0.0,1168.69,True,False,none
PR000944,EMP0054,2026-04-30,1824.34,273.65,54.73,113.11,26.45,10.95,49.26,193.38,0.0,1163.02,True,False,none
PR000945,EMP0054,2026-05-15,1966.29,294.94,58.99,121.91,28.51,9.05,53.09,208.43,0.0,1253.51,True,False,none
PR000946,EMP0054,2026-05-31,1933.37,290.01,58.0,119.87,28.03,0.0,41.66,204.94,0.0,1232.52,True,False,none
PR000947,EMP0054,2026-06-15,1875.61,281.34,56.27,116.29,27.2,0.0,0.0,198.81,0.0,1195.7,True,False,none
PR000948,EMP0054,2026-06-30,1867.09,280.06,56.01,115.76,27.07,0.0,0.0,197.91,0.0,1190.28,True,False,none
PR000949,EMP0054,2026-07-15,1875.08,281.26,56.25,116.25,27.19,0.0,0.0,198.76,0.0,1195.37,True,False,none
PR000950,EMP0054,2026-07-31,1938.96,290.84,58.17,120.22,28.11,0.0,0.0,205.53,0.0,1236.09,True,False,none
PR000951,EMP0054,2026-08-15,1921.93,288.29,57.66,119.16,27.87,0.0,0.0,203.72,0.0,1225.23,True,False,none
PR000952,EMP0054,2026-08-31,1850.35,277.55,55.51,114.72,26.83,0.0,0.0,196.14,0.0,1179.6,True,False,none
PR000953,EMP0055,2026-03-29,1938.2,290.73,0.0,120.17,28.1,11.63,52.33,0.0,0.0,1499.2,True,False,none
PR000954,EMP0055,2026-04-05,1926.27,288.94,0.0,119.43,27.93,11.56,52.01,0.0,0.0,1489.97,True,False,none
PR000955,EMP0055,2026-04-12,2014.82,302.22,0.0,124.92,29.21,12.09,54.4,0.0,0.0,1558.47,True,False,none
PR000956,EMP0055,2026-04-19,2031.22,304.68,0.0,125.94,29.45,6.72,54.84,0.0,0.0,1571.15,True,False,none
PR000957,EMP0055,2026-04-26,1952.53,292.88,0.0,121.06,28.31,0.0,29.42,0.0,0.0,1510.28,True,False,none
PR000958,EMP0055,2026-05-03,1914.06,287.11,0.0,118.67,27.75,0.0,0.0,0.0,0.0,1480.53,True,False,none
PR000959,EMP0055,2026-05-10,1923.71,288.56,0.0,119.27,27.89,0.0,0.0,0.0,0.0,1487.99,True,False,none
PR000960,EMP0055,2026-05-17,2063.29,309.49,0.0,127.92,29.92,0.0,0.0,0.0,0.0,1595.96,True,False,none
PR000961,EMP0055,2026-05-24,1957.32,293.6,0.0,121.35,28.38,0.0,0.0,0.0,0.0,1513.99,True,False,none
PR000962,EMP0055,2026-05-31,2031.98,304.8,0.0,125.98,29.46,0.0,0.0,0.0,0.0,1571.74,True,False,none
PR000963,EMP0055,2026-06-07,2009.2,301.38,0.0,124.57,29.13,0.0,0.0,0.0,0.0,1554.12,True,False,none
PR000964,EMP0055,2026-06-14,1970.95,295.64,0.0,122.2,28.58,0.0,0.0,0.0,0.0,1524.53,True,False,none
PR000965,EMP0055,2026-06-21,1943.18,291.48,0.0,120.48,28.18,0.0,0.0,0.0,0.0,1503.04,True,False,none
PR000966,EMP0055,2026-06-28,1929.89,289.48,0.0,119.65,27.98,0.0,0.0,0.0,0.0,1492.78,True,False,none
PR000967,EMP0055,2026-07-05,2007.68,301.15,0.0,124.48,29.11,0.0,0.0,0.0,0.0,1552.94,True,False,none
PR000968,EMP0055,2026-07-12,2032.84,304.93,0.0,126.04,29.48,0.0,0.0,0.0,0.0,1572.39,True,False,none
PR000969,EMP0055,2026-07-19,2012.24,301.84,0.0,124.76,29.18,0.0,0.0,0.0,0.0,1556.46,True,False,none
PR000970,EMP0055,2026-07-26,1994.33,299.15,0.0,123.65,28.92,0.0,0.0,0.0,0.0,1542.61,True,False,none
PR000971,EMP0055,2026-08-02,1917.37,287.61,0.0,118.88,27.8,0.0,0.0,0.0,0.0,1483.08,True,False,none
PR000972,EMP0055,2026-08-09,2063.39,309.51,0.0,127.93,29.92,0.0,0.0,0.0,0.0,1596.03,True,False,none
PR000973,EMP0055,2026-08-16,2036.63,305.49,0.0,126.27,29.53,0.0,0.0,0.0,0.0,1575.34,True,False,none
PR000974,EMP0055,2026-08-23,1956.91,293.54,0.0,121.33,28.38,0.0,0.0,0.0,0.0,1513.66,True,False,none
PR000975,EMP0055,2026-08-30,2065.2,309.78,0.0,128.04,29.95,0.0,0.0,0.0,0.0,1597.43,True,False,none
PR000976,EMP0055,2026-09-06,2005.61,300.84,0.0,124.35,29.08,0.0,0.0,0.0,0.0,1551.34,True,False,none
PR000977,EMP0055,2026-09-13,2002.55,300.38,0.0,124.16,29.04,0.0,0.0,0.0,0.0,1548.97,True,False,none
PR000978,EMP0056,2026-04-05,2748.56,412.28,164.91,170.41,39.85,16.49,74.21,0.0,0.0,1961.11,True,False,none
PR000979,EMP0056,2026-04-19,2762.16,414.32,165.73,171.25,40.05,16.57,74.58,0.0,0.0,1970.81,True,False,none
PR000980,EMP0056,2026-05-03,2729.0,409.35,163.74,169.2,39.57,8.94,73.68,0.0,0.0,1947.14,True,False,none
PR000981,EMP0056,2026-05-17,2616.19,392.43,156.97,162.2,37.93,0.0,20.53,0.0,0.0,1866.66,True,False,none
PR000982,EMP0056,2026-05-31,2661.06,399.16,159.66,164.99,38.59,0.0,0.0,0.0,0.0,1898.66,True,False,none
PR000983,EMP0056,2026-06-14,2786.99,418.05,167.22,172.79,40.41,0.0,0.0,0.0,0.0,1988.52,True,False,none
PR000984,EMP0056,2026-06-28,2636.79,395.52,158.21,163.48,38.23,0.0,0.0,0.0,0.0,1881.35,True,False,none
PR000985,EMP0056,2026-07-12,2668.3,400.25,160.1,165.43,38.69,0.0,0.0,0.0,0.0,1903.83,True,False,none
PR000986,EMP0056,2026-07-26,2681.09,402.16,160.87,166.23,38.88,0.0,0.0,0.0,0.0,1912.95,True,False,none
PR000987,EMP0056,2026-08-09,2682.65,402.4,160.96,166.32,38.9,0.0,0.0,0.0,0.0,1914.07,True,False,none
PR000988,EMP0056,2026-08-23,2719.71,407.96,163.18,168.62,39.44,0.0,0.0,0.0,0.0,1940.51,True,False,none
PR000989,EMP0056,2026-09-06,2790.19,418.53,167.41,172.99,40.46,0.0,0.0,0.0,0.0,1990.8,True,False,none
PR000990,EMP0057,2026-03-31,1615.05,242.26,80.75,100.13,23.42,9.69,43.61,0.0,0.0,1168.49,True,False,none
PR000991,EMP0057,2026-04-15,1599.48,239.92,79.97,99.17,23.19,9.6,43.19,0.0,0.0,1157.23,True,False,none
PR000992,EMP0057,2026-04-30,1609.4,241.41,80.47,99.78,23.34,9.66,43.45,0.0,0.0,1164.4,True,False,none
PR000993,EMP0057,2026-05-15,1699.45,254.92,84.97,105.37,24.64,10.2,45.89,0.0,0.0,1229.55,True,False,none
PR000994,EMP0057,2026-05-31,1667.96,400.3,83.4,103.41,24.19,2.86,45.03,0.0,0.0,1206.77,True,True,tax_miscalculation
PR000995,EMP0057,2026-06-15,1620.95,243.14,81.05,50.25,23.5,0.0,21.83,0.0,0.0,1172.76,True,True,tax_miscalculation
PR000996,EMP0057,2026-06-30,1690.18,253.53,84.51,104.79,24.51,0.0,0.0,0.0,0.0,1222.84,True,False,none
PR000997,EMP0057,2026-07-15,1696.11,254.42,84.81,105.16,24.59,0.0,0.0,0.0,0.0,1227.13,True,False,none
PR000998,EMP0057,2026-07-31,1694.17,254.13,84.71,105.04,24.57,0.0,0.0,0.0,0.0,1225.72,True,False,none
PR000999,EMP0057,2026-08-15,1703.63,255.54,85.18,105.63,24.7,0.0,0.0,0.0,0.0,1232.58,True,False,none
PR001000,EMP0057,2026-08-31,1616.55,242.48,80.83,100.23,23.44,0.0,0.0,0.0,0.0,1169.57,True,False,none
PR001001,EMP0058,2026-03-31,2882.6,432.39,0.0,178.72,41.8,17.3,77.83,0.0,0.0,2229.69,True,False,none
PR001002,EMP0058,2026-04-15,2816.69,422.5,0.0,174.63,40.84,16.9,76.05,0.0,0.0,2178.72,True,False,none
PR001003,EMP0058,2026-04-30,2902.06,435.31,0.0,179.93,42.08,7.8,78.36,0.0,0.0,2244.74,True,False,none
PR001004,EMP0058,2026-05-15,2876.65,431.5,0.0,178.35,41.71,0.0,10.76,0.0,0.0,2225.09,True,False,none
PR001005,EMP0058,2026-05-31,2887.39,433.11,0.0,179.02,41.87,0.0,0.0,0.0,0.0,2233.39,True,False,none
PR001006,EMP0058,2026-06-15,2860.47,429.07,0.0,177.35,41.48,0.0,0.0,0.0,0.0,2212.57,True,False,none
PR001007,EMP0058,2026-06-30,2753.32,413.0,0.0,170.71,39.92,0.0,0.0,0.0,0.0,2129.69,True,False,none
PR001008,EMP0058,2026-07-15,2835.59,425.34,0.0,175.81,41.12,0.0,0.0,0.0,0.0,2193.32,True,False,none
PR001009,EMP0058,2026-07-31,2933.99,440.1,0.0,181.91,42.54,0.0,0.0,0.0,0.0,2269.44,True,False,none
PR001010,EMP0058,2026-08-15,2923.41,438.51,0.0,181.25,42.39,0.0,0.0,0.0,0.0,2261.26,True,False,none
PR001011,EMP0058,2026-08-31,2723.28,408.49,0.0,168.84,39.49,0.0,0.0,0.0,0.0,2106.46,True,False,none
PR001012,EMP0059,2026-03-31,2816.24,422.44,168.97,174.61,40.84,16.9,76.04,261.91,0.0,1747.47,True,False,none
PR001013,EMP0059,2026-04-15,2808.66,421.3,168.52,174.14,40.73,16.85,75.83,261.21,0.0,1742.76,True,False,none
PR001014,EMP0059,2026-04-30,2944.83,441.72,176.69,182.58,42.7,8.25,79.51,273.87,0.0,1827.27,True,False,none
PR001015,EMP0059,2026-05-15,2965.87,444.88,177.95,183.88,43.01,0.0,11.62,275.83,0.0,1840.32,True,False,none
PR001016,EMP0059,2026-05-31,2827.4,424.11,169.64,175.3,41.0,0.0,0.0,262.95,0.0,1754.4,True,False,none
PR001017,EMP0059,2026-06-15,2894.39,434.16,173.66,179.45,41.97,0.0,0.0,269.18,538.36,1795.97,True,True,duplicate_deduction
PR001018,EMP0059,2026-06-30,2971.12,445.67,178.27,184.21,43.08,0.0,0.0,276.31,0.0,1843.58,True,False,none
PR001019,EMP0059,2026-07-15,2946.4,441.96,176.78,182.68,42.72,0.0,0.0,274.02,0.0,1828.24,True,False,none
PR001020,EMP0059,2026-07-31,2902.73,435.41,174.16,179.97,42.09,0.0,0.0,269.95,0.0,1801.15,True,False,none
PR001021,EMP0059,2026-08-15,2913.75,437.06,174.82,180.65,42.25,0.0,0.0,270.98,0.0,1807.99,True,False,none
PR001022,EMP0059,2026-08-31,2894.96,434.24,173.7,179.49,41.98,0.0,0.0,269.23,0.0,1796.32,True,False,none
PR001023,EMP0060,2026-03-31,4308.31,646.25,473.92,267.12,62.47,25.85,116.32,0.0,0.0,3117.05,True,True,tax_miscalculation
PR001024,EMP0060,2026-04-15,4401.07,660.16,220.05,272.87,63.82,16.15,118.83,0.0,0.0,3184.17,True,False,none
PR001025,EMP0060,2026-04-30,4444.03,666.6,222.2,275.53,64.44,0.0,7.85,0.0,0.0,3215.26,True,False,none
PR001026,EMP0060,2026-05-15,4507.99,676.2,225.4,279.5,65.37,0.0,0.0,0.0,0.0,3261.52,True,False,none
PR001027,EMP0060,2026-05-31,4425.79,663.87,221.29,274.4,64.17,0.0,0.0,0.0,0.0,3202.06,True,False,none
PR001028,EMP0060,2026-06-15,4469.08,670.36,223.45,277.08,64.8,0.0,0.0,0.0,0.0,3233.39,True,False,none
PR001029,EMP0060,2026-06-30,4260.63,639.09,213.03,264.16,61.78,0.0,0.0,0.0,0.0,3082.57,True,False,none
PR001030,EMP0060,2026-07-15,4365.19,654.78,218.26,270.64,63.3,0.0,0.0,0.0,0.0,3158.21,True,False,none
PR001031,EMP0060,2026-07-31,4208.35,631.25,210.42,260.92,61.02,0.0,0.0,0.0,0.0,3044.74,True,False,none
PR001032,EMP0060,2026-08-15,4290.66,643.6,214.53,266.02,62.21,0.0,0.0,0.0,0.0,3104.3,True,False,none
PR001033,EMP0060,2026-08-31,4457.06,668.56,222.85,276.34,64.63,0.0,0.0,0.0,0.0,3224.68,True,False,none
PR001034,EMP0061,2026-03-31,5782.55,867.38,346.95,358.52,83.85,34.7,156.13,387.43,0.0,3738.42,True,False,none
PR001035,EMP0061,2026-04-15,5389.03,808.35,323.34,334.12,78.14,7.3,86.87,361.07,0.0,3484.01,True,False,none
PR001036,EMP0061,2026-04-30,5522.31,828.35,331.34,342.38,80.07,0.0,0.0,369.99,0.0,3570.18,True,False,none
PR001037,EMP0061,2026-05-15,5698.02,854.7,341.88,353.28,82.62,0.0,0.0,381.77,0.0,3683.77,True,False,none
PR001038,EMP0061,2026-05-31,5435.26,815.29,326.12,336.99,78.81,0.0,0.0,364.16,0.0,3513.89,True,False,none
PR001039,EMP0061,2026-06-15,5590.02,838.5,335.4,346.58,81.06,0.0,0.0,374.53,0.0,3613.95,True,False,none
PR001040,EMP0061,2026-06-30,5668.48,850.27,340.11,351.45,82.19,0.0,0.0,379.79,0.0,3664.67,True,False,none
PR001041,EMP0061,2026-07-15,5616.87,842.53,337.01,348.25,81.44,0.0,0.0,376.33,0.0,3631.31,True,False,none
PR001042,EMP0061,2026-07-31,5428.2,814.23,325.69,336.55,78.71,0.0,0.0,363.69,0.0,3509.33,True,False,none
PR001043,EMP0061,2026-08-15,5501.98,825.3,726.26,341.12,79.78,0.0,0.0,368.63,0.0,3557.03,True,True,tax_miscalculation
PR001044,EMP0061,2026-08-31,5690.84,853.63,341.45,352.83,82.52,0.0,0.0,381.29,0.0,3679.12,True,False,none
PR001045,EMP0062,2026-03-29,887.82,133.17,53.27,55.04,12.87,5.33,23.97,0.0,0.0,633.47,True,False,none
PR001046,EMP0062,2026-04-05,849.38,127.41,50.96,52.66,12.32,5.1,22.93,0.0,0.0,606.03,True,False,none
PR001047,EMP0062,2026-04-12,902.3,135.34,54.14,55.94,13.08,5.41,24.36,0.0,0.0,643.8,True,False,none
PR001048,EMP0062,2026-04-19,851.49,127.72,51.09,52.79,12.35,5.11,22.99,0.0,0.0,607.54,True,False,none
PR001049,EMP0062,2026-04-26,901.23,135.18,54.07,55.88,13.07,5.41,24.33,0.0,0.0,643.03,True,False,none
PR001050,EMP0062,2026-05-03,863.19,129.48,51.79,53.52,12.52,5.18,23.31,0.0,0.0,615.88,True,False,none
PR001051,EMP0062,2026-05-10,916.1,137.41,54.97,56.8,13.28,5.5,24.73,0.0,0.0,653.64,True,False,none
PR001052,EMP0062,2026-05-17,874.78,131.22,52.49,54.24,12.68,4.97,23.62,0.0,0.0,624.15,True,False,none
PR001053,EMP0062,2026-05-24,871.91,130.79,52.31,54.06,12.64,0.0,23.54,0.0,0.0,622.11,False,True,late_journal_posting
PR001054,EMP0062,2026-05-31,859.44,128.92,51.57,53.29,12.46,0.0,23.2,0.0,0.0,613.2,True,False,none
PR001055,EMP0062,2026-06-07,870.41,130.56,52.22,53.97,12.62,0.0,6.0,0.0,0.0,621.04,True,False,none
PR001056,EMP0062,2026-06-14,910.4,136.56,54.62,56.44,13.2,0.0,0.0,0.0,0.0,649.58,True,False,none
PR001057,EMP0062,2026-06-21,918.78,137.82,55.13,56.96,13.32,0.0,0.0,0.0,0.0,655.55,True,False,none
PR001058,EMP0062,2026-06-28,874.8,131.22,52.49,54.24,12.68,0.0,0.0,0.0,0.0,624.17,True,False,none
PR001059,EMP0062,2026-07-05,880.43,132.06,52.83,54.59,12.77,0.0,0.0,0.0,0.0,628.18,True,False,none
PR001060,EMP0062,2026-07-12,899.57,134.94,53.97,55.77,13.04,0.0,0.0,0.0,0.0,641.85,True,False,none
PR001061,EMP0062,2026-07-19,911.07,136.66,54.66,56.49,13.21,0.0,0.0,0.0,0.0,650.05,True,False,none
PR001062,EMP0062,2026-07-26,890.54,133.58,53.43,55.21,12.91,0.0,0.0,0.0,0.0,635.41,True,False,none
PR001063,EMP0062,2026-08-02,876.43,131.46,52.59,54.34,12.71,0.0,0.0,0.0,0.0,625.33,True,False,none
PR001064,EMP0062,2026-08-09,877.91,131.69,52.67,54.43,12.73,0.0,0.0,0.0,0.0,626.39,True,False,none
PR001065,EMP0062,2026-08-16,897.72,134.66,53.86,55.66,13.02,0.0,0.0,0.0,0.0,640.52,True,False,none
PR001066,EMP0062,2026-08-23,849.24,127.39,50.95,52.65,12.31,0.0,0.0,0.0,0.0,605.94,True,False,none
PR001067,EMP0062,2026-08-30,892.4,133.86,53.54,55.33,12.94,0.0,0.0,0.0,0.0,636.73,True,False,none
PR001068,EMP0062,2026-09-06,873.91,131.09,52.43,54.18,12.67,0.0,0.0,0.0,0.0,623.54,True,False,none
PR001069,EMP0062,2026-09-13,904.63,135.69,54.28,56.09,13.12,0.0,0.0,0.0,0.0,645.45,True,False,none
PR001070,EMP0063,2026-04-05,4232.94,634.94,253.98,262.44,61.38,25.4,114.29,0.0,0.0,3020.2,True,False,none
PR001071,EMP0063,2026-04-19,4404.5,660.67,264.27,273.08,63.87,16.6,118.92,0.0,0.0,3142.61,True,False,none
PR001072,EMP0063,2026-05-03,4367.36,655.1,262.04,270.78,63.33,0.0,9.79,0.0,0.0,3116.11,True,False,none
PR001073,EMP0063,2026-05-17,4423.26,663.49,265.4,274.24,64.14,0.0,0.0,0.0,0.0,3155.99,True,False,none
PR001074,EMP0063,2026-05-31,4223.19,633.48,253.39,261.84,61.24,0.0,0.0,0.0,0.0,3013.24,True,False,none
PR001075,EMP0063,2026-06-14,4401.66,660.25,264.1,272.9,63.82,0.0,0.0,0.0,0.0,3140.59,True,False,none
PR001076,EMP0063,2026-06-28,4395.25,659.29,263.71,272.51,63.73,0.0,0.0,0.0,0.0,3136.01,True,False,none
PR001077,EMP0063,2026-07-12,4394.96,659.24,263.7,272.49,63.73,0.0,0.0,0.0,0.0,3135.8,True,False,none
PR001078,EMP0063,2026-07-26,4409.8,661.47,264.59,273.41,63.94,0.0,0.0,0.0,0.0,3146.39,False,True,late_journal_posting
PR001079,EMP0063,2026-08-09,4435.08,665.26,266.1,274.97,64.31,0.0,0.0,0.0,0.0,3164.44,True,False,none
PR001080,EMP0063,2026-08-23,4479.61,671.94,268.78,277.74,64.95,0.0,0.0,0.0,0.0,3196.2,True,False,none
PR001081,EMP0063,2026-09-06,4294.2,644.13,257.65,266.24,62.27,0.0,0.0,0.0,0.0,3063.91,True,False,none
PR001082,EMP0064,2026-04-05,4700.62,705.09,141.02,291.44,68.16,28.2,126.92,0.0,0.0,3494.91,True,False,none
PR001083,EMP0064,2026-04-19,4582.0,687.3,137.46,284.08,66.44,13.8,116.08,0.0,0.0,3406.72,True,False,none
PR001084,EMP0064,2026-05-03,4429.11,664.37,292.31,274.6,64.22,0.0,0.0,0.0,0.0,3293.05,True,True,tax_miscalculation
PR001085,EMP0064,2026-05-17,4422.39,663.36,132.67,274.19,64.12,0.0,0.0,0.0,0.0,3288.05,True,False,none
PR001086,EMP0064,2026-05-31,4522.46,678.37,135.67,280.39,65.58,0.0,0.0,0.0,0.0,3362.45,True,False,none
PR001087,EMP0064,2026-06-14,4686.04,702.91,140.58,290.53,67.95,0.0,0.0,0.0,0.0,3484.07,True,False,none
PR001088,EMP0064,2026-06-28,4658.01,698.7,139.74,288.8,67.54,0.0,0.0,0.0,0.0,3463.23,True,False,none
PR001089,EMP0064,2026-07-12,4687.39,703.11,140.62,290.62,67.97,0.0,0.0,0.0,0.0,3485.07,True,False,none
PR001090,EMP0064,2026-07-26,4588.9,688.33,137.67,284.51,66.54,0.0,0.0,0.0,0.0,3571.9,True,True,net_pay_mismatch
PR001091,EMP0064,2026-08-09,4454.66,668.2,133.64,276.19,64.59,0.0,0.0,0.0,0.0,3312.04,True,False,none
PR001092,EMP0064,2026-08-23,4520.27,678.04,135.61,280.26,65.54,0.0,0.0,0.0,0.0,3360.82,True,False,none
PR001093,EMP0064,2026-09-06,4558.68,683.8,136.76,282.64,66.1,0.0,0.0,0.0,0.0,3389.38,True,False,none
PR001094,EMP0065,2026-03-29,1793.04,268.96,107.58,111.17,26.0,10.76,48.41,0.0,0.0,1279.33,True,False,none
PR001095,EMP0065,2026-04-05,1812.42,271.86,108.75,112.37,26.28,10.87,48.94,0.0,0.0,1293.16,True,False,none
PR001096,EMP0065,2026-04-12,1867.85,280.18,112.07,115.81,27.08,11.21,50.43,0.0,0.0,1332.71,True,False,none
PR001097,EMP0065,2026-04-19,1888.03,283.2,113.28,117.06,27.38,9.16,50.98,0.0,0.0,1347.11,True,False,none
PR001098,EMP0065,2026-04-26,1926.59,288.99,115.6,119.45,27.94,0.0,44.24,0.0,0.0,1374.61,True,False,none
PR001099,EMP0065,2026-05-03,1917.02,287.55,115.02,118.86,27.8,0.0,0.0,0.0,0.0,1367.79,True,False,none
PR001100,EMP0065,2026-05-10,1874.36,281.15,112.46,116.21,27.18,0.0,0.0,0.0,0.0,1337.36,True,False,none
PR001101,EMP0065,2026-05-17,1841.87,276.28,110.51,114.2,26.71,0.0,0.0,0.0,0.0,1314.17,True,False,none
PR001102,EMP0065,2026-05-24,1873.43,281.01,112.41,116.15,27.16,0.0,0.0,0.0,0.0,1336.7,True,False,none
PR001103,EMP0065,2026-05-31,1895.37,284.31,113.72,117.51,27.48,0.0,0.0,0.0,0.0,1352.35,True,False,none
PR001104,EMP0065,2026-06-07,1797.4,269.61,107.84,111.44,26.06,0.0,0.0,0.0,0.0,1282.45,True,False,none
PR001105,EMP0065,2026-06-14,1840.21,276.03,110.41,114.09,26.68,0.0,0.0,0.0,0.0,1313.0,True,False,none
PR001106,EMP0065,2026-06-21,1903.32,285.5,114.2,118.01,27.6,0.0,0.0,0.0,0.0,1358.01,True,False,none
PR001107,EMP0065,2026-06-28,1836.38,275.46,110.18,113.86,26.63,0.0,0.0,0.0,0.0,1310.25,True,False,none
PR001108,EMP0065,2026-07-05,1863.99,279.6,111.84,115.57,27.03,0.0,0.0,0.0,0.0,1329.95,True,False,none
PR001109,EMP0065,2026-07-12,1866.32,279.95,111.98,115.71,27.06,0.0,0.0,0.0,0.0,1331.62,True,False,none
PR001110,EMP0065,2026-07-19,1807.11,271.07,108.43,112.04,26.2,0.0,0.0,0.0,0.0,1289.37,True,False,none
PR001111,EMP0065,2026-07-26,1833.21,274.98,109.99,113.66,26.58,0.0,0.0,0.0,0.0,1308.0,True,False,none
PR001112,EMP0065,2026-08-02,1829.14,274.37,109.75,113.41,26.52,0.0,0.0,0.0,0.0,1305.09,True,False,none
PR001113,EMP0065,2026-08-09,1783.88,267.58,107.03,110.6,25.87,0.0,0.0,0.0,0.0,1272.8,True,False,none
PR001114,EMP0065,2026-08-16,1783.58,267.54,107.01,110.58,25.86,0.0,0.0,0.0,0.0,1272.59,True,False,none
PR001115,EMP0065,2026-08-23,1902.13,285.32,114.13,117.93,27.58,0.0,0.0,0.0,0.0,1357.17,True,False,none
PR001116,EMP0065,2026-08-30,1820.12,273.02,109.21,112.85,26.39,0.0,0.0,0.0,0.0,1298.65,False,True,late_journal_posting
PR001117,EMP0065,2026-09-06,1856.09,278.41,111.37,115.08,26.91,0.0,0.0,0.0,0.0,1324.32,True,False,none
PR001118,EMP0065,2026-09-13,1823.89,273.58,109.43,113.08,26.45,0.0,0.0,0.0,0.0,1301.35,True,False,none
PR001119,EMP0066,2026-03-31,5187.91,778.19,259.4,321.65,75.22,31.13,140.07,357.97,0.0,3395.48,True,True,wage_base_cap_error
PR001120,EMP0066,2026-04-15,4917.36,737.6,245.87,304.88,71.3,10.87,102.93,339.3,0.0,3218.41,True,False,none
PR001121,EMP0066,2026-04-30,4985.01,747.75,249.25,309.07,72.28,0.0,0.0,343.97,0.0,3262.69,True,False,none
PR001122,EMP0066,2026-05-15,5160.93,774.14,258.05,319.98,74.83,0.0,0.0,356.1,0.0,3377.83,True,False,none
PR001123,EMP0066,2026-05-31,5148.71,772.31,257.44,319.22,74.66,0.0,0.0,355.26,0.0,3369.82,True,False,none
PR001124,EMP0066,2026-06-15,4888.3,733.25,244.42,303.07,70.88,0.0,0.0,337.29,0.0,3199.39,True,False,none
PR001125,EMP0066,2026-06-30,5133.11,769.97,256.66,318.25,74.43,0.0,0.0,354.18,0.0,3359.62,True,False,none
PR001126,EMP0066,2026-07-15,4996.33,749.45,249.82,309.77,72.45,0.0,0.0,344.75,0.0,3270.09,True,False,none
PR001127,EMP0066,2026-07-31,5006.17,750.93,250.31,310.38,72.59,0.0,0.0,345.43,0.0,3276.53,True,False,none
PR001128,EMP0066,2026-08-15,4867.4,730.11,243.37,301.78,70.58,0.0,0.0,335.85,0.0,3185.71,True,False,none
PR001129,EMP0066,2026-08-31,4846.41,726.96,242.32,300.48,70.27,0.0,0.0,334.4,0.0,3171.98,True,False,none
PR001130,EMP0067,2026-04-05,3601.54,540.23,0.0,223.3,52.22,21.61,97.24,226.9,0.0,2558.89,False,True,late_journal_posting
PR001131,EMP0067,2026-04-19,3536.68,530.5,0.0,219.27,51.28,20.39,95.49,222.81,0.0,2512.82,True,False,none
PR001132,EMP0067,2026-05-03,3519.98,528.0,0.0,218.24,51.04,0.0,50.27,221.76,0.0,2500.94,True,False,none
PR001133,EMP0067,2026-05-17,3601.98,540.3,0.0,223.32,52.23,0.0,0.0,226.92,0.0,2559.21,True,False,none
PR001134,EMP0067,2026-05-31,3612.07,541.81,0.0,223.95,52.38,0.0,0.0,227.56,0.0,2566.37,True,False,none
PR001135,EMP0067,2026-06-14,3442.1,516.31,0.0,213.41,49.91,0.0,0.0,216.85,0.0,2445.62,True,False,none
PR001136,EMP0067,2026-06-28,3568.56,535.28,0.0,221.25,51.74,0.0,0.0,224.82,0.0,2535.47,True,False,none
PR001137,EMP0067,2026-07-12,3435.49,515.32,0.0,213.0,49.81,0.0,0.0,216.44,0.0,2440.92,True,False,none
PR001138,EMP0067,2026-07-26,3608.11,541.22,0.0,223.7,52.32,0.0,0.0,227.31,0.0,2563.56,True,False,none
PR001139,EMP0067,2026-08-09,3581.65,537.25,0.0,222.06,51.93,0.0,0.0,225.64,0.0,2544.77,True,False,none
PR001140,EMP0067,2026-08-23,3665.62,549.84,0.0,227.27,53.15,0.0,0.0,230.93,0.0,2604.43,True,False,none
PR001141,EMP0067,2026-09-06,3416.89,512.53,0.0,211.85,49.54,0.0,0.0,215.26,0.0,2427.71,True,False,none
PR001142,EMP0068,2026-04-05,1307.13,196.07,65.36,81.04,18.95,7.84,35.29,40.52,0.0,905.19,True,False,none
PR001143,EMP0068,2026-04-19,1331.29,199.69,66.56,82.54,19.3,7.99,35.94,41.27,0.0,921.93,True,False,none
PR001144,EMP0068,2026-05-03,1329.09,199.36,66.45,82.4,19.27,7.97,35.89,41.2,0.0,920.41,True,False,none
PR001145,EMP0068,2026-05-17,1327.51,199.13,66.38,82.31,19.25,7.97,35.84,41.15,0.0,919.29,True,False,none
PR001146,EMP0068,2026-05-31,1398.25,209.74,69.91,86.69,20.27,8.39,37.75,43.35,0.0,968.29,True,False,none
PR001147,EMP0068,2026-06-14,1327.78,199.17,66.39,82.32,19.25,1.84,35.85,41.16,0.0,919.49,True,False,none
PR001148,EMP0068,2026-06-28,1330.19,199.53,66.51,82.47,19.29,0.0,26.43,41.24,0.0,921.15,True,False,none
PR001149,EMP0068,2026-07-12,1382.49,207.37,69.12,85.71,20.05,0.0,0.0,42.86,0.0,957.38,True,False,none
PR001150,EMP0068,2026-07-26,1349.26,202.39,67.46,83.65,19.56,0.0,0.0,41.83,0.0,934.37,True,False,none
PR001151,EMP0068,2026-08-09,1384.35,207.65,69.22,85.83,20.07,0.0,0.0,42.91,0.0,958.67,True,False,none
PR001152,EMP0068,2026-08-23,1308.02,196.2,65.4,81.1,18.97,0.0,0.0,40.55,0.0,905.8,True,False,none
PR001153,EMP0068,2026-09-06,1353.32,203.0,67.67,83.91,19.62,0.0,0.0,41.95,0.0,937.17,True,False,none
PR001154,EMP0069,2026-04-05,1330.02,199.5,66.5,82.46,19.29,7.98,35.91,111.72,0.0,850.55,True,False,none
PR001155,EMP0069,2026-04-19,1333.2,199.98,66.66,82.66,19.33,8.0,36.0,111.99,0.0,852.58,True,False,none
PR001156,EMP0069,2026-05-03,1425.5,213.82,71.28,88.38,20.67,8.55,38.49,119.74,0.0,911.61,True,False,none
PR001157,EMP0069,2026-05-17,1341.58,201.24,67.08,83.18,19.45,8.05,36.22,112.69,0.0,857.94,True,False,none
PR001158,EMP0069,2026-05-31,1384.59,207.69,69.23,85.84,20.08,8.31,37.38,116.31,0.0,885.44,True,False,none
PR001159,EMP0069,2026-06-14,1371.31,205.7,68.57,85.02,19.88,1.11,37.03,115.19,0.0,876.95,True,False,none
PR001160,EMP0069,2026-06-28,1364.34,204.65,68.22,84.59,19.78,0.0,21.97,114.6,0.0,872.5,True,False,none
PR001161,EMP0069,2026-07-12,1424.78,213.72,71.24,88.34,20.66,0.0,0.0,119.68,0.0,911.14,True,False,none
PR001162,EMP0069,2026-07-26,1328.73,199.31,66.44,82.38,19.27,0.0,0.0,111.61,0.0,1065.67,True,True,net_pay_mismatch
PR001163,EMP0069,2026-08-09,1431.73,214.76,71.59,88.77,20.76,0.0,0.0,120.27,0.0,915.58,True,False,none
PR001164,EMP0069,2026-08-23,1387.62,208.14,69.38,86.03,20.12,0.0,0.0,116.56,0.0,887.39,True,False,none
PR001165,EMP0069,2026-09-06,1428.82,214.32,71.44,88.59,20.72,0.0,0.0,120.02,0.0,913.73,True,False,none
PR001166,EMP0070,2026-04-05,2529.96,379.49,75.9,156.86,36.68,15.18,68.31,0.0,0.0,1881.03,True,False,none
PR001167,EMP0070,2026-04-19,2606.11,390.92,78.18,161.58,37.79,15.64,70.36,0.0,0.0,1937.64,True,False,none
PR001168,EMP0070,2026-05-03,2573.15,385.97,77.19,159.54,37.31,11.18,69.48,0.0,0.0,1913.14,True,False,none
PR001169,EMP0070,2026-05-17,2670.93,400.64,80.13,165.6,38.73,0.0,34.85,0.0,0.0,1985.83,True,False,none
PR001170,EMP0070,2026-05-31,2722.97,408.45,81.69,168.82,39.48,0.0,0.0,0.0,0.0,2024.53,True,False,none
PR001171,EMP0070,2026-06-14,2572.4,385.86,77.17,159.49,37.3,0.0,0.0,0.0,0.0,1912.58,True,False,none
PR001172,EMP0070,2026-06-28,2655.01,398.25,79.65,164.61,38.5,0.0,0.0,0.0,0.0,1974.0,True,False,none
PR001173,EMP0070,2026-07-12,2560.26,384.04,76.81,158.74,37.12,0.0,0.0,0.0,0.0,1903.55,True,False,none
PR001174,EMP0070,2026-07-26,2636.55,395.48,79.1,163.47,38.23,0.0,0.0,0.0,0.0,1960.27,True,False,none
PR001175,EMP0070,2026-08-09,2615.49,392.32,78.46,162.16,37.92,0.0,0.0,0.0,0.0,1944.63,True,False,none
PR001176,EMP0070,2026-08-23,2721.04,408.16,81.63,168.7,39.46,0.0,0.0,0.0,0.0,2023.09,True,False,none
PR001177,EMP0070,2026-09-06,2645.53,396.83,79.37,164.02,38.36,0.0,0.0,0.0,0.0,1966.95,True,False,none
PR001178,EMP0071,2026-03-29,1717.04,257.56,85.85,106.46,24.9,10.3,46.36,0.0,0.0,1242.27,True,False,none
PR001179,EMP0071,2026-04-05,1684.64,252.7,84.23,104.45,24.43,10.11,45.49,0.0,0.0,1218.83,True,False,none
PR001180,EMP0071,2026-04-12,1689.75,253.46,84.49,104.76,24.5,10.14,45.62,0.0,0.0,1222.54,True,False,none
PR001181,EMP0071,2026-04-19,1699.94,254.99,85.0,105.4,24.65,10.2,45.9,0.0,0.0,1229.9,True,False,none
PR001182,EMP0071,2026-04-26,1703.48,255.52,85.17,105.62,24.7,1.25,45.99,0.0,0.0,1232.47,True,False,none
PR001183,EMP0071,2026-05-03,1786.01,267.9,89.3,110.73,25.9,0.0,13.64,0.0,0.0,1292.18,True,False,none
PR001184,EMP0071,2026-05-10,1746.18,261.93,87.31,108.26,25.32,0.0,0.0,0.0,0.0,1263.36,True,False,none
PR001185,EMP0071,2026-05-17,1740.97,261.15,87.05,107.94,25.24,0.0,0.0,0.0,0.0,1259.59,True,False,none
PR001186,EMP0071,2026-05-24,1684.73,252.71,84.24,104.45,24.43,0.0,0.0,0.0,0.0,1218.9,True,False,none
PR001187,EMP0071,2026-05-31,1787.32,268.1,89.37,110.81,25.92,0.0,0.0,0.0,0.0,1293.12,True,False,none
PR001188,EMP0071,2026-06-07,1768.42,265.26,88.42,109.64,25.64,0.0,0.0,0.0,0.0,1279.46,True,False,none
PR001189,EMP0071,2026-06-14,1678.25,251.74,83.91,104.05,24.33,0.0,0.0,0.0,0.0,1214.22,True,False,none
PR001190,EMP0071,2026-06-21,1766.36,264.95,88.32,109.51,25.61,0.0,0.0,0.0,0.0,1277.97,True,False,none
PR001191,EMP0071,2026-06-28,1743.75,261.56,87.19,108.11,25.28,0.0,0.0,0.0,0.0,1261.61,True,False,none
PR001192,EMP0071,2026-07-05,1680.18,252.03,84.01,104.17,24.36,0.0,0.0,0.0,0.0,1215.61,True,False,none
PR001193,EMP0071,2026-07-12,1732.01,259.8,86.6,107.38,25.11,0.0,0.0,0.0,0.0,1253.12,True,False,none
PR001194,EMP0071,2026-07-19,1735.65,260.35,86.78,107.61,25.17,0.0,0.0,0.0,0.0,1255.74,True,False,none
PR001195,EMP0071,2026-07-26,1691.75,253.76,84.59,104.89,24.53,0.0,0.0,0.0,0.0,1223.98,True,False,none
PR001196,EMP0071,2026-08-02,1799.1,269.86,89.95,111.54,26.09,0.0,0.0,0.0,0.0,1301.66,True,False,none
PR001197,EMP0071,2026-08-09,1785.93,267.89,89.3,110.73,25.9,0.0,0.0,0.0,0.0,1292.11,True,False,none
PR001198,EMP0071,2026-08-16,1761.02,264.15,88.05,109.18,25.53,0.0,0.0,0.0,0.0,1274.11,True,False,none
PR001199,EMP0071,2026-08-23,1732.56,259.88,86.63,107.42,25.12,0.0,0.0,0.0,0.0,1253.51,True,False,none
PR001200,EMP0071,2026-08-30,1725.61,258.84,86.28,106.99,25.02,0.0,0.0,0.0,0.0,1248.48,True,False,none
PR001201,EMP0071,2026-09-06,1758.53,263.78,87.93,109.03,25.5,0.0,0.0,0.0,0.0,1272.29,True,False,none
PR001202,EMP0071,2026-09-13,1744.01,261.6,87.2,108.13,25.29,0.0,0.0,0.0,0.0,1261.79,True,False,none
PR001203,EMP0072,2026-03-31,5466.2,819.93,218.65,338.9,79.26,32.8,147.59,245.98,0.0,3763.48,True,False,none
PR001204,EMP0072,2026-04-15,5668.13,850.22,226.73,351.42,82.19,9.2,95.41,0.0,0.0,3902.5,True,True,missing_401k
PR001205,EMP0072,2026-04-30,5799.95,869.99,232.0,359.6,84.1,0.0,0.0,261.0,0.0,3993.26,True,False,none
PR001206,EMP0072,2026-05-15,5644.24,846.64,225.77,349.94,81.84,0.0,0.0,253.99,0.0,3886.06,True,False,none
PR001207,EMP0072,2026-05-31,5461.57,819.24,218.46,338.62,79.19,0.0,0.0,245.77,0.0,3760.29,True,False,none
PR001208,EMP0072,2026-06-15,5790.92,868.64,231.64,359.04,83.97,0.0,0.0,260.59,0.0,3987.04,True,False,none
PR001209,EMP0072,2026-06-30,5528.58,829.29,221.14,342.77,80.16,0.0,0.0,248.79,0.0,3806.43,True,False,none
PR001210,EMP0072,2026-07-15,5554.26,833.14,222.17,344.36,80.54,0.0,0.0,249.94,0.0,3824.11,True,False,none
PR001211,EMP0072,2026-07-31,5512.14,826.82,220.49,341.75,79.93,0.0,0.0,248.05,0.0,3795.1,True,False,none
PR001212,EMP0072,2026-08-15,5586.37,837.96,223.45,346.35,81.0,0.0,0.0,251.39,0.0,3846.22,True,False,none
PR001213,EMP0072,2026-08-31,5777.68,866.65,231.11,358.22,83.78,0.0,0.0,260.0,0.0,3977.92,True,False,none
PR001214,EMP0073,2026-03-31,3303.27,495.49,165.16,204.8,47.9,19.82,89.19,0.0,0.0,2389.92,True,False,none
PR001215,EMP0073,2026-04-15,3221.11,483.17,161.06,199.71,46.71,19.33,86.97,0.0,0.0,2330.46,True,False,none
PR001216,EMP0073,2026-04-30,3396.91,509.54,169.85,210.61,49.26,2.85,66.84,0.0,0.0,2457.65,True,False,none
PR001217,EMP0073,2026-05-15,3397.37,509.61,169.87,210.64,49.26,0.0,0.0,0.0,0.0,2457.99,True,False,none
PR001218,EMP0073,2026-05-31,3395.02,509.25,169.75,210.49,49.23,0.0,0.0,0.0,0.0,2456.3,True,False,none
PR001219,EMP0073,2026-06-15,3229.97,484.5,161.5,200.26,46.83,0.0,0.0,0.0,0.0,2336.88,True,False,none
PR001220,EMP0073,2026-06-30,3285.47,492.82,164.27,203.7,47.64,0.0,0.0,0.0,0.0,2377.04,True,False,none
PR001221,EMP0073,2026-07-15,3424.91,513.74,171.25,212.34,49.66,0.0,0.0,0.0,0.0,2477.92,True,False,none
PR001222,EMP0073,2026-07-31,3369.27,505.39,168.46,208.89,48.85,0.0,0.0,0.0,0.0,2437.68,True,False,none
PR001223,EMP0073,2026-08-15,3174.68,476.2,158.73,196.83,46.03,0.0,0.0,0.0,0.0,2296.89,True,False,none
PR001224,EMP0073,2026-08-31,3184.62,477.69,159.23,197.45,46.18,0.0,0.0,0.0,0.0,2304.07,True,False,none
PR001225,EMP0074,2026-03-31,4925.52,738.83,147.77,305.38,71.42,29.55,132.99,211.8,0.0,3450.32,True,False,none
PR001226,EMP0074,2026-04-15,5099.74,764.96,152.99,316.18,73.95,12.45,110.01,219.29,0.0,3572.37,True,False,none
PR001227,EMP0074,2026-04-30,4954.77,743.22,148.64,307.2,71.84,0.0,0.0,213.06,0.0,3470.81,True,False,none
PR001228,EMP0074,2026-05-15,4938.77,740.82,148.16,306.2,71.61,0.0,0.0,212.37,0.0,3459.61,True,False,none
PR001229,EMP0074,2026-05-31,4785.27,717.79,143.56,296.69,69.39,0.0,0.0,205.77,0.0,3352.07,True,False,none
PR001230,EMP0074,2026-06-15,5000.97,750.15,150.03,310.06,72.51,0.0,0.0,215.04,0.0,3503.18,True,False,none
PR001231,EMP0074,2026-06-30,5065.65,759.85,151.97,314.07,73.45,0.0,0.0,217.82,0.0,3548.49,True,False,none
PR001232,EMP0074,2026-07-15,4892.84,733.93,146.79,303.36,70.95,0.0,0.0,210.39,0.0,3427.42,True,False,none
PR001233,EMP0074,2026-07-31,5047.46,757.12,333.12,312.94,73.19,0.0,0.0,217.04,0.0,3535.75,True,True,tax_miscalculation
PR001234,EMP0074,2026-08-15,5121.36,768.2,153.64,317.52,74.26,0.0,0.0,220.22,0.0,3587.52,True,False,none
PR001235,EMP0074,2026-08-31,4823.72,723.56,144.71,299.07,69.94,0.0,0.0,207.42,0.0,3379.02,True,False,none
PR001236,EMP0075,2026-03-31,1715.9,257.38,68.64,106.39,24.88,10.3,46.33,84.08,0.0,1174.53,True,False,none
PR001237,EMP0075,2026-04-15,1683.86,252.58,67.35,104.4,24.42,10.1,45.46,82.51,0.0,1152.6,True,False,none
PR001238,EMP0075,2026-04-30,1752.47,262.87,70.1,108.65,25.41,10.51,47.32,85.87,0.0,1199.57,True,False,none
PR001239,EMP0075,2026-05-15,1723.26,258.49,68.93,106.84,24.99,10.34,46.53,84.44,0.0,1179.57,True,False,none
PR001240,EMP0075,2026-05-31,1731.0,259.65,69.24,107.32,25.1,0.75,46.74,84.82,0.0,1184.87,True,False,none
PR001241,EMP0075,2026-06-15,1753.15,262.97,70.13,108.7,25.42,0.0,10.62,85.9,0.0,1200.03,True,False,none
PR001242,EMP0075,2026-06-30,1698.63,254.79,67.95,105.32,24.63,0.0,0.0,83.23,0.0,1162.71,True,False,none
PR001243,EMP0075,2026-07-15,1769.05,265.36,70.76,109.68,25.65,0.0,0.0,86.68,0.0,1210.92,True,False,none
PR001244,EMP0075,2026-07-31,1717.22,257.58,68.69,106.47,24.9,0.0,0.0,84.14,0.0,1175.44,True,False,none
PR001245,EMP0075,2026-08-15,1666.34,249.95,66.65,103.31,24.16,0.0,0.0,81.65,0.0,1140.62,True,False,none
PR001246,EMP0075,2026-08-31,1739.31,260.9,69.57,107.84,25.22,0.0,0.0,85.23,0.0,1190.55,True,False,none
PR001247,EMP0076,2026-03-31,2162.43,324.36,108.12,134.07,31.36,12.97,58.39,0.0,0.0,1564.52,True,False,none
PR001248,EMP0076,2026-04-15,2082.67,312.4,104.13,129.13,30.2,12.5,56.23,0.0,0.0,1506.81,True,False,none
PR001249,EMP0076,2026-04-30,2173.13,325.97,108.66,134.73,31.51,13.04,58.67,0.0,0.0,1572.26,True,False,none
PR001250,EMP0076,2026-05-15,2181.33,327.2,109.07,135.24,31.63,3.49,58.9,0.0,0.0,1578.19,True,False,none
PR001251,EMP0076,2026-05-31,2076.0,311.4,103.8,128.71,30.1,0.0,10.81,0.0,0.0,1501.99,True,False,none
PR001252,EMP0076,2026-06-15,2194.28,329.14,109.71,136.05,31.82,0.0,0.0,0.0,0.0,1587.56,True,False,none
PR001253,EMP0076,2026-06-30,2053.2,307.98,102.66,127.3,29.77,0.0,0.0,0.0,0.0,1485.49,True,False,none
PR001254,EMP0076,2026-07-15,2063.46,309.52,103.17,127.93,29.92,0.0,0.0,0.0,0.0,1492.92,True,False,none
PR001255,EMP0076,2026-07-31,2060.48,309.07,103.02,127.75,29.88,0.0,0.0,0.0,0.0,1490.76,True,False,none
PR001256,EMP0076,2026-08-15,2179.29,326.89,108.96,135.12,31.6,0.0,0.0,0.0,0.0,1576.72,True,False,none
PR001257,EMP0076,2026-08-31,2139.17,320.88,106.96,132.63,31.02,0.0,0.0,0.0,0.0,1547.68,True,False,none
PR001258,EMP0077,2026-03-29,2588.69,388.3,155.32,160.5,37.54,15.53,69.89,261.46,0.0,1585.57,True,False,none
PR001259,EMP0077,2026-04-05,2649.46,397.42,158.97,164.27,38.42,15.9,71.54,267.6,0.0,1622.78,True,False,none
PR001260,EMP0077,2026-04-12,2686.36,402.95,161.18,166.55,38.95,10.57,72.53,271.32,0.0,1645.41,True,False,none
PR001261,EMP0077,2026-04-19,2574.22,386.13,154.45,159.6,37.33,0.0,29.04,260.0,0.0,1576.71,True,False,none
PR001262,EMP0077,2026-04-26,2742.68,411.4,164.56,170.05,39.77,0.0,0.0,277.01,0.0,1679.89,True,False,none
PR001263,EMP0077,2026-05-03,2726.06,408.91,163.56,169.02,39.53,0.0,0.0,275.33,0.0,1669.71,True,False,none
PR001264,EMP0077,2026-05-10,2663.14,399.47,159.79,165.11,38.62,0.0,0.0,268.98,0.0,1631.17,True,False,none
PR001265,EMP0077,2026-05-17,2760.54,414.08,165.63,171.15,40.03,0.0,0.0,0.0,0.0,1690.84,True,True,missing_401k
PR001266,EMP0077,2026-05-24,2644.71,396.71,158.68,163.97,38.35,0.0,0.0,267.12,0.0,1619.88,True,False,none
PR001267,EMP0077,2026-05-31,2764.12,414.62,165.85,171.38,40.08,0.0,0.0,279.18,0.0,1693.01,True,False,none
PR001268,EMP0077,2026-06-07,2697.45,404.62,161.85,167.24,39.11,0.0,0.0,272.44,0.0,1652.19,True,False,none
PR001269,EMP0077,2026-06-14,2690.44,403.57,161.43,166.81,39.01,0.0,0.0,271.73,0.0,1647.89,True,False,none
PR001270,EMP0077,2026-06-21,2591.61,388.74,155.5,160.68,37.58,0.0,0.0,261.75,0.0,1587.36,True,False,none
PR001271,EMP0077,2026-06-28,2742.58,411.39,164.55,170.04,39.77,0.0,0.0,277.0,0.0,1679.83,False,True,late_journal_posting
PR001272,EMP0077,2026-07-05,2646.76,397.01,158.81,164.1,38.38,0.0,0.0,267.32,0.0,1621.14,True,False,none
PR001273,EMP0077,2026-07-12,2590.83,388.62,155.45,160.63,37.57,0.0,0.0,261.67,0.0,1586.89,True,False,none
PR001274,EMP0077,2026-07-19,2559.28,383.89,153.56,158.68,37.11,0.0,0.0,258.49,0.0,1567.55,True,False,none
PR001275,EMP0077,2026-07-26,2674.65,401.2,160.48,165.83,38.78,0.0,0.0,270.14,0.0,1638.22,True,False,none
PR001276,EMP0077,2026-08-02,2667.82,400.17,160.07,165.4,38.68,0.0,0.0,269.45,0.0,1634.05,True,False,none
PR001277,EMP0077,2026-08-09,2708.3,406.25,162.5,167.91,39.27,0.0,0.0,273.54,0.0,1658.83,True,False,none
PR001278,EMP0077,2026-08-16,2744.33,411.65,164.66,170.15,39.79,0.0,0.0,277.18,0.0,1680.9,True,False,none
PR001279,EMP0077,2026-08-23,2573.36,386.0,154.4,159.55,37.31,0.0,0.0,259.91,0.0,1576.19,True,False,none
PR001280,EMP0077,2026-08-30,2710.86,406.63,162.65,168.07,39.31,0.0,0.0,273.8,0.0,1660.4,True,False,none
PR001281,EMP0077,2026-09-06,2596.14,389.42,155.77,160.96,37.64,0.0,0.0,262.21,0.0,1590.14,True,False,none
PR001282,EMP0077,2026-09-13,2737.57,410.64,164.25,169.73,39.69,0.0,0.0,276.49,0.0,1676.77,True,False,none
PR001283,EMP0078,2026-03-31,4468.92,670.34,0.0,277.07,64.8,26.81,120.66,0.0,0.0,3456.71,True,False,none
PR001284,EMP0078,2026-04-15,4372.85,655.93,0.0,271.12,63.41,15.19,118.07,0.0,0.0,3382.39,True,False,none
PR001285,EMP0078,2026-04-30,4431.35,664.7,0.0,274.74,64.25,0.0,4.27,0.0,0.0,3427.66,True,False,none
PR001286,EMP0078,2026-05-15,4294.67,644.2,0.0,266.27,62.27,0.0,0.0,0.0,0.0,3321.93,True,False,none
PR001287,EMP0078,2026-05-31,4348.81,652.32,0.0,269.63,63.06,0.0,0.0,0.0,0.0,3363.8,True,False,none
PR001288,EMP0078,2026-06-15,4469.81,670.47,0.0,277.13,64.81,0.0,0.0,0.0,0.0,3457.4,True,False,none
PR001289,EMP0078,2026-06-30,4344.7,651.7,0.0,269.37,63.0,0.0,0.0,0.0,0.0,3360.63,True,False,none
PR001290,EMP0078,2026-07-15,4309.67,646.45,0.0,267.2,62.49,0.0,0.0,0.0,0.0,3333.53,True,False,none
PR001291,EMP0078,2026-07-31,4356.77,653.52,0.0,270.12,63.17,0.0,0.0,0.0,0.0,3369.96,True,False,none
PR001292,EMP0078,2026-08-15,4472.09,670.81,0.0,277.27,64.85,0.0,0.0,0.0,0.0,3459.16,True,False,none
PR001293,EMP0078,2026-08-31,4301.87,645.28,0.0,266.72,62.38,0.0,0.0,0.0,0.0,3327.49,True,False,none
PR001294,EMP0079,2026-04-05,4937.48,740.62,0.0,306.12,71.59,29.62,133.31,493.75,1944.12,1381.28,True,False,none
PR001295,EMP0079,2026-04-19,5199.32,779.9,0.0,322.36,75.39,12.38,109.69,519.93,1014.54,2487.2,True,False,none
PR001296,EMP0079,2026-05-03,4964.02,744.6,0.0,307.77,71.98,0.0,0.0,496.4,1035.28,2307.99,True,False,none
PR001297,EMP0079,2026-05-17,5007.41,751.11,0.0,310.46,72.61,0.0,0.0,500.74,1545.99,1826.5,True,False,none
PR001298,EMP0079,2026-05-31,5168.35,775.25,0.0,320.44,74.94,0.0,0.0,516.84,1932.83,1548.05,True,False,none
PR001299,EMP0079,2026-06-14,5117.0,767.55,0.0,317.25,74.2,0.0,0.0,511.7,1416.95,2029.35,True,False,none
PR001300,EMP0079,2026-06-28,5205.53,780.83,0.0,322.74,75.48,0.0,0.0,520.55,1642.56,1863.37,True,False,none
PR001301,EMP0079,2026-07-12,5260.8,789.12,0.0,326.17,76.28,0.0,0.0,526.08,1938.34,1604.81,True,False,none
PR001302,EMP0079,2026-07-26,4918.41,737.76,0.0,304.94,71.32,0.0,0.0,491.84,1879.35,1433.2,True,False,none
PR001303,EMP0079,2026-08-09,4998.24,749.74,0.0,309.89,72.47,0.0,0.0,499.82,1926.33,1439.99,True,False,none
PR001304,EMP0079,2026-08-23,4895.68,734.35,0.0,303.53,70.99,0.0,0.0,489.57,1073.37,2223.87,True,False,none
PR001305,EMP0079,2026-09-06,5211.27,781.69,0.0,323.1,75.56,0.0,0.0,521.13,1231.11,2278.68,True,False,none
PR001306,EMP0080,2026-03-31,2293.52,344.03,0.0,142.2,33.26,13.76,61.93,249.99,0.0,1524.04,True,False,none
PR001307,EMP0080,2026-04-15,2194.83,329.22,0.0,136.08,31.83,13.17,59.26,239.24,0.0,1458.46,True,False,none
PR001308,EMP0080,2026-04-30,2259.17,338.88,0.0,140.07,32.76,13.56,61.0,246.25,0.0,1501.21,True,False,none
PR001309,EMP0080,2026-05-15,2268.24,340.24,0.0,140.63,32.89,1.51,60.82,247.24,0.0,1507.24,True,False,none
PR001310,EMP0080,2026-05-31,2236.12,335.42,0.0,138.64,32.42,0.0,0.0,243.74,0.0,1485.9,True,False,none
PR001311,EMP0080,2026-06-15,2199.44,329.92,0.0,68.19,31.89,0.0,0.0,239.74,0.0,1461.52,True,True,tax_miscalculation
PR001312,EMP0080,2026-06-30,2183.04,327.46,0.0,135.35,31.65,0.0,0.0,237.95,0.0,1450.63,True,False,none
PR001313,EMP0080,2026-07-15,2151.29,322.69,0.0,133.38,31.19,0.0,0.0,234.49,0.0,1429.54,True,False,none
PR001314,EMP0080,2026-07-31,2199.2,329.88,0.0,136.35,31.89,0.0,0.0,239.71,0.0,1461.37,True,False,none
PR001315,EMP0080,2026-08-15,2260.99,339.15,0.0,140.18,32.78,0.0,0.0,246.45,0.0,1217.85,True,True,net_pay_mismatch
PR001316,EMP0080,2026-08-31,2299.57,344.94,0.0,142.57,33.34,0.0,0.0,250.65,0.0,1528.07,True,True,tax_miscalculation
PR001317,EMP0081,2026-04-05,3686.67,553.0,0.0,228.57,53.46,22.12,99.54,0.0,0.0,2851.64,True,False,none
PR001318,EMP0081,2026-04-19,3693.07,553.96,0.0,228.97,53.55,19.88,99.71,0.0,0.0,2856.59,True,False,none
PR001319,EMP0081,2026-05-03,3657.77,548.67,0.0,226.78,53.04,0.0,43.75,0.0,0.0,2829.28,True,False,none
PR001320,EMP0081,2026-05-17,3542.03,531.3,0.0,219.61,51.36,0.0,0.0,0.0,0.0,2739.76,True,False,none
PR001321,EMP0081,2026-05-31,3727.03,559.05,0.0,231.08,54.04,0.0,0.0,0.0,0.0,2882.86,True,False,none
PR001322,EMP0081,2026-06-14,3659.41,548.91,0.0,226.88,53.06,0.0,0.0,0.0,0.0,2830.56,True,False,none
PR001323,EMP0081,2026-06-28,3627.87,544.18,0.0,224.93,52.6,0.0,0.0,0.0,0.0,2806.16,True,False,none
PR001324,EMP0081,2026-07-12,3499.33,524.9,0.0,216.96,50.74,0.0,0.0,0.0,0.0,2706.73,True,False,none
PR001325,EMP0081,2026-07-26,3595.44,539.32,0.0,222.92,52.13,0.0,0.0,0.0,0.0,2781.07,True,False,none
PR001326,EMP0081,2026-08-09,3599.24,539.89,0.0,223.15,52.19,0.0,0.0,0.0,0.0,2784.01,True,False,none
PR001327,EMP0081,2026-08-23,3714.84,557.23,0.0,230.32,53.87,0.0,0.0,0.0,0.0,2873.42,True,False,none
PR001328,EMP0081,2026-09-06,3623.92,543.59,0.0,224.68,52.55,0.0,0.0,0.0,0.0,2803.1,True,False,none
PR001329,EMP0082,2026-03-29,2371.04,355.66,0.0,147.0,34.38,14.23,64.02,0.0,0.0,1834.0,True,False,none
PR001330,EMP0082,2026-04-05,2484.12,372.62,0.0,154.02,36.02,14.9,67.07,0.0,0.0,1921.46,True,False,none
PR001331,EMP0082,2026-04-12,2319.91,347.99,0.0,143.83,33.64,12.87,62.64,0.0,0.0,1794.45,True,False,none
PR001332,EMP0082,2026-04-19,2379.03,356.85,0.0,147.5,34.5,0.0,49.27,0.0,0.0,1840.18,True,False,none
PR001333,EMP0082,2026-04-26,2306.88,346.03,0.0,143.03,33.45,0.0,0.0,0.0,0.0,1784.37,True,False,none
PR001334,EMP0082,2026-05-03,2439.2,365.88,0.0,151.23,35.37,0.0,0.0,0.0,0.0,1886.72,True,False,none
PR001335,EMP0082,2026-05-10,2472.98,370.95,0.0,153.32,35.86,0.0,0.0,0.0,0.0,1912.85,True,False,none
PR001336,EMP0082,2026-05-17,2352.01,352.8,0.0,145.82,34.1,0.0,0.0,0.0,0.0,1819.29,True,False,none
PR001337,EMP0082,2026-05-24,2461.66,369.25,0.0,152.62,35.69,0.0,0.0,0.0,0.0,1904.1,True,False,none
PR001338,EMP0082,2026-05-31,2354.32,353.15,0.0,145.97,34.14,0.0,0.0,0.0,0.0,1821.06,True,False,none
PR001339,EMP0082,2026-06-07,2471.6,370.74,0.0,153.24,35.84,0.0,0.0,0.0,0.0,1911.78,True,False,none
PR001340,EMP0082,2026-06-14,2441.87,366.28,0.0,151.4,35.41,0.0,0.0,0.0,0.0,1888.78,True,False,none
PR001341,EMP0082,2026-06-21,2451.53,367.73,0.0,151.99,35.55,0.0,0.0,0.0,0.0,1896.26,True,False,none
PR001342,EMP0082,2026-06-28,2302.33,345.35,0.0,142.74,33.38,0.0,0.0,0.0,0.0,1780.86,True,False,none
PR001343,EMP0082,2026-07-05,2481.46,372.22,0.0,153.85,35.98,0.0,0.0,0.0,0.0,1919.41,True,False,none
PR001344,EMP0082,2026-07-12,2436.69,365.5,0.0,151.07,35.33,0.0,0.0,0.0,0.0,2010.98,True,True,net_pay_mismatch
PR001345,EMP0082,2026-07-19,2456.17,368.43,0.0,152.28,35.61,0.0,0.0,0.0,0.0,1899.85,True,False,none
PR001346,EMP0082,2026-07-26,2352.29,352.84,0.0,145.84,34.11,0.0,0.0,0.0,0.0,1819.5,True,False,none
PR001347,EMP0082,2026-08-02,2464.39,369.66,0.0,152.79,35.73,0.0,0.0,0.0,0.0,1906.21,True,False,none
PR001348,EMP0082,2026-08-09,2320.26,348.04,0.0,143.86,33.64,0.0,0.0,0.0,0.0,1794.72,True,False,none
PR001349,EMP0082,2026-08-16,2432.33,364.85,0.0,150.8,35.27,0.0,0.0,0.0,0.0,1881.41,True,False,none
PR001350,EMP0082,2026-08-23,2401.43,360.21,0.0,148.89,34.82,0.0,0.0,0.0,0.0,1857.51,True,False,none
PR001351,EMP0082,2026-08-30,2317.22,347.58,0.0,143.67,33.6,0.0,0.0,0.0,0.0,1792.37,True,False,none
PR001352,EMP0082,2026-09-06,2344.78,351.72,0.0,145.38,34.0,0.0,0.0,0.0,0.0,1813.68,True,False,none
PR001353,EMP0082,2026-09-13,2301.27,345.19,0.0,142.68,33.37,0.0,0.0,0.0,0.0,1780.03,True,False,none
PR001354,EMP0083,2026-04-05,5163.77,774.57,0.0,320.15,74.87,30.98,139.42,268.52,0.0,3725.66,True,False,none
PR001355,EMP0083,2026-04-19,5095.09,764.26,0.0,315.9,73.88,11.02,103.58,264.94,0.0,3676.11,True,False,none
PR001356,EMP0083,2026-05-03,5216.9,782.53,0.0,323.45,75.65,0.0,0.0,271.28,0.0,3763.99,True,False,none
PR001357,EMP0083,2026-05-17,5093.44,764.02,0.0,315.79,73.85,0.0,0.0,264.86,0.0,3674.92,True,True,wage_base_cap_error
PR001358,EMP0083,2026-05-31,5094.53,764.18,0.0,315.86,73.87,0.0,0.0,264.92,0.0,3675.7,True,False,none
PR001359,EMP0083,2026-06-14,5276.29,791.44,0.0,327.13,76.51,0.0,0.0,274.37,0.0,3806.84,True,False,none
PR001360,EMP0083,2026-06-28,4991.3,748.7,0.0,309.46,72.37,0.0,0.0,259.55,0.0,3601.22,True,False,none
PR001361,EMP0083,2026-07-12,5341.77,801.27,0.0,331.19,77.46,0.0,0.0,277.77,0.0,3854.08,True,False,none
PR001362,EMP0083,2026-07-26,5321.01,798.15,0.0,329.9,77.15,0.0,0.0,276.69,0.0,3839.12,True,False,none
PR001363,EMP0083,2026-08-09,5245.38,786.81,0.0,325.21,76.06,0.0,0.0,272.76,0.0,3784.54,True,False,none
PR001364,EMP0083,2026-08-23,5214.8,782.22,0.0,323.32,75.61,0.0,0.0,271.17,0.0,3762.48,True,False,none
PR001365,EMP0083,2026-09-06,5337.43,800.61,0.0,330.92,77.39,0.0,0.0,277.55,0.0,3850.96,True,False,none
PR001366,EMP0084,2026-03-29,841.57,126.24,42.08,52.18,12.2,5.05,22.72,0.0,0.0,608.87,True,False,none
PR001367,EMP0084,2026-04-05,834.3,125.14,41.72,51.73,12.1,5.01,22.53,0.0,0.0,603.61,True,False,none
PR001368,EMP0084,2026-04-12,845.27,126.79,42.26,52.41,12.26,5.07,22.82,0.0,0.0,611.55,True,False,none
PR001369,EMP0084,2026-04-19,883.22,132.48,44.16,54.76,12.81,5.3,23.85,0.0,0.0,639.01,True,False,none
PR001370,EMP0084,2026-04-26,831.27,124.69,41.56,51.54,12.05,4.99,22.44,0.0,0.0,601.43,True,False,none
PR001371,EMP0084,2026-05-03,868.74,130.31,43.44,53.86,12.6,5.21,23.46,0.0,0.0,628.53,True,False,none
PR001372,EMP0084,2026-05-10,896.95,134.54,44.85,55.61,13.01,5.38,24.22,0.0,0.0,648.94,True,False,none
PR001373,EMP0084,2026-05-17,887.4,133.11,44.37,55.02,12.87,5.32,23.96,0.0,0.0,642.03,True,False,none
PR001374,EMP0084,2026-05-24,864.55,129.68,43.23,53.6,12.54,0.67,23.34,0.0,0.0,625.5,True,False,none
PR001375,EMP0084,2026-05-31,833.25,124.99,41.66,51.66,12.08,0.0,22.5,0.0,0.0,602.86,True,False,none
PR001376,EMP0084,2026-06-07,885.73,132.86,44.29,54.92,12.84,0.0,11.16,0.0,0.0,640.82,True,False,none
PR001377,EMP0084,2026-06-14,869.85,130.48,43.49,53.93,12.61,0.0,0.0,0.0,0.0,629.34,True,False,none
PR001378,EMP0084,2026-06-21,836.76,125.51,41.84,51.88,12.13,0.0,0.0,0.0,0.0,605.4,True,False,none
PR001379,EMP0084,2026-06-28,835.32,125.3,41.77,51.79,12.11,0.0,0.0,0.0,0.0,604.35,True,False,none
PR001380,EMP0084,2026-07-05,891.08,133.66,44.55,55.25,12.92,0.0,0.0,0.0,0.0,644.7,False,True,late_journal_posting
PR001381,EMP0084,2026-07-12,874.65,131.2,43.73,54.23,12.68,0.0,0.0,0.0,0.0,632.81,True,False,none
PR001382,EMP0084,2026-07-19,885.59,132.84,44.28,54.91,12.84,0.0,0.0,0.0,0.0,640.72,True,False,none
PR001383,EMP0084,2026-07-26,888.99,133.35,44.45,55.12,12.89,0.0,0.0,0.0,0.0,643.18,True,False,none
PR001384,EMP0084,2026-08-02,867.99,130.2,43.4,53.82,12.59,0.0,0.0,0.0,0.0,627.98,False,True,late_journal_posting
PR001385,EMP0084,2026-08-09,864.27,129.64,43.21,53.58,12.53,0.0,0.0,0.0,0.0,625.31,True,False,none
PR001386,EMP0084,2026-08-16,858.33,128.75,42.92,53.22,12.45,0.0,0.0,0.0,0.0,620.99,True,False,none
PR001387,EMP0084,2026-08-23,850.57,127.59,42.53,52.74,12.33,0.0,0.0,0.0,0.0,615.38,True,False,none
PR001388,EMP0084,2026-08-30,858.61,128.79,42.93,53.23,12.45,0.0,0.0,0.0,0.0,621.21,True,False,none
PR001389,EMP0084,2026-09-06,881.8,132.27,44.09,54.67,12.79,0.0,0.0,0.0,0.0,637.98,True,False,none
PR001390,EMP0084,2026-09-13,870.05,130.51,43.5,53.94,12.62,0.0,0.0,0.0,0.0,629.48,True,False,none
PR001391,EMP0085,2026-04-05,2313.38,347.01,0.0,143.43,33.54,13.88,62.46,0.0,0.0,1789.4,True,False,none
PR001392,EMP0085,2026-04-19,2233.56,335.03,0.0,138.48,32.39,13.4,60.31,0.0,0.0,1727.66,True,False,none
PR001393,EMP0085,2026-05-03,2262.66,339.4,0.0,140.28,32.81,13.58,61.09,0.0,0.0,1750.17,True,False,none
PR001394,EMP0085,2026-05-17,2266.96,340.04,0.0,140.55,32.87,1.14,59.14,0.0,0.0,1753.5,True,False,none
PR001395,EMP0085,2026-05-31,2259.92,338.99,0.0,140.12,32.77,0.0,0.0,0.0,0.0,1748.04,True,False,none
PR001396,EMP0085,2026-06-14,2279.64,341.95,0.0,141.34,33.05,0.0,0.0,0.0,0.0,1763.3,True,False,none
PR001397,EMP0085,2026-06-28,2196.96,329.54,0.0,136.21,31.86,0.0,0.0,0.0,0.0,1699.35,True,False,none
PR001398,EMP0085,2026-07-12,2245.82,336.87,0.0,139.24,32.56,0.0,0.0,0.0,0.0,1737.15,True,False,none
PR001399,EMP0085,2026-07-26,2173.29,325.99,0.0,134.74,31.51,0.0,0.0,0.0,0.0,1681.05,True,False,none
PR001400,EMP0085,2026-08-09,2223.1,333.46,0.0,137.83,32.23,0.0,0.0,0.0,0.0,1719.58,True,False,none
PR001401,EMP0085,2026-08-23,2241.43,336.21,0.0,138.97,32.5,0.0,0.0,0.0,0.0,1733.75,True,False,none
PR001402,EMP0085,2026-09-06,2270.68,340.6,0.0,140.78,32.92,0.0,0.0,0.0,0.0,1756.38,True,False,none
PR001403,EMP0086,2026-03-29,1614.59,242.19,80.73,100.1,23.41,9.69,43.59,0.0,0.0,1168.16,True,False,none
PR001404,EMP0086,2026-04-05,1571.39,235.71,78.57,97.43,22.79,9.43,42.43,0.0,0.0,1136.89,True,False,none
PR001405,EMP0086,2026-04-12,1589.04,238.36,79.45,98.52,23.04,9.53,42.9,0.0,0.0,1149.67,True,False,none
PR001406,EMP0086,2026-04-19,1559.73,233.96,77.99,96.7,22.62,9.36,42.11,0.0,0.0,1128.46,True,False,none
PR001407,EMP0086,2026-04-26,1575.52,236.33,78.78,97.68,22.85,3.99,42.54,0.0,0.0,1139.88,True,False,none
PR001408,EMP0086,2026-05-03,1505.98,225.9,75.3,93.37,21.84,0.0,29.42,0.0,0.0,1089.57,True,False,none
PR001409,EMP0086,2026-05-10,1528.63,229.29,76.43,94.78,22.17,0.0,0.0,0.0,0.0,1105.96,True,False,none
PR001410,EMP0086,2026-05-17,1541.9,231.28,77.1,95.6,22.36,0.0,0.0,0.0,0.0,1115.56,True,False,none
PR001411,EMP0086,2026-05-24,1555.56,233.33,77.78,96.44,22.56,0.0,0.0,0.0,0.0,1125.45,True,False,none
PR001412,EMP0086,2026-05-31,1502.85,225.43,75.14,93.18,21.79,0.0,0.0,0.0,0.0,1087.31,True,False,none
PR001413,EMP0086,2026-06-07,1514.51,227.18,75.73,93.9,21.96,0.0,0.0,0.0,0.0,1095.74,True,False,none
PR001414,EMP0086,2026-06-14,1531.4,229.71,76.57,94.95,22.21,0.0,0.0,0.0,0.0,1107.96,True,False,none
PR001415,EMP0086,2026-06-21,1617.18,242.58,80.86,100.27,23.45,0.0,0.0,0.0,0.0,1170.02,True,False,none
PR001416,EMP0086,2026-06-28,1538.13,230.72,76.91,95.36,22.3,0.0,0.0,0.0,0.0,1112.84,True,False,none
PR001417,EMP0086,2026-07-05,1556.74,233.51,77.84,96.52,22.57,0.0,0.0,0.0,0.0,1126.3,True,False,none
PR001418,EMP0086,2026-07-12,1521.43,228.21,76.07,94.33,22.06,0.0,0.0,0.0,0.0,1100.76,True,False,none
PR001419,EMP0086,2026-07-19,1572.64,235.9,78.63,97.5,22.8,0.0,0.0,0.0,0.0,1137.81,True,True,duplicate_deduction
PR001420,EMP0086,2026-07-26,1531.88,229.78,76.59,94.98,22.21,0.0,0.0,0.0,0.0,1108.32,True,False,none
PR001421,EMP0086,2026-08-02,1522.78,228.42,76.14,47.2,22.08,0.0,0.0,0.0,0.0,1101.73,True,True,tax_miscalculation
PR001422,EMP0086,2026-08-09,1561.0,234.15,78.05,96.78,22.63,0.0,0.0,0.0,0.0,1129.39,True,False,none
PR001423,EMP0086,2026-08-16,1497.9,224.69,74.9,92.87,21.72,0.0,0.0,0.0,0.0,1083.72,True,False,none
PR001424,EMP0086,2026-08-23,1498.16,224.72,74.91,92.89,21.72,0.0,0.0,0.0,0.0,1083.92,True,False,none
PR001425,EMP0086,2026-08-30,1524.27,228.64,76.21,94.5,22.1,0.0,0.0,0.0,0.0,1102.82,True,False,none
PR001426,EMP0086,2026-09-06,1501.75,225.26,75.09,93.11,21.78,0.0,0.0,0.0,0.0,1086.51,True,False,none
PR001427,EMP0086,2026-09-13,1510.56,226.58,75.53,93.65,21.9,0.0,0.0,0.0,0.0,1092.9,True,False,none
PR001428,EMP0087,2026-04-05,4772.15,715.82,286.33,295.87,69.2,28.63,128.85,0.0,0.0,3404.93,True,False,none
PR001429,EMP0087,2026-04-19,4949.7,742.45,296.98,306.88,71.77,13.37,114.15,0.0,0.0,3531.62,True,False,none
PR001430,EMP0087,2026-05-03,4861.43,729.21,291.69,301.41,70.49,0.0,0.0,0.0,0.0,3468.63,True,False,none
PR001431,EMP0087,2026-05-17,4838.7,725.8,290.32,300.0,70.16,0.0,0.0,0.0,0.0,3452.42,True,False,none
PR001432,EMP0087,2026-05-31,4754.78,713.22,285.29,294.8,68.94,0.0,0.0,0.0,0.0,3392.53,True,False,none
PR001433,EMP0087,2026-06-14,4999.16,749.87,299.95,309.95,72.49,0.0,0.0,0.0,0.0,3566.9,True,False,none
PR001434,EMP0087,2026-06-28,4794.42,719.16,287.67,297.25,69.52,0.0,0.0,0.0,0.0,3420.82,True,True,wage_base_cap_error
PR001435,EMP0087,2026-07-12,4675.75,701.36,280.55,289.9,67.8,0.0,0.0,0.0,0.0,3336.14,True,False,none
PR001436,EMP0087,2026-07-26,4878.67,731.8,292.72,302.48,70.74,0.0,0.0,0.0,0.0,3480.93,True,False,none
PR001437,EMP0087,2026-08-09,4685.99,702.9,281.16,290.53,67.95,0.0,0.0,0.0,0.0,3343.45,True,False,none
PR001438,EMP0087,2026-08-23,4774.59,716.19,286.48,296.02,69.23,0.0,0.0,0.0,0.0,3406.67,True,False,none
PR001439,EMP0087,2026-09-06,4836.69,725.5,290.2,299.87,70.13,0.0,0.0,0.0,0.0,3450.99,True,False,none
PR001440,EMP0088,2026-03-31,5601.04,840.16,0.0,347.26,81.22,33.61,151.23,0.0,0.0,4332.4,True,False,none
PR001441,EMP0088,2026-04-15,5437.02,815.55,0.0,337.1,78.84,8.39,91.77,0.0,0.0,4205.53,True,False,none
PR001442,EMP0088,2026-04-30,5526.95,829.04,0.0,342.67,80.14,0.0,0.0,0.0,0.0,3976.9,True,True,net_pay_mismatch
PR001443,EMP0088,2026-05-15,5281.02,792.15,0.0,327.42,76.57,0.0,0.0,0.0,0.0,4084.88,True,False,none
PR001444,EMP0088,2026-05-31,5342.74,801.41,0.0,331.25,77.47,0.0,0.0,0.0,0.0,4132.61,True,False,none
PR001445,EMP0088,2026-06-15,5394.37,809.16,0.0,334.45,78.22,0.0,0.0,0.0,0.0,4172.54,True,False,none
PR001446,EMP0088,2026-06-30,5406.12,810.92,0.0,335.18,78.39,0.0,0.0,0.0,0.0,4181.63,True,False,none
PR001447,EMP0088,2026-07-15,5401.46,810.22,0.0,334.89,78.32,0.0,0.0,0.0,0.0,4178.03,True,False,none
PR001448,EMP0088,2026-07-31,5615.43,842.31,0.0,348.16,81.42,0.0,0.0,0.0,0.0,4343.54,True,False,none
PR001449,EMP0088,2026-08-15,5532.02,829.8,0.0,342.99,80.21,0.0,0.0,0.0,0.0,4279.02,True,False,none
PR001450,EMP0088,2026-08-31,5486.29,822.94,0.0,340.15,79.55,0.0,0.0,0.0,0.0,4243.65,True,False,none
PR001451,EMP0089,2026-03-31,1358.89,203.83,81.53,84.25,19.7,8.15,36.69,0.0,0.0,969.58,True,False,none
PR001452,EMP0089,2026-04-15,1415.11,212.27,84.91,87.74,20.52,8.49,38.21,0.0,0.0,1009.67,True,False,none
PR001453,EMP0089,2026-04-30,1429.46,214.42,85.77,88.63,20.73,8.58,38.6,0.0,0.0,1019.91,True,False,none
PR001454,EMP0089,2026-05-15,1414.83,212.22,84.89,87.72,20.52,8.49,38.2,0.0,0.0,1009.48,False,True,late_journal_posting
PR001455,EMP0089,2026-05-31,1325.26,198.79,79.52,82.17,19.22,7.95,35.78,0.0,0.0,945.56,True,False,none
PR001456,EMP0089,2026-06-15,1394.63,209.19,83.68,86.47,20.22,0.34,37.66,0.0,0.0,995.07,True,False,none
PR001457,EMP0089,2026-06-30,1330.67,199.6,79.84,82.5,19.29,0.0,17.87,0.0,0.0,949.44,True,False,none
PR001458,EMP0089,2026-07-15,1353.24,202.99,81.19,83.9,19.62,0.0,0.0,0.0,0.0,965.54,True,False,none
PR001459,EMP0089,2026-07-31,1331.59,199.74,79.9,82.56,19.31,0.0,0.0,0.0,0.0,950.08,True,False,none
PR001460,EMP0089,2026-08-15,1391.07,208.66,83.46,86.25,20.17,0.0,0.0,0.0,0.0,992.53,True,False,none
PR001461,EMP0089,2026-08-31,1400.12,210.02,84.01,86.81,20.3,0.0,0.0,0.0,0.0,998.98,True,False,none
PR001462,EMP0090,2026-03-31,3660.2,549.03,183.01,226.93,53.07,21.96,98.83,226.93,0.0,2421.23,True,False,none
PR001463,EMP0090,2026-04-15,3740.75,561.11,187.04,231.93,54.24,20.04,101.0,231.93,0.0,2474.5,True,False,none
PR001464,EMP0090,2026-04-30,3762.4,564.36,188.12,233.27,54.55,0.0,43.17,233.27,0.0,2488.83,True,False,none
PR001465,EMP0090,2026-05-15,3736.32,560.45,186.82,231.65,54.18,0.0,0.0,231.65,0.0,2471.57,True,False,none
PR001466,EMP0090,2026-05-31,3662.15,549.32,183.11,227.05,53.1,0.0,0.0,227.05,0.0,2422.52,True,False,none
PR001467,EMP0090,2026-06-15,3751.24,562.69,187.56,232.58,54.39,0.0,0.0,232.58,0.0,2481.44,True,False,none
PR001468,EMP0090,2026-06-30,3850.6,577.59,192.53,238.74,55.83,0.0,0.0,238.74,0.0,2547.17,True,False,none
PR001469,EMP0090,2026-07-15,3647.19,547.08,182.36,226.13,52.88,0.0,0.0,226.13,0.0,2412.61,True,False,none
PR001470,EMP0090,2026-07-31,3649.94,547.49,182.5,226.3,52.92,0.0,0.0,226.3,0.0,2414.43,True,False,none
PR001471,EMP0090,2026-08-15,3732.05,559.81,186.6,231.39,54.11,0.0,0.0,231.39,0.0,2468.75,True,False,none
PR001472,EMP0090,2026-08-31,3907.58,586.14,195.38,242.27,56.66,0.0,0.0,242.27,0.0,2584.86,True,False,none
PR001473,EMP0091,2026-03-29,1123.83,168.57,56.19,69.68,16.3,6.74,30.34,35.96,0.0,777.13,True,False,none
PR001474,EMP0091,2026-04-05,1124.72,168.71,56.24,69.73,16.31,6.75,30.37,35.99,0.0,777.74,True,False,none
PR001475,EMP0091,2026-04-12,1096.89,164.53,54.84,68.01,15.9,6.58,29.62,35.1,0.0,758.51,True,False,none
PR001476,EMP0091,2026-04-19,1117.25,167.59,55.86,69.27,16.2,6.7,30.17,35.75,0.0,772.58,True,False,none
PR001477,EMP0091,2026-04-26,1065.99,159.9,53.3,66.09,15.46,6.4,28.78,34.11,0.0,737.13,True,False,none
PR001478,EMP0091,2026-05-03,1120.98,168.15,56.05,69.5,16.25,6.73,30.27,35.87,0.0,775.16,True,False,none
PR001479,EMP0091,2026-05-10,1145.33,171.8,57.27,71.01,16.61,2.1,30.92,36.65,0.0,791.99,True,False,none
PR001480,EMP0091,2026-05-17,1118.91,167.84,55.95,69.37,16.22,0.0,30.21,35.81,0.0,773.72,True,False,none
PR001481,EMP0091,2026-05-24,1141.85,171.28,57.09,70.79,16.56,0.0,2.32,36.54,0.0,789.59,True,False,none
PR001482,EMP0091,2026-05-31,1128.7,169.31,56.44,69.98,16.37,0.0,0.0,36.12,0.0,780.48,True,False,none
PR001483,EMP0091,2026-06-07,1075.69,161.35,53.78,66.69,15.6,0.0,0.0,34.42,0.0,743.85,True,False,none
PR001484,EMP0091,2026-06-14,1144.38,171.66,57.22,70.95,16.59,0.0,0.0,36.62,0.0,791.34,True,False,none
PR001485,EMP0091,2026-06-21,1070.94,160.64,53.55,66.4,15.53,0.0,0.0,34.27,0.0,740.55,True,False,none
PR001486,EMP0091,2026-06-28,1112.01,166.8,55.6,68.94,16.12,0.0,0.0,35.58,0.0,768.97,True,False,none
PR001487,EMP0091,2026-07-05,1077.59,161.64,53.88,120.26,15.63,0.0,0.0,34.48,0.0,745.15,True,True,tax_miscalculation
PR001488,EMP0091,2026-07-12,1066.13,159.92,53.31,66.1,15.46,0.0,0.0,34.12,0.0,737.22,True,False,none
PR001489,EMP0091,2026-07-19,1102.17,165.33,55.11,68.33,15.98,0.0,0.0,35.27,0.0,762.15,True,False,none
PR001490,EMP0091,2026-07-26,1091.02,163.65,54.55,67.64,15.82,0.0,0.0,34.91,0.0,754.45,True,False,none
PR001491,EMP0091,2026-08-02,1107.79,166.17,55.39,68.68,16.06,0.0,0.0,35.45,0.0,766.04,True,False,none
PR001492,EMP0091,2026-08-09,1115.8,167.37,55.79,69.18,16.18,0.0,0.0,35.71,0.0,771.57,True,False,none
PR001493,EMP0091,2026-08-16,1068.94,160.34,53.45,66.27,15.5,0.0,0.0,34.21,0.0,739.17,True,False,none
PR001494,EMP0091,2026-08-23,1075.91,161.39,53.8,66.71,15.6,0.0,0.0,34.43,0.0,743.98,True,False,none
PR001495,EMP0091,2026-08-30,1114.17,167.13,55.71,69.08,16.16,0.0,0.0,35.65,0.0,770.44,True,False,none
PR001496,EMP0091,2026-09-06,1095.25,164.29,54.76,67.91,15.88,0.0,0.0,35.05,0.0,757.36,True,True,wage_base_cap_error
PR001497,EMP0091,2026-09-13,1129.15,169.37,56.46,70.01,16.37,0.0,0.0,36.13,0.0,780.81,True,False,none
PR001498,EMP0092,2026-03-29,1378.97,206.85,82.74,85.5,20.0,8.27,37.23,157.2,0.0,826.68,True,False,none
PR001499,EMP0092,2026-04-05,1399.84,209.98,83.99,86.79,20.3,8.4,37.8,159.58,0.0,839.2,True,False,none
PR001500,EMP0092,2026-04-12,1383.31,207.5,83.0,85.77,20.06,8.3,37.35,157.7,0.0,829.28,True,False,none
PR001501,EMP0092,2026-04-19,1354.98,203.25,81.3,84.01,19.65,8.13,36.58,154.47,0.0,812.3,True,False,none
PR001502,EMP0092,2026-04-26,1381.21,207.18,82.87,85.64,20.03,8.29,37.29,157.46,0.0,828.03,True,False,none
PR001503,EMP0092,2026-05-03,1338.3,200.74,80.3,82.97,19.41,0.61,36.13,152.57,0.0,802.31,True,False,none
PR001504,EMP0092,2026-05-10,1341.64,201.25,80.5,83.18,19.45,0.0,20.61,152.95,0.0,804.31,True,False,none
PR001505,EMP0092,2026-05-17,1393.73,209.06,83.62,86.41,20.21,0.0,0.0,158.89,0.0,835.54,True,False,none
PR001506,EMP0092,2026-05-24,1356.76,203.51,81.41,84.12,19.67,0.0,0.0,154.67,0.0,813.38,True,False,none
PR001507,EMP0092,2026-05-31,1394.74,209.21,83.68,86.47,20.22,0.0,0.0,159.0,0.0,836.16,True,False,none
PR001508,EMP0092,2026-06-07,1397.34,209.6,83.84,86.64,20.26,0.0,0.0,159.3,0.0,837.7,True,False,none
PR001509,EMP0092,2026-06-14,1401.13,210.17,84.07,86.87,20.32,0.0,0.0,159.73,0.0,839.97,True,False,none
PR001510,EMP0092,2026-06-21,1407.5,211.12,84.45,87.27,20.41,0.0,0.0,160.46,0.0,843.79,True,False,none
PR001511,EMP0092,2026-06-28,1355.09,203.26,81.31,84.02,19.65,0.0,0.0,154.48,0.0,812.37,True,False,none
PR001512,EMP0092,2026-07-05,1342.99,201.45,80.58,83.27,19.47,0.0,0.0,153.1,0.0,805.12,True,False,none
PR001513,EMP0092,2026-07-12,1371.41,205.71,82.28,85.03,19.89,0.0,0.0,156.34,0.0,822.16,True,False,none
PR001514,EMP0092,2026-07-19,1348.64,202.3,80.92,83.62,19.56,0.0,0.0,153.74,0.0,808.5,True,False,none
PR001515,EMP0092,2026-07-26,1373.45,206.02,82.41,85.15,19.92,0.0,0.0,156.57,0.0,823.38,True,False,none
PR001516,EMP0092,2026-08-02,1384.73,207.71,83.08,85.85,20.08,0.0,0.0,157.86,0.0,830.15,True,False,none
PR001517,EMP0092,2026-08-09,1382.87,207.43,82.97,85.74,20.05,0.0,0.0,157.65,0.0,829.03,True,False,none
PR001518,EMP0092,2026-08-16,1349.0,202.35,80.94,83.64,19.56,0.0,0.0,153.79,0.0,808.72,True,False,none
PR001519,EMP0092,2026-08-23,1326.59,198.99,79.6,82.25,19.24,0.0,0.0,151.23,0.0,795.28,True,False,none
PR001520,EMP0092,2026-08-30,1355.04,203.26,81.3,84.01,19.65,0.0,0.0,154.47,0.0,812.35,True,False,none
PR001521,EMP0092,2026-09-06,1323.97,198.6,79.44,82.09,19.2,0.0,0.0,150.93,0.0,793.71,True,False,none
PR001522,EMP0092,2026-09-13,1404.64,210.7,84.28,87.09,20.37,0.0,0.0,160.13,0.0,842.07,True,False,none
PR001523,EMP0093,2026-04-05,2629.32,394.4,0.0,163.02,38.13,15.78,70.99,0.0,0.0,2033.77,True,False,none
PR001524,EMP0093,2026-04-19,2588.96,388.34,0.0,160.52,37.54,15.53,69.9,0.0,0.0,2002.56,True,True,wage_base_cap_error
PR001525,EMP0093,2026-05-03,2561.76,384.26,0.0,158.83,37.15,10.69,69.17,0.0,0.0,1981.52,True,False,none
PR001526,EMP0093,2026-05-17,2692.56,403.88,0.0,166.94,39.04,0.0,32.94,0.0,0.0,2082.7,True,True,duplicate_deduction
PR001527,EMP0093,2026-05-31,2690.68,403.6,0.0,166.82,39.01,0.0,0.0,0.0,0.0,2081.25,True,False,none
PR001528,EMP0093,2026-06-14,2628.21,394.23,0.0,162.95,38.11,0.0,0.0,0.0,0.0,2032.92,True,False,none
PR001529,EMP0093,2026-06-28,2571.51,385.73,0.0,159.43,37.29,0.0,0.0,0.0,0.0,1989.06,True,False,none
PR001530,EMP0093,2026-07-12,2642.76,396.41,0.0,163.85,38.32,0.0,0.0,0.0,0.0,2044.18,True,False,none
PR001531,EMP0093,2026-07-26,2622.01,393.3,0.0,162.56,38.02,0.0,0.0,0.0,0.0,2028.13,True,False,none
PR001532,EMP0093,2026-08-09,2699.16,404.87,0.0,167.35,39.14,0.0,0.0,0.0,0.0,2087.8,True,False,none
PR001533,EMP0093,2026-08-23,2684.12,402.62,0.0,166.42,38.92,0.0,0.0,0.0,0.0,2076.16,True,False,none
PR001534,EMP0093,2026-09-06,2633.26,394.99,0.0,163.26,38.18,0.0,0.0,0.0,0.0,2036.83,True,False,none
PR001535,EMP0094,2026-04-05,3441.71,516.26,0.0,213.39,49.9,20.65,92.93,309.75,0.0,2352.41,True,False,none
PR001536,EMP0094,2026-04-19,3656.45,548.47,0.0,226.7,53.02,21.35,98.72,329.08,0.0,2499.18,True,False,none
PR001537,EMP0094,2026-05-03,3507.54,526.13,0.0,217.47,50.86,0.0,51.35,315.68,0.0,2397.4,True,False,none
PR001538,EMP0094,2026-05-17,3572.87,535.93,0.0,221.52,51.81,0.0,0.0,321.56,0.0,2442.05,True,False,none
PR001539,EMP0094,2026-05-31,3420.14,513.02,0.0,212.05,49.59,0.0,0.0,307.81,0.0,2337.67,True,False,none
PR001540,EMP0094,2026-06-14,3516.35,527.45,0.0,218.01,50.99,0.0,0.0,316.47,0.0,2403.43,True,False,none
PR001541,EMP0094,2026-06-28,3388.63,508.29,0.0,210.1,49.14,0.0,0.0,304.98,0.0,2316.12,True,False,none
PR001542,EMP0094,2026-07-12,3521.89,528.28,0.0,218.36,51.07,0.0,0.0,316.97,0.0,2407.21,True,True,tax_miscalculation
PR001543,EMP0094,2026-07-26,3649.76,547.46,0.0,226.29,52.92,0.0,0.0,328.48,0.0,2494.61,True,False,none
PR001544,EMP0094,2026-08-09,3488.08,523.21,0.0,216.26,50.58,0.0,0.0,313.93,0.0,2384.1,True,False,none
PR001545,EMP0094,2026-08-23,3391.82,508.77,0.0,210.29,49.18,0.0,0.0,305.26,0.0,2318.32,True,False,none
PR001546,EMP0094,2026-09-06,3389.58,508.44,0.0,210.15,49.15,0.0,0.0,305.06,0.0,2316.78,True,False,none
PR001547,EMP0095,2026-04-05,2814.08,422.11,140.7,174.47,40.8,16.88,75.98,0.0,0.0,2036.0,True,False,none
PR001548,EMP0095,2026-04-19,2762.81,414.42,138.14,171.29,40.06,16.58,74.6,0.0,0.0,1998.9,True,False,none
PR001549,EMP0095,2026-05-03,2732.08,409.81,136.6,169.39,39.62,8.54,73.77,0.0,0.0,1976.66,True,False,none
PR001550,EMP0095,2026-05-17,2896.89,695.25,144.84,179.61,42.0,0.0,18.66,0.0,0.0,2095.91,True,True,tax_miscalculation
PR001551,EMP0095,2026-05-31,2829.94,424.49,141.5,175.46,41.03,0.0,0.0,0.0,0.0,2047.46,True,False,none
PR001552,EMP0095,2026-06-14,2791.87,418.78,139.59,173.1,40.48,0.0,0.0,0.0,0.0,2019.92,True,False,none
PR001553,EMP0095,2026-06-28,2929.25,439.39,146.46,181.61,42.47,0.0,0.0,0.0,0.0,2119.32,True,False,none
PR001554,EMP0095,2026-07-12,2752.94,412.94,137.65,170.68,39.92,0.0,0.0,0.0,0.0,1991.75,True,False,none
PR001555,EMP0095,2026-07-26,2941.8,441.27,147.09,182.39,42.66,0.0,0.0,0.0,0.0,2128.39,True,False,none
PR001556,EMP0095,2026-08-09,2797.43,419.61,139.87,173.44,40.56,0.0,0.0,0.0,0.0,2023.95,True,False,none
PR001557,EMP0095,2026-08-23,2926.62,438.99,146.33,181.45,42.44,0.0,0.0,0.0,0.0,2117.41,True,False,none
PR001558,EMP0095,2026-09-06,2862.42,429.36,143.12,177.47,41.51,0.0,0.0,0.0,0.0,2070.96,True,False,none
PR001559,EMP0096,2026-03-31,6122.33,918.35,306.12,379.58,88.77,36.73,165.3,710.19,0.0,3719.32,True,False,none
PR001560,EMP0096,2026-04-15,6196.69,929.5,309.83,384.19,89.85,5.27,77.7,718.82,0.0,3764.5,True,False,none
PR001561,EMP0096,2026-04-30,5867.87,880.18,293.39,363.81,85.08,0.0,0.0,680.67,0.0,3564.74,True,False,none
PR001562,EMP0096,2026-05-15,6185.88,927.88,309.29,383.52,89.7,0.0,0.0,717.56,0.0,3757.93,True,False,none
PR001563,EMP0096,2026-05-31,5915.65,887.35,295.78,366.77,85.78,0.0,0.0,686.22,0.0,3593.75,True,False,none
PR001564,EMP0096,2026-06-15,5913.78,887.07,295.69,366.65,85.75,0.0,0.0,686.0,0.0,3592.62,True,False,none
PR001565,EMP0096,2026-06-30,5892.45,883.87,294.62,365.33,85.44,0.0,0.0,683.52,0.0,3579.67,True,False,none
PR001566,EMP0096,2026-07-15,5987.47,898.12,299.37,371.22,86.82,0.0,0.0,694.55,0.0,3637.39,True,False,none
PR001567,EMP0096,2026-07-31,5804.41,870.66,290.22,359.87,84.16,0.0,0.0,673.31,0.0,3526.19,True,False,none
PR001568,EMP0096,2026-08-15,5993.29,898.99,299.66,371.58,86.9,0.0,0.0,695.22,0.0,3640.94,True,False,none
PR001569,EMP0096,2026-08-31,5987.61,898.14,299.38,371.23,86.82,0.0,0.0,694.56,0.0,3637.48,True,False,none
PR001570,EMP0097,2026-03-29,1198.51,179.78,59.93,74.31,17.38,7.19,32.36,83.9,0.0,783.21,True,False,none
PR001571,EMP0097,2026-04-05,1205.18,180.78,60.26,74.72,17.48,7.23,32.54,84.36,0.0,787.58,True,False,none
PR001572,EMP0097,2026-04-12,1168.61,175.29,58.43,72.45,16.94,7.01,31.55,81.8,0.0,763.7,True,False,none
PR001573,EMP0097,2026-04-19,1155.77,173.37,57.79,71.66,16.76,6.93,31.21,80.9,0.0,755.29,True,False,none
PR001574,EMP0097,2026-04-26,1151.77,172.77,57.59,71.41,16.7,6.91,31.1,80.62,0.0,752.68,True,False,none
PR001575,EMP0097,2026-05-03,1145.75,171.86,57.29,71.04,16.61,6.72,30.94,80.2,0.0,748.75,True,False,none
PR001576,EMP0097,2026-05-10,1133.01,169.95,56.65,70.25,16.43,0.0,30.59,79.31,0.0,740.42,True,False,none
PR001577,EMP0097,2026-05-17,1159.5,173.92,57.98,71.89,16.81,0.0,22.72,81.17,0.0,757.73,True,False,none
PR001578,EMP0097,2026-05-24,1152.78,172.92,57.64,71.47,16.72,0.0,0.0,80.69,0.0,753.34,True,False,none
PR001579,EMP0097,2026-05-31,1217.53,182.63,60.88,75.49,17.65,0.0,0.0,85.23,170.46,795.65,True,True,duplicate_deduction
PR001580,EMP0097,2026-06-07,1179.52,176.93,58.98,73.13,17.1,0.0,0.0,82.57,0.0,770.81,True,False,none
PR001581,EMP0097,2026-06-14,1159.95,173.99,58.0,71.92,16.82,0.0,0.0,81.2,0.0,758.02,True,False,none
PR001582,EMP0097,2026-06-21,1181.64,177.25,59.08,73.26,17.13,0.0,0.0,82.71,0.0,772.21,True,False,none
PR001583,EMP0097,2026-06-28,1140.6,171.09,57.03,70.72,16.54,0.0,0.0,79.84,0.0,745.38,True,False,none
PR001584,EMP0097,2026-07-05,1168.95,175.34,58.45,72.47,16.95,0.0,0.0,81.83,0.0,763.91,True,False,none
PR001585,EMP0097,2026-07-12,1185.89,177.88,59.29,73.53,17.2,0.0,0.0,83.01,0.0,774.98,True,False,none
PR001586,EMP0097,2026-07-19,1173.12,175.97,58.66,72.73,17.01,0.0,0.0,82.12,0.0,766.63,True,False,none
PR001587,EMP0097,2026-07-26,1165.02,174.75,58.25,72.23,16.89,0.0,0.0,81.55,0.0,761.35,True,False,none
PR001588,EMP0097,2026-08-02,1220.08,183.01,61.0,75.64,17.69,0.0,0.0,85.41,0.0,797.33,True,False,none
PR001589,EMP0097,2026-08-09,1209.52,181.43,60.48,74.99,17.54,0.0,0.0,84.67,0.0,790.41,True,False,none
PR001590,EMP0097,2026-08-16,1185.63,177.84,59.28,73.51,17.19,0.0,0.0,82.99,0.0,774.82,True,False,none
PR001591,EMP0097,2026-08-23,1180.6,177.09,59.03,73.2,17.12,0.0,0.0,82.64,0.0,771.52,True,False,none
PR001592,EMP0097,2026-08-30,1185.37,177.81,59.27,73.49,17.19,0.0,0.0,82.98,0.0,774.63,True,False,none
PR001593,EMP0097,2026-09-06,1146.37,171.96,57.32,71.07,16.62,0.0,0.0,80.25,0.0,749.15,True,False,none
PR001594,EMP0097,2026-09-13,1164.4,174.66,58.22,72.19,16.88,0.0,0.0,81.51,0.0,760.94,True,False,none
PR001595,EMP0098,2026-04-05,2470.29,370.54,148.22,153.16,35.82,14.82,66.7,0.0,0.0,1762.55,True,False,none
PR001596,EMP0098,2026-04-19,2558.85,383.83,153.53,158.65,37.1,15.35,69.09,0.0,0.0,1825.74,True,False,none
PR001597,EMP0098,2026-05-03,2572.55,385.88,154.35,159.5,37.3,11.83,69.46,0.0,0.0,1835.52,True,False,none
PR001598,EMP0098,2026-05-17,2508.53,376.28,150.51,155.53,36.37,0.0,37.75,0.0,0.0,1789.84,True,False,none
PR001599,EMP0098,2026-05-31,2658.05,398.71,159.48,164.8,38.54,0.0,0.0,0.0,0.0,1896.52,True,False,none
PR001600,EMP0098,2026-06-14,2646.97,397.05,158.82,164.11,38.38,0.0,0.0,0.0,0.0,1888.61,True,False,none
PR001601,EMP0098,2026-06-28,2608.93,391.34,156.54,291.15,37.83,0.0,0.0,0.0,0.0,1861.47,True,True,tax_miscalculation
PR001602,EMP0098,2026-07-12,2570.6,385.59,154.24,159.38,37.27,0.0,0.0,0.0,0.0,1834.12,True,False,none
PR001603,EMP0098,2026-07-26,2638.95,395.84,158.34,163.61,38.26,0.0,0.0,0.0,0.0,1882.9,True,False,none
PR001604,EMP0098,2026-08-09,2488.81,373.32,149.33,154.31,36.09,0.0,0.0,0.0,0.0,1775.76,True,False,none
PR001605,EMP0098,2026-08-23,2622.81,393.42,157.37,162.61,38.03,0.0,0.0,0.0,0.0,1871.38,True,False,none
PR001606,EMP0098,2026-09-06,2487.63,373.14,149.26,154.23,36.07,0.0,0.0,0.0,0.0,1774.93,True,False,none
PR001607,EMP0099,2026-03-29,1275.76,191.36,76.55,79.1,18.5,7.65,34.45,0.0,0.0,910.25,True,False,none
PR001608,EMP0099,2026-04-05,1224.57,183.69,73.47,75.92,17.76,7.35,33.06,0.0,0.0,873.73,True,False,none
PR001609,EMP0099,2026-04-12,1283.95,192.59,77.04,79.6,18.62,7.7,34.67,0.0,0.0,916.1,True,False,none
PR001610,EMP0099,2026-04-19,1290.56,193.58,77.43,80.01,18.71,7.74,34.85,0.0,0.0,920.83,True,False,none
PR001611,EMP0099,2026-04-26,1212.03,181.8,72.72,75.15,17.57,7.27,32.72,0.0,0.0,864.79,True,False,none
PR001612,EMP0099,2026-05-03,1243.02,186.45,74.58,77.07,18.02,4.28,33.56,0.0,0.0,886.9,True,False,none
PR001613,EMP0099,2026-05-10,1294.21,194.13,77.65,80.24,18.77,0.0,34.94,0.0,0.0,923.42,True,False,none
PR001614,EMP0099,2026-05-17,1245.07,186.76,74.7,77.19,18.05,0.0,4.75,0.0,0.0,888.37,True,False,none
PR001615,EMP0099,2026-05-24,1282.61,192.39,76.96,79.52,18.6,0.0,0.0,0.0,0.0,915.14,True,False,none
PR001616,EMP0099,2026-05-31,1255.47,188.32,75.33,77.84,18.2,0.0,0.0,0.0,0.0,895.78,True,False,none
PR001617,EMP0099,2026-06-07,1234.4,185.16,74.06,76.53,17.9,0.0,0.0,0.0,0.0,880.75,True,False,none
PR001618,EMP0099,2026-06-14,1225.55,183.83,73.53,75.98,17.77,0.0,0.0,0.0,0.0,874.44,True,False,none
PR001619,EMP0099,2026-06-21,1217.4,182.61,73.04,75.48,17.65,0.0,0.0,0.0,0.0,868.62,True,False,none
PR001620,EMP0099,2026-06-28,1272.56,190.88,76.35,78.9,18.45,0.0,0.0,0.0,0.0,907.98,True,False,none
PR001621,EMP0099,2026-07-05,1235.5,185.32,74.13,76.6,17.91,0.0,0.0,0.0,0.0,881.54,True,False,none
PR001622,EMP0099,2026-07-12,1247.82,187.17,74.87,77.36,18.09,0.0,0.0,0.0,0.0,890.33,True,False,none
PR001623,EMP0099,2026-07-19,1245.95,186.89,74.76,77.25,18.07,0.0,0.0,0.0,0.0,888.98,True,False,none
PR001624,EMP0099,2026-07-26,1254.34,188.15,75.26,77.77,18.19,0.0,0.0,0.0,0.0,894.97,True,False,none
PR001625,EMP0099,2026-08-02,1282.81,192.42,76.97,79.53,18.6,0.0,0.0,0.0,0.0,915.29,True,False,none
PR001626,EMP0099,2026-08-09,1294.18,194.13,77.65,80.24,18.77,0.0,0.0,0.0,0.0,923.39,True,False,none
PR001627,EMP0099,2026-08-16,1237.58,185.64,74.25,76.73,17.94,0.0,0.0,0.0,0.0,883.02,True,False,none
PR001628,EMP0099,2026-08-23,1279.05,191.86,76.74,79.3,18.55,0.0,0.0,0.0,0.0,912.6,True,False,none
PR001629,EMP0099,2026-08-30,1272.83,190.92,76.37,78.92,18.46,0.0,0.0,0.0,0.0,908.16,True,False,none
PR001630,EMP0099,2026-09-06,1253.97,188.1,75.24,77.75,18.18,0.0,0.0,0.0,0.0,894.7,True,False,none
PR001631,EMP0099,2026-09-13,1291.74,193.76,77.5,80.09,18.73,0.0,0.0,0.0,0.0,921.66,True,False,none
PR001632,EMP0100,2026-04-05,1371.66,205.75,82.3,85.04,19.89,8.23,37.03,111.1,0.0,867.58,True,False,none
PR001633,EMP0100,2026-04-19,1361.51,204.23,81.69,84.41,19.74,8.17,36.76,110.28,0.0,861.16,True,False,none
PR001634,EMP0100,2026-05-03,1444.39,216.66,86.66,89.55,20.94,8.67,39.0,117.0,0.0,913.58,True,False,none
PR001635,EMP0100,2026-05-17,1398.22,209.73,83.89,86.69,20.27,8.39,37.75,113.26,0.0,884.38,True,False,none
PR001636,EMP0100,2026-05-31,1443.61,216.54,86.62,89.5,20.93,8.55,38.98,116.93,0.0,913.09,True,False,none
PR001637,EMP0100,2026-06-14,1448.74,217.31,86.92,89.82,21.01,0.0,39.12,117.35,0.0,916.33,True,False,none
PR001638,EMP0100,2026-06-28,1356.3,203.44,81.38,84.09,19.67,0.0,14.36,109.86,0.0,857.86,True,False,none
PR001639,EMP0100,2026-07-12,1447.67,217.15,86.86,89.76,20.99,0.0,0.0,117.26,0.0,915.65,False,True,late_journal_posting
PR001640,EMP0100,2026-07-26,1399.25,209.89,83.95,86.75,20.29,0.0,0.0,113.34,0.0,885.03,True,False,none
PR001641,EMP0100,2026-08-09,1406.16,210.92,84.37,87.18,20.39,0.0,0.0,113.9,0.0,889.4,True,False,none
PR001642,EMP0100,2026-08-23,1419.08,212.86,85.14,87.98,20.58,0.0,0.0,114.95,0.0,897.57,True,False,none
PR001643,EMP0100,2026-09-06,1452.45,217.87,87.15,90.05,21.06,0.0,0.0,117.65,0.0,918.67,True,False,none
PR001644,EMP0101,2026-04-05,3318.25,497.74,165.91,205.73,48.11,19.91,89.59,82.96,0.0,2317.8,True,False,none
PR001645,EMP0101,2026-04-19,3443.32,516.5,172.17,213.49,49.93,20.66,92.97,86.08,0.0,2405.15,True,False,none
PR001646,EMP0101,2026-05-03,3500.94,525.14,175.05,217.06,50.76,1.43,60.44,87.52,0.0,2445.41,True,False,none
PR001647,EMP0101,2026-05-17,3510.5,526.57,175.53,217.65,50.9,0.0,0.0,87.76,0.0,2452.09,True,False,none
PR001648,EMP0101,2026-05-31,3502.25,525.34,175.11,217.14,50.78,0.0,0.0,87.56,0.0,2446.32,True,False,none
PR001649,EMP0101,2026-06-14,3349.76,502.46,167.49,207.69,48.57,0.0,0.0,83.74,0.0,2339.81,True,True,wage_base_cap_error
PR001650,EMP0101,2026-06-28,3394.83,509.22,169.74,210.48,49.23,0.0,0.0,84.87,0.0,2371.29,True,False,none
PR001651,EMP0101,2026-07-12,3411.04,511.66,170.55,211.48,49.46,0.0,0.0,85.28,0.0,2382.61,True,False,none
PR001652,EMP0101,2026-07-26,3532.83,529.92,176.64,219.04,51.23,0.0,0.0,88.32,0.0,2467.68,True,False,none
PR001653,EMP0101,2026-08-09,3389.19,508.38,169.46,210.13,49.14,0.0,0.0,84.73,0.0,2367.35,True,False,none
PR001654,EMP0101,2026-08-23,3370.6,505.59,168.53,208.98,48.87,0.0,0.0,84.27,0.0,2354.36,True,False,none
PR001655,EMP0101,2026-09-06,3574.64,536.2,178.73,221.63,51.83,0.0,0.0,89.37,0.0,2496.88,True,False,none
PR001656,EMP0102,2026-03-29,1185.14,177.77,35.55,73.48,17.18,7.11,32.0,0.0,0.0,881.16,True,False,none
PR001657,EMP0102,2026-04-05,1281.74,192.26,38.45,79.47,18.59,7.69,34.61,0.0,0.0,952.97,True,False,none
PR001658,EMP0102,2026-04-12,1250.38,187.56,37.51,77.52,18.13,7.5,33.76,0.0,0.0,929.66,True,False,none
PR001659,EMP0102,2026-04-19,1265.2,189.78,37.96,78.44,18.35,7.59,34.16,0.0,0.0,940.67,True,False,none
PR001660,EMP0102,2026-04-26,1213.05,181.96,36.39,75.21,17.59,7.28,32.75,0.0,0.0,901.9,True,False,none
PR001661,EMP0102,2026-05-03,1185.68,177.85,35.57,73.51,17.19,4.83,32.01,0.0,0.0,881.56,True,False,none
PR001662,EMP0102,2026-05-10,1256.35,188.45,37.69,77.89,18.22,0.0,33.92,0.0,0.0,934.1,True,False,none
PR001663,EMP0102,2026-05-17,1265.75,189.86,37.97,78.48,18.35,0.0,9.79,0.0,0.0,941.09,False,True,late_journal_posting
PR001664,EMP0102,2026-05-24,1256.6,188.49,37.7,77.91,18.22,0.0,0.0,0.0,0.0,934.28,True,False,none
PR001665,EMP0102,2026-05-31,1198.23,179.73,35.95,74.29,17.37,0.0,0.0,0.0,0.0,890.89,True,False,none
PR001666,EMP0102,2026-06-07,1257.87,188.68,37.74,77.99,18.24,0.0,0.0,0.0,0.0,935.22,True,False,none
PR001667,EMP0102,2026-06-14,1259.38,188.91,37.78,78.08,18.26,0.0,0.0,0.0,0.0,936.35,True,False,none
PR001668,EMP0102,2026-06-21,1248.6,187.29,37.46,77.41,18.1,0.0,0.0,0.0,0.0,928.34,True,False,none
PR001669,EMP0102,2026-06-28,1259.11,188.87,37.77,78.06,18.26,0.0,0.0,0.0,0.0,936.15,True,False,none
PR001670,EMP0102,2026-07-05,1266.9,190.03,38.01,78.55,18.37,0.0,0.0,0.0,0.0,941.94,True,False,none
PR001671,EMP0102,2026-07-12,1244.21,186.63,37.33,77.14,18.04,0.0,0.0,0.0,0.0,925.07,True,False,none
PR001672,EMP0102,2026-07-19,1192.93,178.94,35.79,73.96,17.3,0.0,0.0,0.0,0.0,886.94,True,False,none
PR001673,EMP0102,2026-07-26,1231.91,184.79,36.96,76.38,17.86,0.0,0.0,0.0,0.0,915.92,True,False,none
PR001674,EMP0102,2026-08-02,1191.86,178.78,35.76,73.9,17.28,0.0,0.0,0.0,0.0,886.14,True,False,none
PR001675,EMP0102,2026-08-09,1224.08,183.61,36.72,75.89,17.75,0.0,0.0,0.0,0.0,910.11,True,False,none
PR001676,EMP0102,2026-08-16,1224.04,183.61,36.72,75.89,17.75,0.0,0.0,0.0,0.0,910.07,True,False,none
PR001677,EMP0102,2026-08-23,1190.73,178.61,35.72,73.83,17.27,0.0,0.0,0.0,0.0,885.3,True,False,none
PR001678,EMP0102,2026-08-30,1218.35,182.75,36.55,75.54,17.67,0.0,0.0,0.0,0.0,905.84,True,False,none
PR001679,EMP0102,2026-09-06,1195.12,179.27,35.85,74.1,17.33,0.0,0.0,0.0,0.0,888.57,True,False,none
PR001680,EMP0102,2026-09-13,1263.22,189.48,37.9,78.32,18.32,0.0,0.0,0.0,0.0,939.2,True,False,none
PR001681,EMP0103,2026-03-29,2707.74,406.16,162.46,167.88,39.26,16.25,73.11,0.0,0.0,1931.98,True,False,none
PR001682,EMP0103,2026-04-05,2526.42,378.96,151.59,156.64,36.63,15.16,68.21,0.0,0.0,1802.6,True,False,none
PR001683,EMP0103,2026-04-12,2709.28,406.39,162.56,167.98,39.28,10.6,73.15,0.0,0.0,1933.07,True,False,none
PR001684,EMP0103,2026-04-19,2619.68,392.95,157.18,162.42,37.99,0.0,28.53,0.0,0.0,1869.14,True,False,none
PR001685,EMP0103,2026-04-26,2573.49,386.02,154.41,159.56,37.32,0.0,0.0,0.0,0.0,1836.18,True,False,none
PR001686,EMP0103,2026-05-03,2527.36,379.1,151.64,156.7,36.65,0.0,0.0,0.0,0.0,1803.27,True,False,none
PR001687,EMP0103,2026-05-10,2615.14,392.27,156.91,162.14,37.92,0.0,0.0,0.0,0.0,1865.9,True,False,none
PR001688,EMP0103,2026-05-17,2676.01,401.4,160.56,165.91,38.8,0.0,0.0,0.0,0.0,1682.57,True,True,net_pay_mismatch
PR001689,EMP0103,2026-05-24,2521.85,378.28,151.31,156.35,36.57,0.0,0.0,0.0,0.0,1799.34,True,False,none
PR001690,EMP0103,2026-05-31,2526.54,378.98,151.59,156.65,36.63,0.0,0.0,0.0,0.0,1802.69,True,False,none
PR001691,EMP0103,2026-06-07,2594.89,389.23,155.69,160.88,37.63,0.0,0.0,0.0,0.0,1851.46,True,True,duplicate_deduction
PR001692,EMP0103,2026-06-14,2572.61,385.89,154.36,159.5,37.3,0.0,0.0,0.0,0.0,1835.56,True,False,none
PR001693,EMP0103,2026-06-21,2559.58,383.94,153.57,158.69,37.11,0.0,0.0,0.0,0.0,1826.27,True,False,none
PR001694,EMP0103,2026-06-28,2569.65,385.45,154.18,159.32,37.26,0.0,0.0,0.0,0.0,1833.44,True,True,duplicate_deduction
PR001695,EMP0103,2026-07-05,2677.87,401.68,160.67,166.03,38.83,0.0,0.0,0.0,0.0,1910.66,True,False,none
PR001696,EMP0103,2026-07-12,2703.91,405.59,162.23,167.64,39.21,0.0,0.0,0.0,0.0,1929.24,True,False,none
PR001697,EMP0103,2026-07-19,2595.35,389.3,155.72,160.91,37.63,0.0,0.0,0.0,0.0,1851.79,True,False,none
PR001698,EMP0103,2026-07-26,2699.13,404.87,161.95,167.35,39.14,0.0,0.0,0.0,0.0,1925.82,True,False,none
PR001699,EMP0103,2026-08-02,2578.03,386.7,154.68,159.84,37.38,0.0,0.0,0.0,0.0,1839.43,True,False,none
PR001700,EMP0103,2026-08-09,2610.13,391.52,156.61,161.83,37.85,0.0,0.0,0.0,0.0,1862.32,True,False,none
PR001701,EMP0103,2026-08-16,2558.26,383.74,153.5,158.61,37.09,0.0,0.0,0.0,0.0,1825.32,True,False,none
PR001702,EMP0103,2026-08-23,2644.1,396.61,158.65,163.93,38.34,0.0,0.0,0.0,0.0,1886.57,True,False,none
PR001703,EMP0103,2026-08-30,2714.22,407.13,162.85,168.28,39.36,0.0,0.0,0.0,0.0,1936.6,True,False,none
PR001704,EMP0103,2026-09-06,2636.44,395.47,158.19,163.46,38.23,0.0,0.0,0.0,0.0,1881.09,True,False,none
PR001705,EMP0103,2026-09-13,2585.56,387.83,155.13,160.3,37.49,0.0,0.0,0.0,0.0,1844.81,True,False,none
PR001706,EMP0104,2026-03-29,1160.76,174.11,0.0,71.97,16.83,6.96,31.34,0.0,0.0,897.85,True,False,none
PR001707,EMP0104,2026-04-05,1113.06,166.96,0.0,69.01,16.14,6.68,30.05,0.0,0.0,860.95,True,False,none
PR001708,EMP0104,2026-04-12,1182.65,177.4,0.0,73.32,17.15,7.1,31.93,0.0,0.0,914.78,True,False,none
PR001709,EMP0104,2026-04-19,1147.61,172.14,0.0,71.15,16.64,6.89,30.99,0.0,0.0,887.68,True,False,none
PR001710,EMP0104,2026-04-26,1142.73,171.41,0.0,70.85,16.57,6.86,30.85,0.0,0.0,883.9,True,False,none
PR001711,EMP0104,2026-05-03,1155.13,173.27,0.0,71.62,16.75,6.93,31.19,0.0,0.0,893.49,True,False,none
PR001712,EMP0104,2026-05-10,1158.67,173.8,0.0,71.84,16.8,0.59,31.28,0.0,0.0,896.23,True,False,none
PR001713,EMP0104,2026-05-17,1108.41,166.26,0.0,68.72,16.07,0.0,25.36,0.0,0.0,857.36,True,False,none
PR001714,EMP0104,2026-05-24,1163.93,174.59,0.0,72.16,16.88,0.0,0.0,0.0,0.0,900.3,True,False,none
PR001715,EMP0104,2026-05-31,1123.88,168.58,0.0,69.68,16.3,0.0,0.0,0.0,0.0,869.32,True,False,none
PR001716,EMP0104,2026-06-07,1166.77,175.02,0.0,72.34,16.92,0.0,0.0,0.0,0.0,902.49,True,False,none
PR001717,EMP0104,2026-06-14,1176.64,176.5,0.0,72.95,17.06,0.0,0.0,0.0,0.0,910.13,True,False,none
PR001718,EMP0104,2026-06-21,1174.95,176.24,0.0,72.85,17.04,0.0,0.0,0.0,0.0,908.82,True,False,none
PR001719,EMP0104,2026-06-28,1152.1,172.81,0.0,71.43,16.71,0.0,0.0,0.0,0.0,891.15,True,False,none
PR001720,EMP0104,2026-07-05,1149.16,172.37,0.0,71.25,16.66,0.0,0.0,0.0,0.0,888.88,True,False,none
PR001721,EMP0104,2026-07-12,1114.88,167.23,0.0,69.12,16.17,0.0,0.0,0.0,0.0,862.36,True,False,none
PR001722,EMP0104,2026-07-19,1172.35,175.85,0.0,72.69,17.0,0.0,0.0,0.0,0.0,906.81,True,False,none
PR001723,EMP0104,2026-07-26,1126.56,168.98,0.0,69.85,16.34,0.0,0.0,0.0,0.0,871.39,True,False,none
PR001724,EMP0104,2026-08-02,1147.03,172.05,0.0,71.12,16.63,0.0,0.0,0.0,0.0,887.23,True,False,none
PR001725,EMP0104,2026-08-09,1127.73,169.16,0.0,69.92,16.35,0.0,0.0,0.0,0.0,872.3,True,False,none
PR001726,EMP0104,2026-08-16,1114.05,167.11,0.0,69.07,16.15,0.0,0.0,0.0,0.0,861.72,True,False,none
PR001727,EMP0104,2026-08-23,1159.1,173.86,0.0,71.86,16.81,0.0,0.0,0.0,0.0,896.57,True,False,none
PR001728,EMP0104,2026-08-30,1106.83,166.02,0.0,123.52,16.05,0.0,0.0,0.0,0.0,856.14,True,True,tax_miscalculation
PR001729,EMP0104,2026-09-06,1169.93,175.49,0.0,72.54,16.96,0.0,0.0,0.0,0.0,904.94,True,False,none
PR001730,EMP0104,2026-09-13,1130.75,169.61,0.0,70.11,16.4,0.0,0.0,0.0,0.0,874.63,True,False,none
PR001731,EMP0105,2026-04-05,1804.71,270.71,90.24,111.89,26.17,10.83,48.73,0.0,0.0,1305.7,True,False,none
PR001732,EMP0105,2026-04-19,1880.77,282.12,94.04,116.61,27.27,11.28,50.78,0.0,0.0,1360.73,True,False,none
PR001733,EMP0105,2026-05-03,1811.66,271.75,90.58,112.32,26.27,10.87,48.91,0.0,0.0,1310.74,True,False,none
PR001734,EMP0105,2026-05-17,1845.79,276.87,92.29,114.44,26.76,9.02,49.84,0.0,0.0,1335.43,True,False,none
PR001735,EMP0105,2026-05-31,1909.92,286.49,95.5,118.42,27.69,0.0,44.74,0.0,0.0,1381.82,True,False,none
PR001736,EMP0105,2026-06-14,1814.02,272.1,90.7,112.47,26.3,0.0,0.0,0.0,0.0,1312.45,True,False,none
PR001737,EMP0105,2026-06-28,1929.62,289.44,96.48,119.64,27.98,0.0,0.0,0.0,0.0,1396.08,True,False,none
PR001738,EMP0105,2026-07-12,1805.26,270.79,90.26,111.93,26.18,0.0,0.0,0.0,0.0,1306.1,True,False,none
PR001739,EMP0105,2026-07-26,1841.43,276.21,92.07,114.17,26.7,0.0,0.0,0.0,0.0,1332.28,True,False,none
PR001740,EMP0105,2026-08-09,1914.97,287.25,95.75,118.73,27.77,0.0,0.0,0.0,0.0,1385.47,True,False,none
PR001741,EMP0105,2026-08-23,1851.76,277.76,92.59,114.81,26.85,0.0,0.0,0.0,0.0,1339.75,True,False,none
PR001742,EMP0105,2026-09-06,1819.86,272.98,90.99,112.83,26.39,0.0,0.0,0.0,0.0,1316.67,True,False,none
PR001743,EMP0106,2026-03-29,1677.02,251.55,83.85,103.98,24.32,10.06,45.28,0.0,0.0,1213.32,True,False,none
PR001744,EMP0106,2026-04-05,1664.95,249.74,83.25,103.23,24.14,9.99,44.95,0.0,0.0,1204.59,True,True,wage_base_cap_error
PR001745,EMP0106,2026-04-12,1741.83,261.27,87.09,107.99,25.26,10.45,47.03,0.0,0.0,1260.22,True,False,none
PR001746,EMP0106,2026-04-19,1670.72,250.61,83.54,103.58,24.23,10.02,45.11,0.0,0.0,1208.76,True,False,none
PR001747,EMP0106,2026-04-26,1734.6,260.19,86.73,107.55,25.15,1.47,46.83,0.0,0.0,1254.98,True,False,none
PR001748,EMP0106,2026-05-03,1748.43,262.26,87.42,108.4,25.35,0.0,13.79,0.0,0.0,1265.0,True,False,none
PR001749,EMP0106,2026-05-10,1686.9,253.03,84.35,104.59,24.46,0.0,0.0,0.0,0.0,1220.47,True,False,none
PR001750,EMP0106,2026-05-17,1750.86,262.63,87.54,108.55,25.39,0.0,0.0,0.0,0.0,1266.75,True,False,none
PR001751,EMP0106,2026-05-24,1679.31,251.9,83.97,104.12,24.35,0.0,0.0,0.0,0.0,1214.97,True,True,wage_base_cap_error
PR001752,EMP0106,2026-05-31,1758.13,263.72,87.91,109.0,25.49,0.0,0.0,0.0,0.0,1272.01,True,False,none
PR001753,EMP0106,2026-06-07,1640.63,246.09,82.03,101.72,23.79,0.0,0.0,0.0,0.0,1187.0,True,False,none
PR001754,EMP0106,2026-06-14,1720.91,258.14,86.05,106.7,24.95,0.0,0.0,0.0,0.0,1245.07,True,False,none
PR001755,EMP0106,2026-06-21,1694.96,254.24,84.75,105.09,24.58,0.0,0.0,0.0,0.0,1226.3,True,False,none
PR001756,EMP0106,2026-06-28,1680.7,252.1,84.04,104.2,24.37,0.0,0.0,0.0,0.0,1215.99,True,False,none
PR001757,EMP0106,2026-07-05,1713.62,257.04,85.68,106.24,24.85,0.0,0.0,0.0,0.0,1239.81,True,False,none
PR001758,EMP0106,2026-07-12,1723.18,258.48,86.16,106.84,24.99,0.0,0.0,0.0,0.0,1246.71,True,False,none
PR001759,EMP0106,2026-07-19,1629.22,244.38,81.46,101.01,23.62,0.0,0.0,0.0,0.0,1178.75,True,False,none
PR001760,EMP0106,2026-07-26,1651.06,247.66,82.55,102.37,23.94,0.0,0.0,0.0,0.0,1194.54,True,False,none
PR001761,EMP0106,2026-08-02,1724.41,258.66,86.22,106.91,25.0,0.0,0.0,0.0,0.0,1247.62,True,False,none
PR001762,EMP0106,2026-08-09,1718.14,257.72,85.91,106.52,24.91,0.0,0.0,0.0,0.0,1243.08,True,False,none
PR001763,EMP0106,2026-08-16,1758.39,263.76,87.92,109.02,25.5,0.0,0.0,0.0,0.0,1272.19,True,False,none
PR001764,EMP0106,2026-08-23,1730.86,259.63,86.54,107.31,25.1,0.0,0.0,0.0,0.0,1252.28,True,False,none
PR001765,EMP0106,2026-08-30,1756.34,263.45,87.82,108.89,25.47,0.0,0.0,0.0,0.0,1270.71,True,False,none
PR001766,EMP0106,2026-09-06,1723.0,258.45,86.15,106.83,24.98,0.0,0.0,0.0,0.0,1246.59,True,False,none
PR001767,EMP0106,2026-09-13,1668.67,250.3,83.43,103.46,24.2,0.0,0.0,0.0,0.0,1207.28,True,False,none
PR001768,EMP0107,2026-04-05,5395.6,809.34,269.78,334.53,78.24,32.37,145.68,0.0,0.0,3903.71,True,False,none
PR001769,EMP0107,2026-04-19,5694.03,854.1,284.7,353.03,82.56,9.63,97.32,0.0,0.0,4119.64,True,False,none
PR001770,EMP0107,2026-05-03,5633.3,845.0,281.67,349.26,81.68,0.0,0.0,0.0,0.0,4075.69,True,False,none
PR001771,EMP0107,2026-05-17,5370.38,805.56,268.52,332.96,77.87,0.0,0.0,0.0,0.0,3885.47,True,False,none
PR001772,EMP0107,2026-05-31,5507.96,826.19,275.4,341.49,79.87,0.0,0.0,0.0,0.0,3985.01,True,False,none
PR001773,EMP0107,2026-06-14,5771.23,865.68,288.56,357.82,83.68,0.0,0.0,0.0,0.0,4175.49,False,True,late_journal_posting
PR001774,EMP0107,2026-06-28,5569.88,835.48,278.49,345.33,80.76,0.0,0.0,0.0,0.0,4029.82,True,False,none
PR001775,EMP0107,2026-07-12,5540.03,831.0,277.0,343.48,80.33,0.0,0.0,0.0,0.0,4008.22,True,False,none
PR001776,EMP0107,2026-07-26,5551.04,832.66,277.55,344.16,80.49,0.0,0.0,0.0,0.0,4016.18,True,False,none
PR001777,EMP0107,2026-08-09,5441.27,816.19,272.06,337.36,78.9,0.0,0.0,0.0,0.0,3936.76,True,False,none
PR001778,EMP0107,2026-08-23,5511.78,826.77,275.59,341.73,79.92,0.0,0.0,0.0,0.0,3987.77,True,False,none
PR001779,EMP0107,2026-09-06,5512.27,826.84,275.61,341.76,79.93,0.0,0.0,0.0,0.0,3988.13,True,False,none
PR001780,EMP0108,2026-03-29,1111.93,166.79,0.0,68.94,16.12,6.67,30.02,96.74,0.0,763.34,True,False,none
PR001781,EMP0108,2026-04-05,1177.24,176.59,0.0,72.99,17.07,7.06,31.79,102.42,0.0,808.17,True,False,none
PR001782,EMP0108,2026-04-12,1145.18,171.78,0.0,127.8,16.61,6.87,30.92,99.63,0.0,786.16,True,True,tax_miscalculation
PR001783,EMP0108,2026-04-19,1182.22,177.33,0.0,73.3,17.14,7.09,31.92,102.85,0.0,811.6,True,False,none
PR001784,EMP0108,2026-04-26,1184.79,177.72,0.0,73.46,17.18,7.11,31.99,103.08,0.0,813.35,True,False,none
PR001785,EMP0108,2026-05-03,1126.51,168.98,0.0,69.84,16.33,6.76,30.42,98.01,0.0,773.35,True,False,none
PR001786,EMP0108,2026-05-10,1167.17,175.08,0.0,72.36,16.92,0.43,31.51,101.54,0.0,801.27,True,False,none
PR001787,EMP0108,2026-05-17,1150.27,172.54,0.0,71.32,16.68,0.0,24.43,100.07,0.0,789.66,True,False,none
PR001788,EMP0108,2026-05-24,1187.52,178.13,0.0,73.63,17.22,0.0,0.0,103.31,0.0,815.23,True,False,none
PR001789,EMP0108,2026-05-31,1126.85,169.03,0.0,69.86,16.34,0.0,0.0,98.04,0.0,773.58,True,False,none
PR001790,EMP0108,2026-06-07,1169.04,175.36,0.0,72.48,16.95,0.0,0.0,101.71,0.0,802.54,True,False,none
PR001791,EMP0108,2026-06-14,1162.64,174.4,0.0,72.08,16.86,0.0,0.0,101.15,0.0,798.15,True,False,none
PR001792,EMP0108,2026-06-21,1134.11,170.12,0.0,70.31,16.44,0.0,0.0,98.67,0.0,778.57,True,False,none
PR001793,EMP0108,2026-06-28,1119.62,167.94,0.0,69.42,16.23,0.0,0.0,97.41,0.0,768.62,True,False,none
PR001794,EMP0108,2026-07-05,1166.65,175.0,0.0,72.33,16.92,0.0,0.0,101.5,0.0,800.9,True,False,none
PR001795,EMP0108,2026-07-12,1174.59,176.19,0.0,72.82,17.03,0.0,0.0,102.19,0.0,806.36,True,False,none
PR001796,EMP0108,2026-07-19,1135.97,170.4,0.0,70.43,16.47,0.0,0.0,98.83,0.0,779.84,True,False,none
PR001797,EMP0108,2026-07-26,1166.03,174.9,0.0,72.29,16.91,0.0,0.0,101.44,0.0,800.49,True,False,none
PR001798,EMP0108,2026-08-02,1143.23,171.48,0.0,70.88,16.58,0.0,0.0,99.46,0.0,784.83,True,False,none
PR001799,EMP0108,2026-08-09,1172.27,175.84,0.0,72.68,17.0,0.0,0.0,101.99,0.0,804.76,True,False,none
PR001800,EMP0108,2026-08-16,1125.34,168.8,0.0,69.77,16.32,0.0,0.0,97.9,0.0,772.55,True,False,none
PR001801,EMP0108,2026-08-23,1188.43,178.26,0.0,73.68,17.23,0.0,0.0,103.39,0.0,815.87,True,False,none
PR001802,EMP0108,2026-08-30,1133.39,170.01,0.0,70.27,16.43,0.0,0.0,98.6,0.0,778.08,True,False,none
PR001803,EMP0108,2026-09-06,1140.73,171.11,0.0,70.73,16.54,0.0,0.0,99.24,0.0,783.11,True,False,none
PR001804,EMP0108,2026-09-13,1112.45,166.87,0.0,68.97,16.13,0.0,0.0,96.78,193.56,763.7,True,True,duplicate_deduction
PR001805,EMP0109,2026-03-31,4815.6,722.34,0.0,298.57,69.83,28.89,130.02,0.0,0.0,3724.86,True,False,none
PR001806,EMP0109,2026-04-15,4974.73,746.21,0.0,308.43,72.13,13.11,112.98,0.0,0.0,3847.96,True,False,none
PR001807,EMP0109,2026-04-30,4877.02,731.55,0.0,302.38,70.72,0.0,0.0,0.0,0.0,3772.37,True,False,none
PR001808,EMP0109,2026-05-15,5100.51,765.08,0.0,316.23,73.96,0.0,0.0,0.0,0.0,3945.24,True,False,none
PR001809,EMP0109,2026-05-31,4777.5,716.62,0.0,296.2,69.27,0.0,0.0,0.0,0.0,3695.41,True,False,none
PR001810,EMP0109,2026-06-15,4920.9,738.13,0.0,305.1,71.35,0.0,0.0,0.0,0.0,3806.32,True,False,none
PR001811,EMP0109,2026-06-30,4904.47,735.67,0.0,304.08,71.11,0.0,0.0,0.0,0.0,3793.61,True,False,none
PR001812,EMP0109,2026-07-15,4779.32,716.9,0.0,296.32,69.3,0.0,0.0,0.0,0.0,3696.8,True,False,none
PR001813,EMP0109,2026-07-31,4820.66,723.1,0.0,298.88,69.9,0.0,0.0,0.0,0.0,3728.78,True,False,none
PR001814,EMP0109,2026-08-15,4934.5,740.17,0.0,305.94,71.55,0.0,0.0,0.0,0.0,3816.84,True,False,none
PR001815,EMP0109,2026-08-31,4965.68,744.85,0.0,307.87,72.0,0.0,0.0,0.0,0.0,3840.96,True,False,none
PR001816,EMP0110,2026-03-31,2457.96,368.69,0.0,152.39,35.64,14.75,66.36,228.59,0.0,1672.65,True,False,none
PR001817,EMP0110,2026-04-15,2482.8,372.42,0.0,153.93,36.0,14.9,67.04,230.9,0.0,1689.55,True,False,none
PR001818,EMP0110,2026-04-30,2495.39,374.31,0.0,154.71,36.18,12.36,67.38,232.07,0.0,1698.12,True,False,none
PR001819,EMP0110,2026-05-15,2380.59,357.09,0.0,147.6,34.52,0.0,42.22,221.39,0.0,1619.99,True,False,none
PR001820,EMP0110,2026-05-31,2469.69,370.45,0.0,153.12,35.81,0.0,0.0,229.68,0.0,1680.63,True,False,none
PR001821,EMP0110,2026-06-15,2567.66,385.15,0.0,159.19,37.23,0.0,0.0,238.79,0.0,1747.3,True,False,none
PR001822,EMP0110,2026-06-30,2480.47,372.07,0.0,153.79,35.97,0.0,0.0,230.68,0.0,1687.96,True,False,none
PR001823,EMP0110,2026-07-15,2511.56,376.73,0.0,155.72,36.42,0.0,0.0,233.58,0.0,1709.11,True,False,none
PR001824,EMP0110,2026-07-31,2439.82,365.97,0.0,151.27,35.38,0.0,0.0,226.9,0.0,1660.3,True,False,none
PR001825,EMP0110,2026-08-15,2530.48,379.57,0.0,156.89,36.69,0.0,0.0,235.33,0.0,1722.0,False,True,late_journal_posting
PR001826,EMP0110,2026-08-31,2530.27,379.54,0.0,156.88,36.69,0.0,0.0,235.32,0.0,1721.84,True,False,none
PR001827,EMP0111,2026-03-29,1431.16,214.67,71.56,88.73,20.75,8.59,38.64,118.79,0.0,916.66,True,False,none
PR001828,EMP0111,2026-04-05,1482.62,222.39,74.13,91.92,21.5,8.9,40.03,123.06,0.0,949.62,True,False,none
PR001829,EMP0111,2026-04-12,1386.38,207.96,69.32,85.96,20.1,8.32,37.43,115.07,0.0,887.97,True,False,none
PR001830,EMP0111,2026-04-19,1374.09,206.11,68.7,85.19,19.92,8.24,37.1,114.05,0.0,880.12,True,False,none
PR001831,EMP0111,2026-04-26,1459.33,218.9,72.97,90.48,21.16,7.95,39.4,121.12,0.0,934.7,True,False,none
PR001832,EMP0111,2026-05-03,1463.51,219.53,73.18,90.74,21.22,0.0,39.51,121.47,0.0,937.37,True,False,none
PR001833,EMP0111,2026-05-10,1385.77,207.87,69.29,85.92,20.09,0.0,10.88,115.02,0.0,887.58,True,False,none
PR001834,EMP0111,2026-05-17,1402.22,210.33,70.11,86.94,20.33,0.0,0.0,116.38,0.0,898.13,True,False,none
PR001835,EMP0111,2026-05-24,1374.15,206.12,68.71,85.2,19.93,0.0,0.0,114.05,0.0,880.14,True,False,none
PR001836,EMP0111,2026-05-31,1405.36,210.8,70.27,87.13,20.38,0.0,0.0,116.64,0.0,900.14,True,False,none
PR001837,EMP0111,2026-06-07,1459.66,218.95,72.98,90.5,21.17,0.0,0.0,121.15,0.0,934.91,True,False,none
PR001838,EMP0111,2026-06-14,1430.78,214.62,71.54,88.71,20.75,0.0,0.0,118.75,0.0,916.41,True,False,none
PR001839,EMP0111,2026-06-21,1411.56,211.73,70.58,87.52,20.47,0.0,0.0,117.16,0.0,904.1,True,False,none
PR001840,EMP0111,2026-06-28,1414.24,212.14,70.71,87.68,20.51,0.0,0.0,117.38,0.0,905.82,True,False,none
PR001841,EMP0111,2026-07-05,1372.32,205.85,68.62,85.08,19.9,0.0,0.0,113.9,0.0,878.97,True,False,none
PR001842,EMP0111,2026-07-12,1406.1,210.91,70.3,87.18,20.39,0.0,0.0,116.71,0.0,900.61,True,False,none
PR001843,EMP0111,2026-07-19,1445.33,216.8,72.27,89.61,20.96,0.0,0.0,119.96,0.0,925.73,True,False,none
PR001844,EMP0111,2026-07-26,1482.42,222.36,74.12,91.91,21.5,0.0,0.0,123.04,0.0,949.49,True,False,none
PR001845,EMP0111,2026-08-02,1468.03,220.2,73.4,91.02,21.29,0.0,0.0,0.0,0.0,940.27,True,True,missing_401k
PR001846,EMP0111,2026-08-09,1374.84,206.23,68.74,85.24,19.94,0.0,0.0,114.11,0.0,880.58,True,False,none
PR001847,EMP0111,2026-08-16,1473.86,221.08,73.69,164.48,21.37,0.0,0.0,122.33,0.0,944.01,True,True,tax_miscalculation
PR001848,EMP0111,2026-08-23,1460.8,219.12,73.04,90.57,21.18,0.0,0.0,121.25,0.0,935.64,True,False,none
PR001849,EMP0111,2026-08-30,1460.48,219.07,73.02,90.55,21.18,0.0,0.0,121.22,0.0,935.44,False,True,late_journal_posting
PR001850,EMP0111,2026-09-06,1424.0,213.6,71.2,88.29,20.65,0.0,0.0,118.19,0.0,912.07,True,False,none
PR001851,EMP0111,2026-09-13,1417.21,212.58,70.86,87.87,20.55,0.0,0.0,117.63,0.0,907.72,True,False,none
PR001852,EMP0112,2026-04-05,3961.21,594.18,237.67,245.6,57.44,23.77,106.95,0.0,0.0,2826.32,True,False,none
PR001853,EMP0112,2026-04-19,3885.6,582.84,233.14,240.91,56.34,18.23,104.91,0.0,0.0,2772.37,True,False,none
PR001854,EMP0112,2026-05-03,3937.41,590.61,236.24,244.12,57.09,0.0,31.14,0.0,0.0,2809.35,True,False,none
PR001855,EMP0112,2026-05-17,3943.26,591.49,236.6,244.48,57.18,0.0,0.0,0.0,0.0,2813.51,True,False,none
PR001856,EMP0112,2026-05-31,4018.95,602.84,241.14,249.17,58.27,0.0,0.0,0.0,0.0,2867.53,True,False,none
PR001857,EMP0112,2026-06-14,4102.9,615.43,246.17,254.38,59.49,0.0,0.0,0.0,0.0,2927.43,True,False,none
PR001858,EMP0112,2026-06-28,4015.68,602.35,240.94,248.97,58.23,0.0,0.0,0.0,0.0,2865.19,True,False,none
PR001859,EMP0112,2026-07-12,3883.1,582.46,232.99,240.75,56.3,0.0,0.0,0.0,0.0,2770.6,True,False,none
PR001860,EMP0112,2026-07-26,4169.94,625.49,250.2,258.54,60.46,0.0,0.0,0.0,0.0,2975.25,True,False,none
PR001861,EMP0112,2026-08-09,4165.14,624.77,249.91,258.24,60.39,0.0,0.0,0.0,0.0,2971.83,True,False,none
PR001862,EMP0112,2026-08-23,4114.93,617.24,246.9,255.13,59.67,0.0,0.0,0.0,0.0,2935.99,True,False,none
PR001863,EMP0112,2026-09-06,4180.63,627.09,250.84,259.2,60.62,0.0,0.0,0.0,0.0,2982.88,True,False,none
PR001864,EMP0113,2026-04-05,3607.59,541.14,180.38,223.67,52.31,21.65,97.4,0.0,0.0,2610.09,True,False,none
PR001865,EMP0113,2026-04-19,3726.69,559.0,186.33,231.05,54.04,20.35,100.62,0.0,0.0,2696.27,True,False,none
PR001866,EMP0113,2026-05-03,3474.08,521.11,173.7,215.39,50.37,0.0,44.97,0.0,0.0,2513.51,True,False,none
PR001867,EMP0113,2026-05-17,3556.67,533.5,177.83,220.51,51.57,0.0,0.0,0.0,0.0,2573.26,True,False,none
PR001868,EMP0113,2026-05-31,3516.73,527.51,175.84,218.04,50.99,0.0,0.0,0.0,0.0,2544.35,True,False,none
PR001869,EMP0113,2026-06-14,3508.31,526.25,175.42,217.52,50.87,0.0,0.0,0.0,0.0,2538.25,True,False,none
PR001870,EMP0113,2026-06-28,3492.64,523.9,174.63,216.54,50.64,0.0,0.0,0.0,0.0,2526.93,True,False,none
PR001871,EMP0113,2026-07-12,3629.78,544.47,181.49,225.05,52.63,0.0,0.0,0.0,0.0,2626.14,True,False,none
PR001872,EMP0113,2026-07-26,3675.03,551.25,183.75,410.13,53.29,0.0,0.0,0.0,0.0,2658.89,True,True,tax_miscalculation
PR001873,EMP0113,2026-08-09,3617.22,542.58,180.86,224.27,52.45,0.0,0.0,0.0,0.0,2617.06,True,False,none
PR001874,EMP0113,2026-08-23,3494.4,524.16,174.72,216.65,50.67,0.0,0.0,0.0,0.0,2528.2,True,False,none
PR001875,EMP0113,2026-09-06,3683.51,552.53,184.18,228.38,53.41,0.0,0.0,0.0,0.0,2665.01,True,False,none
PR001876,EMP0114,2026-04-05,1657.07,248.56,0.0,102.74,24.03,9.94,44.74,172.34,0.0,1109.4,True,False,none
PR001877,EMP0114,2026-04-19,1624.89,243.73,0.0,100.74,23.56,9.75,43.87,168.99,0.0,1087.87,True,False,none
PR001878,EMP0114,2026-05-03,1662.03,249.3,0.0,103.05,24.1,9.97,44.87,172.85,0.0,1112.73,True,False,none
PR001879,EMP0114,2026-05-17,1608.24,241.24,0.0,99.71,23.32,9.65,43.42,167.26,0.0,1076.71,True,False,none
PR001880,EMP0114,2026-05-31,1619.31,242.9,0.0,100.4,23.48,2.69,43.72,168.41,0.0,1084.12,True,False,none
PR001881,EMP0114,2026-06-14,1693.63,254.04,0.0,105.01,24.56,0.0,22.37,176.14,0.0,1133.88,True,False,none
PR001882,EMP0114,2026-06-28,1612.21,241.83,0.0,99.96,23.38,0.0,0.0,167.67,0.0,1079.37,True,False,none
PR001883,EMP0114,2026-07-12,1635.52,245.33,0.0,101.4,23.72,0.0,0.0,170.09,0.0,1094.98,True,False,none
PR001884,EMP0114,2026-07-26,1690.08,253.51,0.0,104.78,24.51,0.0,0.0,175.77,0.0,1131.51,True,False,none
PR001885,EMP0114,2026-08-09,1666.39,249.96,0.0,103.32,24.16,0.0,0.0,173.3,0.0,1115.65,True,False,none
PR001886,EMP0114,2026-08-23,1582.56,237.38,0.0,98.12,22.95,0.0,0.0,164.59,0.0,1059.52,True,False,none
PR001887,EMP0114,2026-09-06,1593.61,239.04,0.0,98.8,23.11,0.0,0.0,165.74,0.0,1066.92,True,False,none
PR001888,EMP0115,2026-04-05,2547.83,382.17,127.39,157.97,36.94,15.29,68.79,0.0,0.0,1843.36,True,False,none
PR001889,EMP0115,2026-04-19,2678.67,401.8,133.93,166.08,38.84,16.07,72.32,0.0,0.0,1938.02,True,False,none
PR001890,EMP0115,2026-05-03,2640.19,396.03,132.01,163.69,38.28,10.64,71.29,0.0,0.0,1910.18,True,False,none
PR001891,EMP0115,2026-05-17,2574.38,386.16,128.72,159.61,37.33,0.0,30.6,0.0,0.0,1862.56,True,False,none
PR001892,EMP0115,2026-05-31,2747.34,412.1,137.37,170.34,39.84,0.0,0.0,0.0,0.0,1987.69,True,False,none
PR001893,EMP0115,2026-06-14,2657.41,398.61,132.87,164.76,38.53,0.0,0.0,0.0,0.0,1922.64,True,False,none
PR001894,EMP0115,2026-06-28,2596.98,389.55,129.85,161.01,37.66,0.0,0.0,0.0,0.0,1878.91,True,False,none
PR001895,EMP0115,2026-07-12,2651.3,397.69,132.57,164.38,38.44,0.0,0.0,0.0,0.0,1918.22,True,False,none
PR001896,EMP0115,2026-07-26,2688.9,403.33,134.45,166.71,38.99,0.0,0.0,0.0,0.0,1945.42,True,False,none
PR001897,EMP0115,2026-08-09,2562.19,384.33,128.11,158.86,37.15,0.0,0.0,0.0,0.0,1853.74,True,False,none
PR001898,EMP0115,2026-08-23,2603.87,390.58,130.19,161.44,37.76,0.0,0.0,0.0,0.0,1883.9,True,False,none
PR001899,EMP0115,2026-09-06,2715.64,407.35,135.78,168.37,39.38,0.0,0.0,0.0,0.0,1964.76,True,False,none
PR001900,EMP0116,2026-04-05,2055.23,308.28,0.0,127.42,29.8,12.33,55.49,0.0,0.0,1589.73,True,False,none
PR001901,EMP0116,2026-04-19,2069.43,310.41,0.0,128.3,30.01,12.42,55.87,0.0,0.0,1600.71,True,False,none
PR001902,EMP0116,2026-05-03,2050.85,307.63,0.0,127.15,29.74,12.31,55.37,0.0,0.0,1586.33,True,False,none
PR001903,EMP0116,2026-05-17,1987.33,298.1,0.0,123.21,28.82,4.95,53.66,0.0,0.0,1537.2,True,False,none
PR001904,EMP0116,2026-05-31,2007.23,301.08,0.0,124.45,29.1,0.0,22.6,0.0,0.0,1552.6,True,False,none
PR001905,EMP0116,2026-06-14,2052.93,307.94,0.0,127.28,29.77,0.0,0.0,0.0,0.0,1587.94,True,False,none
PR001906,EMP0116,2026-06-28,2014.33,302.15,0.0,124.89,29.21,0.0,0.0,0.0,0.0,1558.08,True,False,none
PR001907,EMP0116,2026-07-12,1988.33,298.25,0.0,123.28,28.83,0.0,0.0,0.0,0.0,1537.97,True,False,none
PR001908,EMP0116,2026-07-26,2117.94,317.69,0.0,131.31,30.71,0.0,0.0,0.0,0.0,1638.23,True,False,none
PR001909,EMP0116,2026-08-09,2140.41,321.06,0.0,132.71,31.04,0.0,0.0,0.0,0.0,1655.6,True,False,none
PR001910,EMP0116,2026-08-23,2109.7,316.45,0.0,130.8,30.59,0.0,0.0,0.0,0.0,1631.86,True,False,none
PR001911,EMP0116,2026-09-06,2119.6,317.94,0.0,131.42,30.73,0.0,0.0,0.0,0.0,1639.51,True,False,none
PR001912,EMP0117,2026-03-31,1509.08,226.36,75.45,93.56,21.88,9.05,40.75,119.22,0.0,972.61,True,False,none
PR001913,EMP0117,2026-04-15,1596.78,239.52,79.84,99.0,23.15,9.58,43.11,126.15,0.0,1029.12,True,False,none
PR001914,EMP0117,2026-04-30,1503.59,225.54,75.18,93.22,21.8,9.02,40.6,118.78,0.0,969.07,True,False,none
PR001915,EMP0117,2026-05-15,1595.66,239.35,79.78,178.07,23.14,9.57,43.08,126.06,0.0,1028.4,True,True,tax_miscalculation
PR001916,EMP0117,2026-05-31,1600.95,240.14,80.05,99.26,23.21,4.77,43.23,126.48,0.0,1031.81,True,False,none
PR001917,EMP0117,2026-06-15,1566.4,234.96,78.32,97.12,22.71,0.0,32.24,123.75,0.0,1009.54,True,False,none
PR001918,EMP0117,2026-06-30,1599.28,239.89,79.96,99.16,23.19,0.0,0.0,126.34,0.0,1030.74,True,False,none
PR001919,EMP0117,2026-07-15,1549.06,232.36,77.45,96.04,22.46,0.0,0.0,122.38,0.0,998.37,True,False,none
PR001920,EMP0117,2026-07-31,1511.23,226.68,75.56,93.7,21.91,0.0,0.0,119.39,0.0,973.99,True,False,none
PR001921,EMP0117,2026-08-15,1532.88,229.93,76.64,95.04,22.23,0.0,0.0,121.1,0.0,987.94,True,False,none
PR001922,EMP0117,2026-08-31,1551.99,232.8,77.6,96.22,22.5,0.0,0.0,122.61,0.0,1000.26,True,False,none
PR001923,EMP0118,2026-03-31,4414.27,662.14,220.71,273.68,64.01,26.49,119.19,97.11,0.0,3096.62,True,True,wage_base_cap_error
PR001924,EMP0118,2026-04-15,4613.04,691.96,230.65,286.01,66.89,15.51,123.81,101.49,0.0,3236.04,True,False,none
PR001925,EMP0118,2026-04-30,4742.9,711.43,237.14,294.06,68.77,0.0,0.0,104.34,0.0,3327.16,True,False,none
PR001926,EMP0118,2026-05-15,4456.62,668.49,222.83,276.31,64.62,0.0,0.0,98.05,0.0,3126.32,True,False,none
PR001927,EMP0118,2026-05-31,4674.65,701.2,233.73,289.83,67.78,0.0,0.0,102.84,0.0,3279.27,True,False,none
PR001928,EMP0118,2026-06-15,4716.38,707.46,235.82,292.42,68.39,0.0,0.0,103.76,0.0,3308.53,True,False,none
PR001929,EMP0118,2026-06-30,4729.34,709.4,236.47,293.22,68.58,0.0,0.0,104.05,0.0,3317.62,True,False,none
PR001930,EMP0118,2026-07-15,4735.28,710.29,236.76,293.59,68.66,0.0,0.0,104.18,0.0,3321.8,True,False,none
PR001931,EMP0118,2026-07-31,4576.53,686.48,228.83,283.74,66.36,0.0,0.0,100.68,0.0,3210.44,True,False,none
PR001932,EMP0118,2026-08-15,4741.5,711.23,237.08,293.97,68.75,0.0,0.0,104.31,0.0,3326.16,True,False,none
PR001933,EMP0118,2026-08-31,4661.88,699.28,233.09,289.04,67.6,0.0,0.0,102.56,0.0,3270.31,True,False,none
PR001934,EMP0119,2026-03-29,1698.71,254.81,101.92,105.32,24.63,10.19,45.87,0.0,0.0,1212.03,True,False,none
PR001935,EMP0119,2026-04-05,1742.29,261.34,104.54,108.02,25.26,10.45,47.04,0.0,0.0,1243.13,True,False,none
PR001936,EMP0119,2026-04-12,1775.67,266.35,106.54,110.09,25.75,10.65,47.94,0.0,0.0,1266.94,True,False,none
PR001937,EMP0119,2026-04-19,1710.55,256.58,102.63,106.05,24.8,10.26,46.18,0.0,0.0,1220.49,True,False,none
PR001938,EMP0119,2026-04-26,1764.93,264.74,105.9,109.43,25.59,0.44,47.65,0.0,0.0,1259.27,True,False,none
PR001939,EMP0119,2026-05-03,1768.52,265.28,106.11,109.65,25.64,0.0,8.31,0.0,0.0,1261.84,True,False,none
PR001940,EMP0119,2026-05-10,1698.85,254.83,101.93,105.33,24.63,0.0,0.0,0.0,0.0,1212.13,True,False,none
PR001941,EMP0119,2026-05-17,1754.48,263.17,105.27,108.78,25.44,0.0,0.0,0.0,0.0,1251.82,True,False,none
PR001942,EMP0119,2026-05-24,1783.04,267.46,106.98,110.55,25.85,0.0,0.0,0.0,0.0,1272.2,True,False,none
PR001943,EMP0119,2026-05-31,1745.33,261.8,104.72,108.21,25.31,0.0,0.0,0.0,0.0,1245.29,True,False,none
PR001944,EMP0119,2026-06-07,1678.03,251.7,100.68,104.04,24.33,0.0,0.0,0.0,0.0,1197.28,True,False,none
PR001945,EMP0119,2026-06-14,1677.61,251.64,100.66,104.01,24.33,0.0,0.0,0.0,0.0,1196.97,True,False,none
PR001946,EMP0119,2026-06-21,1725.72,258.86,103.54,106.99,25.02,0.0,0.0,0.0,0.0,1231.31,True,False,none
PR001947,EMP0119,2026-06-28,1804.41,270.66,108.26,111.87,26.16,0.0,0.0,0.0,0.0,1287.46,True,False,none
PR001948,EMP0119,2026-07-05,1707.97,256.2,102.48,105.89,24.77,0.0,0.0,0.0,0.0,1218.63,True,False,none
PR001949,EMP0119,2026-07-12,1764.06,264.61,105.84,109.37,25.58,0.0,0.0,0.0,0.0,1258.66,True,False,none
PR001950,EMP0119,2026-07-19,1707.06,256.06,102.42,105.84,24.75,0.0,0.0,0.0,0.0,1217.99,True,True,wage_base_cap_error
PR001951,EMP0119,2026-07-26,1720.83,258.12,103.25,106.69,24.95,0.0,0.0,0.0,0.0,1227.82,True,False,none
PR001952,EMP0119,2026-08-02,1793.6,269.04,107.62,111.2,26.01,0.0,0.0,0.0,0.0,1279.73,True,False,none
PR001953,EMP0119,2026-08-09,1777.13,266.57,106.63,110.18,25.77,0.0,0.0,0.0,0.0,1267.98,True,True,wage_base_cap_error
PR001954,EMP0119,2026-08-16,1689.55,253.43,101.37,104.75,24.5,0.0,0.0,0.0,0.0,1205.5,True,False,none
PR001955,EMP0119,2026-08-23,1735.63,260.34,104.14,107.61,25.17,0.0,0.0,0.0,0.0,1238.37,True,False,none
PR001956,EMP0119,2026-08-30,1680.39,252.06,100.82,104.18,24.37,0.0,0.0,0.0,0.0,1198.96,True,False,none
PR001957,EMP0119,2026-09-06,1742.84,261.43,104.57,108.06,25.27,0.0,0.0,0.0,0.0,1243.51,True,False,none
PR001958,EMP0119,2026-09-13,1767.94,265.19,106.08,109.61,25.64,0.0,0.0,0.0,0.0,1261.42,True,False,none
PR001959,EMP0120,2026-04-05,2169.7,325.45,0.0,134.52,31.46,13.02,58.58,184.42,0.0,1493.85,True,False,none
PR001960,EMP0120,2026-04-19,2199.89,329.98,0.0,136.39,31.9,13.2,59.4,186.99,0.0,1514.63,True,False,none
PR001961,EMP0120,2026-05-03,2219.2,332.88,0.0,137.59,32.18,13.32,59.92,188.63,0.0,1527.92,True,False,none
PR001962,EMP0120,2026-05-17,2311.65,346.75,0.0,143.32,33.52,2.47,62.41,196.49,0.0,1591.57,True,False,none
PR001963,EMP0120,2026-05-31,2324.72,348.71,0.0,144.13,33.71,0.0,2.69,197.6,0.0,1600.57,True,False,none
PR001964,EMP0120,2026-06-14,2156.66,323.5,0.0,133.71,31.27,0.0,0.0,183.32,0.0,1484.86,True,False,none
PR001965,EMP0120,2026-06-28,2283.56,342.53,0.0,141.58,33.11,0.0,0.0,194.1,0.0,1429.31,True,True,net_pay_mismatch
PR001966,EMP0120,2026-07-12,2218.25,332.74,0.0,137.53,32.16,0.0,0.0,188.55,0.0,1527.27,True,False,none
PR001967,EMP0120,2026-07-26,2282.37,342.36,0.0,141.51,33.09,0.0,0.0,194.0,0.0,1571.41,True,False,none
PR001968,EMP0120,2026-08-09,2311.46,346.72,0.0,143.31,33.52,0.0,0.0,196.47,0.0,1591.44,True,False,none
PR001969,EMP0120,2026-08-23,2317.22,347.58,0.0,143.67,33.6,0.0,0.0,196.96,0.0,1595.41,True,False,none
PR001970,EMP0120,2026-09-06,2250.97,337.65,0.0,139.56,32.64,0.0,0.0,191.33,0.0,1549.79,True,False,none
PR001971,EMP0121,2026-04-05,1985.75,297.86,79.43,123.12,28.79,11.91,53.62,176.73,0.0,1279.82,True,False,none
PR001972,EMP0121,2026-04-19,2054.22,308.13,82.17,127.36,29.79,12.33,55.46,182.83,0.0,1323.94,True,False,none
PR001973,EMP0121,2026-05-03,1968.87,295.33,78.75,122.07,28.55,11.81,53.16,175.23,0.0,1268.94,True,False,none
PR001974,EMP0121,2026-05-17,2018.67,302.8,80.75,125.16,29.27,5.95,54.5,179.66,0.0,1301.03,True,False,none
PR001975,EMP0121,2026-05-31,1985.98,297.9,79.44,123.13,28.8,0.0,26.26,176.75,0.0,1279.96,True,False,none
PR001976,EMP0121,2026-06-14,2033.4,305.01,81.34,126.07,29.48,0.0,0.0,180.97,0.0,1310.53,True,False,none
PR001977,EMP0121,2026-06-28,1967.18,295.08,78.69,121.97,28.52,0.0,0.0,175.08,0.0,1267.84,True,False,none
PR001978,EMP0121,2026-07-12,1959.41,293.91,78.38,121.48,28.41,0.0,0.0,174.39,0.0,1262.84,True,False,none
PR001979,EMP0121,2026-07-26,2075.02,311.25,83.0,128.65,30.09,0.0,0.0,184.68,0.0,1337.35,True,False,none
PR001980,EMP0121,2026-08-09,1945.13,291.77,77.81,120.6,28.2,0.0,0.0,173.12,0.0,1253.63,True,False,none
PR001981,EMP0121,2026-08-23,2009.43,301.41,80.38,124.58,29.14,0.0,0.0,178.84,0.0,1295.08,True,False,none
PR001982,EMP0121,2026-09-06,1964.07,294.61,78.56,121.77,28.48,0.0,0.0,174.8,0.0,1265.85,True,False,none
PR001983,EMP0122,2026-03-31,3069.41,460.41,0.0,190.3,44.51,18.42,82.87,349.91,0.0,2024.28,True,False,none
PR001984,EMP0122,2026-04-15,3068.67,460.3,0.0,190.26,44.5,18.41,82.85,349.83,0.0,2023.78,True,False,none
PR001985,EMP0122,2026-04-30,3103.8,465.57,0.0,192.44,45.01,5.17,77.27,353.83,0.0,2046.95,True,False,none
PR001986,EMP0122,2026-05-15,3278.3,491.75,0.0,203.25,47.54,0.0,0.0,373.73,0.0,2162.03,True,False,none
PR001987,EMP0122,2026-05-31,3130.87,469.63,0.0,194.11,45.4,0.0,0.0,356.92,0.0,2064.81,True,False,none
PR001988,EMP0122,2026-06-15,3299.42,494.91,0.0,204.56,47.84,0.0,0.0,376.13,0.0,2175.98,True,False,none
PR001989,EMP0122,2026-06-30,3206.35,480.95,0.0,198.79,46.49,0.0,0.0,365.52,0.0,2114.6,True,False,none
PR001990,EMP0122,2026-07-15,3169.76,475.46,0.0,196.53,45.96,0.0,0.0,361.35,0.0,2090.46,True,False,none
PR001991,EMP0122,2026-07-31,3205.96,480.89,0.0,198.77,46.49,0.0,0.0,365.48,0.0,2114.33,True,False,none
PR001992,EMP0122,2026-08-15,3189.97,478.5,0.0,197.78,46.25,0.0,0.0,363.66,0.0,2103.78,True,False,none
PR001993,EMP0122,2026-08-31,3251.05,487.66,0.0,201.57,47.14,0.0,0.0,370.62,0.0,2144.06,True,False,none
PR001994,EMP0123,2026-03-29,907.46,136.12,54.45,56.26,13.16,5.44,24.5,49.0,0.0,598.47,True,False,none
PR001995,EMP0123,2026-04-05,912.62,136.89,54.76,56.58,13.23,5.48,24.64,49.28,0.0,601.88,True,False,none
PR001996,EMP0123,2026-04-12,952.19,142.83,57.13,59.04,13.81,5.71,25.71,51.42,0.0,627.96,True,False,none
PR001997,EMP0123,2026-04-19,956.02,143.4,57.36,59.27,13.86,5.74,25.81,51.63,0.0,630.5,True,False,none
PR001998,EMP0123,2026-04-26,952.08,142.81,57.12,59.03,13.81,5.71,25.71,51.41,0.0,627.9,True,False,none
PR001999,EMP0123,2026-05-03,917.48,137.62,55.05,56.88,13.3,5.5,24.77,49.54,0.0,605.09,True,False,none
PR002000,EMP0123,2026-05-10,943.88,141.58,56.63,58.52,13.69,5.66,25.48,50.97,0.0,622.49,True,False,none
PR002001,EMP0123,2026-05-17,921.64,138.25,55.3,57.14,13.36,2.75,24.88,49.77,0.0,607.82,True,False,none
PR002002,EMP0123,2026-05-24,923.19,138.48,55.39,57.24,13.39,0.0,24.93,49.85,0.0,608.84,True,False,none
PR002003,EMP0123,2026-05-31,901.77,135.27,54.11,55.91,13.08,0.0,16.56,48.7,0.0,594.7,True,False,none
PR002004,EMP0123,2026-06-07,930.04,139.51,55.8,57.66,13.49,0.0,0.0,50.22,0.0,613.36,True,False,none
PR002005,EMP0123,2026-06-14,900.42,135.06,54.03,55.83,13.06,0.0,0.0,48.62,0.0,593.82,True,False,none
PR002006,EMP0123,2026-06-21,911.05,136.66,54.66,56.49,13.21,0.0,0.0,49.2,0.0,600.83,True,False,none
PR002007,EMP0123,2026-06-28,949.34,142.4,56.96,58.86,13.77,0.0,0.0,51.26,0.0,626.09,True,False,none
PR002008,EMP0123,2026-07-05,901.95,135.29,54.12,55.92,13.08,0.0,0.0,48.71,0.0,594.83,True,False,none
PR002009,EMP0123,2026-07-12,892.01,133.8,53.52,55.3,12.93,0.0,0.0,48.17,0.0,588.29,True,False,none
PR002010,EMP0123,2026-07-19,891.85,133.78,53.51,55.29,12.93,0.0,0.0,48.16,0.0,588.18,True,False,none
PR002011,EMP0123,2026-07-26,955.61,143.34,57.34,59.25,13.86,0.0,0.0,51.6,0.0,630.22,True,False,none
PR002012,EMP0123,2026-08-02,923.88,138.58,55.43,57.28,13.4,0.0,0.0,49.89,0.0,609.3,True,False,none
PR002013,EMP0123,2026-08-09,916.75,137.51,55.0,56.84,13.29,0.0,0.0,49.5,0.0,604.61,True,False,none
PR002014,EMP0123,2026-08-16,946.11,141.92,56.77,58.66,13.72,0.0,0.0,51.09,0.0,623.95,True,False,none
PR002015,EMP0123,2026-08-23,947.93,142.19,56.88,58.77,13.74,0.0,0.0,51.19,0.0,625.16,True,False,none
PR002016,EMP0123,2026-08-30,911.1,136.66,54.67,56.49,13.21,0.0,0.0,49.2,0.0,600.87,True,False,none
PR002017,EMP0123,2026-09-06,937.53,140.63,56.25,58.13,13.59,0.0,0.0,50.63,0.0,618.3,True,False,none
PR002018,EMP0123,2026-09-13,943.2,141.48,56.59,58.48,13.68,0.0,0.0,50.93,0.0,622.04,True,False,none
PR002019,EMP0124,2026-03-31,1909.39,286.41,57.28,118.38,27.69,11.46,51.55,213.85,0.0,1205.78,True,False,none
PR002020,EMP0124,2026-04-15,1834.23,275.13,55.03,113.72,26.6,11.01,49.52,205.43,0.0,1158.32,True,False,none
PR002021,EMP0124,2026-04-30,1942.44,291.37,58.27,120.43,28.17,11.65,52.45,217.55,0.0,1226.65,True,False,none
PR002022,EMP0124,2026-05-15,1892.12,283.82,56.76,117.31,27.44,7.88,51.09,211.92,0.0,1194.87,True,False,none
PR002023,EMP0124,2026-05-31,1853.78,278.07,55.61,114.93,26.88,0.0,38.39,207.62,0.0,1170.67,True,False,none
PR002024,EMP0124,2026-06-15,1875.11,281.27,56.25,116.26,27.19,0.0,0.0,210.01,0.0,1184.13,True,False,none
PR002025,EMP0124,2026-06-30,1817.19,272.58,54.52,112.67,26.35,0.0,0.0,203.53,0.0,1147.54,True,False,none
PR002026,EMP0124,2026-07-15,1830.68,274.6,54.92,113.5,26.54,0.0,0.0,205.04,0.0,1156.08,True,False,none
PR002027,EMP0124,2026-07-31,1925.96,288.89,57.78,119.41,27.93,0.0,0.0,215.71,0.0,1216.24,True,False,none
PR002028,EMP0124,2026-08-15,1811.58,271.74,54.35,112.32,26.27,0.0,0.0,202.9,0.0,1144.0,True,False,none
PR002029,EMP0124,2026-08-31,1873.81,281.07,56.21,116.18,27.17,0.0,0.0,209.87,0.0,1183.31,True,False,none
PR002030,EMP0125,2026-03-29,2551.67,382.75,102.07,158.2,37.0,15.31,68.9,0.0,0.0,1871.65,True,False,none
PR002031,EMP0125,2026-04-05,2457.28,368.59,98.29,152.35,35.63,14.74,66.35,0.0,0.0,1802.42,True,False,none
PR002032,EMP0125,2026-04-12,2642.57,396.39,105.7,163.84,38.32,11.95,71.35,0.0,0.0,1938.32,True,False,none
PR002033,EMP0125,2026-04-19,2491.87,373.78,99.67,154.5,36.13,0.0,36.41,0.0,0.0,1827.79,True,False,none
PR002034,EMP0125,2026-04-26,2507.63,376.14,100.31,155.47,36.36,0.0,0.0,0.0,0.0,1839.35,True,False,none
PR002035,EMP0125,2026-05-03,2507.57,376.14,100.3,155.47,36.36,0.0,0.0,0.0,0.0,1839.3,True,False,none
PR002036,EMP0125,2026-05-10,2492.74,373.91,99.71,154.55,36.14,0.0,0.0,0.0,0.0,1828.43,True,False,none
PR002037,EMP0125,2026-05-17,2446.55,366.98,97.86,151.69,35.47,0.0,0.0,0.0,0.0,1794.55,True,False,none
PR002038,EMP0125,2026-05-24,2593.4,389.01,103.74,160.79,37.6,0.0,0.0,0.0,0.0,1902.26,True,False,none
PR002039,EMP0125,2026-05-31,2641.32,396.2,105.65,163.76,38.3,0.0,0.0,0.0,0.0,1937.41,True,False,none
PR002040,EMP0125,2026-06-07,2491.51,373.73,99.66,154.47,36.13,0.0,0.0,0.0,0.0,1827.52,True,False,none
PR002041,EMP0125,2026-06-14,2580.02,387.0,103.2,159.96,37.41,0.0,0.0,0.0,0.0,1892.45,True,False,none
PR002042,EMP0125,2026-06-21,2595.93,389.39,103.84,160.95,37.64,0.0,0.0,0.0,0.0,1904.11,True,False,none
PR002043,EMP0125,2026-06-28,2617.43,392.61,104.7,162.28,37.95,0.0,0.0,0.0,0.0,1919.89,True,False,none
PR002044,EMP0125,2026-07-05,2531.52,379.73,101.26,156.95,36.71,0.0,0.0,0.0,0.0,1856.87,True,False,none
PR002045,EMP0125,2026-07-12,2507.37,376.11,100.29,155.46,36.36,0.0,0.0,0.0,0.0,1839.15,True,False,none
PR002046,EMP0125,2026-07-19,2511.88,376.78,100.48,155.74,36.42,0.0,0.0,0.0,0.0,1842.46,True,False,none
PR002047,EMP0125,2026-07-26,2590.03,388.5,103.6,160.58,37.56,0.0,0.0,0.0,0.0,1899.79,True,False,none
PR002048,EMP0125,2026-08-02,2611.04,391.66,104.44,161.88,37.86,0.0,0.0,0.0,0.0,1915.2,True,False,none
PR002049,EMP0125,2026-08-09,2482.89,372.43,99.32,153.94,36.0,0.0,0.0,0.0,0.0,1821.2,True,False,none
PR002050,EMP0125,2026-08-16,2521.09,378.16,100.84,156.31,36.56,0.0,0.0,0.0,0.0,1849.22,True,False,none
PR002051,EMP0125,2026-08-23,2628.22,394.23,105.13,162.95,38.11,0.0,0.0,0.0,0.0,1927.8,True,False,none
PR002052,EMP0125,2026-08-30,2609.01,391.35,104.36,161.76,37.83,0.0,0.0,0.0,0.0,1913.71,True,False,none
PR002053,EMP0125,2026-09-06,2644.95,396.74,105.8,163.99,38.35,0.0,0.0,0.0,0.0,1940.07,True,False,none
PR002054,EMP0125,2026-09-13,2598.42,389.76,103.94,161.1,37.68,0.0,0.0,0.0,0.0,1905.94,True,False,none
PR002055,EMP0126,2026-03-29,1177.62,176.64,70.66,73.01,17.08,7.07,31.8,0.0,0.0,840.23,True,False,none
PR002056,EMP0126,2026-04-05,1196.2,179.43,71.77,74.16,17.34,7.18,32.3,0.0,0.0,853.5,True,False,none
PR002057,EMP0126,2026-04-12,1202.82,180.42,72.17,74.57,17.44,7.22,32.48,0.0,0.0,858.22,True,False,none
PR002058,EMP0126,2026-04-19,1148.01,172.2,68.88,71.18,16.65,6.89,31.0,0.0,0.0,819.1,True,False,none
PR002059,EMP0126,2026-04-26,1191.86,178.78,71.51,73.9,17.28,7.15,32.18,0.0,0.0,850.39,True,False,none
PR002060,EMP0126,2026-05-03,1207.36,181.1,72.44,74.86,17.51,6.5,32.6,0.0,0.0,861.45,True,False,none
PR002061,EMP0126,2026-05-10,1156.37,173.46,69.38,71.69,16.77,0.0,31.22,0.0,0.0,825.07,True,False,none
PR002062,EMP0126,2026-05-17,1214.07,182.11,72.84,75.27,17.6,0.0,19.43,0.0,0.0,866.25,True,False,none
PR002063,EMP0126,2026-05-24,1195.55,179.33,71.73,74.12,17.34,0.0,0.0,0.0,0.0,853.03,True,False,none
PR002064,EMP0126,2026-05-31,1230.21,184.53,73.81,76.27,17.84,0.0,0.0,0.0,0.0,877.76,True,False,none
PR002065,EMP0126,2026-06-07,1144.62,171.69,68.68,70.97,16.6,0.0,0.0,0.0,0.0,816.68,True,False,none
PR002066,EMP0126,2026-06-14,1165.59,174.84,69.94,72.27,16.9,0.0,0.0,0.0,0.0,831.64,True,False,none
PR002067,EMP0126,2026-06-21,1197.22,179.58,71.83,74.23,17.36,0.0,0.0,0.0,0.0,854.22,True,False,none
PR002068,EMP0126,2026-06-28,1168.53,175.28,70.11,72.45,16.94,0.0,0.0,0.0,0.0,833.75,True,False,none
PR002069,EMP0126,2026-07-05,1207.84,181.18,72.47,74.89,17.51,0.0,0.0,0.0,0.0,861.79,True,False,none
PR002070,EMP0126,2026-07-12,1212.04,181.81,72.72,75.15,17.57,0.0,0.0,0.0,0.0,940.42,True,True,net_pay_mismatch
PR002071,EMP0126,2026-07-19,1188.97,178.35,71.34,73.72,17.24,0.0,0.0,0.0,0.0,848.32,True,False,none
PR002072,EMP0126,2026-07-26,1188.51,178.28,71.31,73.69,17.23,0.0,0.0,0.0,0.0,848.0,True,False,none
PR002073,EMP0126,2026-08-02,1175.37,176.31,70.52,72.87,17.04,0.0,0.0,0.0,0.0,838.63,True,False,none
PR002074,EMP0126,2026-08-09,1228.4,184.26,73.7,76.16,17.81,0.0,0.0,0.0,0.0,876.47,True,False,none
PR002075,EMP0126,2026-08-16,1218.48,182.77,73.11,75.55,17.67,0.0,0.0,0.0,0.0,869.38,True,False,none
PR002076,EMP0126,2026-08-23,1206.22,180.93,72.37,74.79,17.49,0.0,0.0,0.0,0.0,860.64,True,False,none
PR002077,EMP0126,2026-08-30,1207.83,181.17,72.47,74.89,17.51,0.0,0.0,0.0,0.0,861.79,True,False,none
PR002078,EMP0126,2026-09-06,1184.07,177.61,71.04,73.41,17.17,0.0,0.0,0.0,0.0,844.84,True,False,none
PR002079,EMP0126,2026-09-13,1227.27,184.09,73.64,76.09,17.8,0.0,0.0,0.0,0.0,875.65,True,False,none
PR002080,EMP0127,2026-03-29,2101.98,315.3,105.1,130.32,30.48,12.61,56.75,0.0,0.0,1520.78,True,False,none
PR002081,EMP0127,2026-04-05,2107.62,316.14,105.38,130.67,30.56,12.65,56.91,0.0,0.0,1524.87,True,False,none
PR002082,EMP0127,2026-04-12,2129.38,319.41,106.47,132.02,30.88,12.78,57.49,0.0,0.0,1540.6,True,False,none
PR002083,EMP0127,2026-04-19,2033.03,304.95,101.65,126.05,29.48,3.97,54.89,0.0,0.0,1470.9,True,False,none
PR002084,EMP0127,2026-04-26,2120.43,318.06,106.02,131.47,30.75,0.0,16.96,0.0,0.0,1534.13,True,False,none
PR002085,EMP0127,2026-05-03,2020.11,303.02,101.01,125.25,29.29,0.0,0.0,0.0,0.0,1597.88,True,True,net_pay_mismatch
PR002086,EMP0127,2026-05-10,2043.12,306.47,102.16,126.67,29.63,0.0,0.0,0.0,0.0,1478.19,True,False,none
PR002087,EMP0127,2026-05-17,2148.54,322.28,107.43,133.21,31.15,0.0,0.0,0.0,0.0,1554.47,True,False,none
PR002088,EMP0127,2026-05-24,2128.54,319.28,106.43,131.97,30.86,0.0,0.0,0.0,0.0,1540.0,True,False,none
PR002089,EMP0127,2026-05-31,2103.06,315.46,105.15,130.39,30.49,0.0,0.0,0.0,0.0,1521.57,True,False,none
PR002090,EMP0127,2026-06-07,2107.31,316.1,105.37,130.65,30.56,0.0,0.0,0.0,0.0,1524.63,True,False,none
PR002091,EMP0127,2026-06-14,2080.25,312.04,104.01,128.98,30.16,0.0,0.0,0.0,0.0,1505.06,True,False,none
PR002092,EMP0127,2026-06-21,2143.38,321.51,107.17,132.89,31.08,0.0,0.0,0.0,0.0,1550.73,True,False,none
PR002093,EMP0127,2026-06-28,2069.46,310.42,103.47,128.31,30.01,0.0,0.0,0.0,0.0,1497.25,True,False,none
PR002094,EMP0127,2026-07-05,2050.49,307.57,102.52,127.13,29.73,0.0,0.0,0.0,0.0,1483.54,True,False,none
PR002095,EMP0127,2026-07-12,2014.83,302.22,100.74,124.92,29.22,0.0,0.0,0.0,0.0,1457.73,True,False,none
PR002096,EMP0127,2026-07-19,2117.0,317.55,105.85,131.25,30.7,0.0,0.0,0.0,0.0,1531.65,True,False,none
PR002097,EMP0127,2026-07-26,2108.52,316.28,105.43,130.73,30.57,0.0,0.0,0.0,0.0,1525.51,True,False,none
PR002098,EMP0127,2026-08-02,2051.11,307.67,102.56,127.17,29.74,0.0,0.0,0.0,0.0,1483.97,True,False,none
PR002099,EMP0127,2026-08-09,1992.22,298.83,99.61,123.52,28.89,0.0,0.0,0.0,0.0,1441.37,True,False,none
PR002100,EMP0127,2026-08-16,2125.66,318.85,106.28,131.79,30.82,0.0,0.0,0.0,0.0,1537.92,True,False,none
PR002101,EMP0127,2026-08-23,1989.97,298.5,99.5,123.38,28.85,0.0,0.0,0.0,0.0,1439.74,True,False,none
PR002102,EMP0127,2026-08-30,2103.48,315.52,105.17,130.42,30.5,0.0,0.0,0.0,0.0,1521.87,True,False,none
PR002103,EMP0127,2026-09-06,2147.18,322.08,107.36,133.13,31.13,0.0,0.0,0.0,0.0,1553.48,True,False,none
PR002104,EMP0127,2026-09-13,2059.86,308.98,102.99,127.71,29.87,0.0,0.0,0.0,0.0,1490.31,True,False,none
PR002105,EMP0128,2026-03-29,2364.48,354.67,141.87,146.6,34.28,14.19,63.84,179.7,0.0,1507.36,True,False,none
PR002106,EMP0128,2026-04-05,2454.38,368.16,147.26,152.17,35.59,14.73,66.27,186.53,0.0,1564.67,True,False,none
PR002107,EMP0128,2026-04-12,2475.85,371.38,148.55,153.5,35.9,13.09,66.85,188.16,0.0,1578.36,True,False,none
PR002108,EMP0128,2026-04-19,2424.07,363.61,145.44,150.29,35.15,0.0,46.04,184.23,0.0,1545.35,True,False,none
PR002109,EMP0128,2026-04-26,2504.53,375.68,150.27,155.28,36.32,0.0,0.0,190.34,0.0,1596.64,True,False,none
PR002110,EMP0128,2026-05-03,2329.42,349.41,139.77,144.42,33.78,0.0,0.0,177.04,0.0,1485.0,True,False,none
PR002111,EMP0128,2026-05-10,2416.1,362.41,144.97,149.8,35.03,0.0,0.0,183.62,0.0,1540.27,True,False,none
PR002112,EMP0128,2026-05-17,2456.97,368.55,147.42,152.33,35.63,0.0,0.0,186.73,0.0,1566.31,True,False,none
PR002113,EMP0128,2026-05-24,2484.56,372.68,149.07,154.04,36.03,0.0,0.0,188.83,0.0,1583.91,True,False,none
PR002114,EMP0128,2026-05-31,2353.83,353.07,141.23,145.94,34.13,0.0,0.0,178.89,0.0,1500.57,True,False,none
PR002115,EMP0128,2026-06-07,2472.58,370.89,148.35,153.3,35.85,0.0,0.0,187.92,0.0,1576.27,True,False,none
PR002116,EMP0128,2026-06-14,2425.27,363.79,145.52,150.37,35.17,0.0,0.0,184.32,0.0,1546.1,True,False,none
PR002117,EMP0128,2026-06-21,2395.39,359.31,143.72,148.51,34.73,0.0,0.0,182.05,0.0,1527.07,True,False,none
PR002118,EMP0128,2026-06-28,2344.73,351.71,140.68,145.37,34.0,0.0,0.0,178.2,0.0,1494.77,True,False,none
PR002119,EMP0128,2026-07-05,2485.07,372.76,149.1,154.07,36.03,0.0,0.0,188.87,0.0,1584.24,True,False,none
PR002120,EMP0128,2026-07-12,2349.62,352.44,140.98,145.68,34.07,0.0,0.0,178.57,0.0,1497.88,True,False,none
PR002121,EMP0128,2026-07-19,2378.8,356.82,142.73,147.49,34.49,0.0,0.0,180.79,0.0,1516.48,True,False,none
PR002122,EMP0128,2026-07-26,2375.02,356.25,313.5,147.25,34.44,0.0,0.0,180.5,0.0,1514.08,True,True,tax_miscalculation
PR002123,EMP0128,2026-08-02,2486.24,372.94,149.17,154.15,36.05,0.0,0.0,188.95,0.0,1584.98,True,False,none
PR002124,EMP0128,2026-08-09,2448.22,367.23,146.89,151.79,35.5,0.0,0.0,186.06,0.0,1560.75,True,False,none
PR002125,EMP0128,2026-08-16,2471.94,370.79,148.32,153.26,35.84,0.0,0.0,187.87,0.0,1575.86,True,False,none
PR002126,EMP0128,2026-08-23,2367.45,355.12,142.05,146.78,34.33,0.0,0.0,179.93,0.0,1509.24,True,False,none
PR002127,EMP0128,2026-08-30,2439.07,365.86,146.34,151.22,35.37,0.0,0.0,185.37,0.0,1554.91,True,False,none
PR002128,EMP0128,2026-09-06,2428.91,364.34,145.73,150.59,35.22,0.0,0.0,184.6,0.0,1548.43,True,False,none
PR002129,EMP0128,2026-09-13,2478.86,371.83,148.73,153.69,35.94,0.0,0.0,188.39,0.0,1580.28,True,False,none
PR002130,EMP0129,2026-03-29,1841.4,276.21,92.07,114.17,26.7,11.05,49.72,81.02,0.0,1251.23,True,False,none
PR002131,EMP0129,2026-04-05,1715.08,257.26,85.75,106.33,24.87,10.29,46.31,75.46,0.0,1165.41,True,False,none
PR002132,EMP0129,2026-04-12,1808.61,271.29,90.43,112.13,26.22,10.85,48.83,79.58,0.0,1228.96,True,False,none
PR002133,EMP0129,2026-04-19,1720.69,258.1,86.03,106.68,24.95,9.81,46.46,75.71,0.0,1169.22,True,False,none
PR002134,EMP0129,2026-04-26,1790.92,268.64,89.55,111.04,25.97,0.0,48.35,78.8,0.0,1216.92,True,False,none
PR002135,EMP0129,2026-05-03,1754.01,263.1,87.7,108.75,25.43,0.0,3.33,77.18,0.0,1191.85,True,False,none
PR002136,EMP0129,2026-05-10,1756.72,263.51,87.84,108.92,25.47,0.0,0.0,77.3,0.0,1193.68,True,False,none
PR002137,EMP0129,2026-05-17,1763.24,264.49,88.16,109.32,25.57,0.0,0.0,77.58,0.0,1198.12,True,False,none
PR002138,EMP0129,2026-05-24,1801.16,270.17,90.06,111.67,26.12,0.0,0.0,79.25,0.0,1223.89,True,False,none
PR002139,EMP0129,2026-05-31,1760.57,264.09,88.03,109.16,25.53,0.0,0.0,77.47,0.0,1196.29,True,False,none
PR002140,EMP0129,2026-06-07,1816.9,272.54,90.85,112.65,26.35,0.0,0.0,79.94,0.0,1234.57,True,False,none
PR002141,EMP0129,2026-06-14,1770.53,265.58,88.53,109.77,25.67,0.0,0.0,77.9,0.0,1203.08,True,False,none
PR002142,EMP0129,2026-06-21,1723.02,258.45,86.15,106.83,24.98,0.0,0.0,75.81,0.0,1170.8,True,False,none
PR002143,EMP0129,2026-06-28,1824.12,273.62,91.21,113.1,26.45,0.0,0.0,80.26,0.0,1239.48,True,False,none
PR002144,EMP0129,2026-07-05,1753.75,263.06,87.69,108.73,25.43,0.0,0.0,77.16,0.0,1191.68,True,False,none
PR002145,EMP0129,2026-07-12,1774.52,266.18,88.73,110.02,25.73,0.0,0.0,78.08,0.0,1205.78,True,False,none
PR002146,EMP0129,2026-07-19,1810.22,271.53,90.51,112.23,26.25,0.0,0.0,79.65,0.0,1230.05,True,False,none
PR002147,EMP0129,2026-07-26,1760.34,264.05,88.02,109.14,25.52,0.0,0.0,77.45,0.0,1196.16,True,False,none
PR002148,EMP0129,2026-08-02,1721.36,258.2,86.07,106.72,24.96,0.0,0.0,75.74,0.0,1169.67,True,False,none
PR002149,EMP0129,2026-08-09,1766.2,264.93,88.31,109.5,25.61,0.0,0.0,77.71,0.0,1200.14,True,False,none
PR002150,EMP0129,2026-08-16,1846.82,277.02,92.34,114.5,26.78,0.0,0.0,81.26,0.0,1254.92,True,False,none
PR002151,EMP0129,2026-08-23,1804.05,270.61,90.2,111.85,26.16,0.0,0.0,79.38,0.0,1225.85,True,False,none
PR002152,EMP0129,2026-08-30,1808.25,271.24,90.41,112.11,26.22,0.0,0.0,79.56,0.0,1228.71,True,True,wage_base_cap_error
PR002153,EMP0129,2026-09-06,1802.71,270.41,90.14,111.77,26.14,0.0,0.0,79.32,0.0,1224.93,True,False,none
PR002154,EMP0129,2026-09-13,1741.48,261.22,87.07,107.97,25.25,0.0,0.0,76.63,0.0,1183.34,True,False,none
PR002155,EMP0130,2026-03-29,820.54,123.08,41.03,50.87,11.9,4.92,22.15,90.26,0.0,503.4,True,False,none
PR002156,EMP0130,2026-04-05,842.3,126.34,42.12,52.22,12.21,5.05,22.74,92.65,0.0,516.76,True,False,none
PR002157,EMP0130,2026-04-12,799.8,119.97,39.99,49.59,11.6,4.8,21.59,87.98,0.0,490.67,True,False,none
PR002158,EMP0130,2026-04-19,811.35,121.7,40.57,50.3,11.76,4.87,21.91,89.25,0.0,497.77,True,False,none
PR002159,EMP0130,2026-04-26,811.25,121.69,40.56,50.3,11.76,4.87,21.9,89.24,0.0,497.7,True,False,none
PR002160,EMP0130,2026-05-03,821.43,123.21,41.07,50.93,11.91,4.93,22.18,90.36,0.0,503.95,True,False,none
PR002161,EMP0130,2026-05-10,857.31,128.6,42.87,53.15,12.43,5.14,23.15,94.3,0.0,525.96,True,False,none
PR002162,EMP0130,2026-05-17,797.59,119.64,39.88,49.45,11.57,4.79,21.53,87.73,0.0,489.32,True,False,none
PR002163,EMP0130,2026-05-24,827.1,124.06,41.36,51.28,11.99,2.63,22.33,90.98,0.0,507.43,True,False,none
PR002164,EMP0130,2026-05-31,804.91,120.74,40.25,49.9,11.67,0.0,21.73,88.54,0.0,493.81,True,False,none
PR002165,EMP0130,2026-06-07,856.67,128.5,42.83,53.11,12.42,0.0,21.77,94.23,0.0,525.58,True,False,none
PR002166,EMP0130,2026-06-14,800.58,120.09,40.03,49.64,11.61,0.0,0.0,88.06,0.0,491.15,True,False,none
PR002167,EMP0130,2026-06-21,819.58,122.94,40.98,50.81,11.88,0.0,0.0,90.15,0.0,502.82,True,False,none
PR002168,EMP0130,2026-06-28,841.44,126.22,42.07,52.17,12.2,0.0,0.0,92.56,0.0,516.22,True,False,none
PR002169,EMP0130,2026-07-05,839.26,125.89,41.96,52.03,12.17,0.0,0.0,92.32,0.0,514.89,True,False,none
PR002170,EMP0130,2026-07-12,820.83,123.12,41.04,50.89,11.9,0.0,0.0,90.29,0.0,503.59,True,False,none
PR002171,EMP0130,2026-07-19,815.84,122.38,40.79,50.58,11.83,0.0,0.0,89.74,0.0,500.52,True,False,none
PR002172,EMP0130,2026-07-26,819.18,122.88,40.96,50.79,11.88,0.0,0.0,90.11,0.0,502.56,True,False,none
PR002173,EMP0130,2026-08-02,810.46,121.57,40.52,50.25,11.75,0.0,0.0,89.15,0.0,497.22,True,False,none
PR002174,EMP0130,2026-08-09,806.61,120.99,40.33,50.01,11.7,0.0,0.0,88.73,0.0,494.85,True,False,none
PR002175,EMP0130,2026-08-16,824.77,123.72,41.24,51.14,11.96,0.0,0.0,90.72,0.0,505.99,True,False,none
PR002176,EMP0130,2026-08-23,810.74,121.61,40.54,50.27,11.76,0.0,0.0,89.18,0.0,497.38,True,False,none
PR002177,EMP0130,2026-08-30,811.98,121.8,40.6,50.34,11.77,0.0,0.0,89.32,0.0,498.15,True,False,none
PR002178,EMP0130,2026-09-06,836.14,125.42,41.81,93.31,12.12,0.0,0.0,91.98,0.0,512.97,True,True,tax_miscalculation
PR002179,EMP0130,2026-09-13,856.53,128.48,42.83,53.1,12.42,0.0,0.0,94.22,0.0,525.48,True,False,none
PR002180,EMP0131,2026-03-31,5674.73,851.21,0.0,351.83,82.28,34.05,153.22,0.0,0.0,4389.41,True,False,none
PR002181,EMP0131,2026-04-15,5439.94,815.99,0.0,337.28,78.88,7.95,89.78,0.0,0.0,4207.79,True,False,none
PR002182,EMP0131,2026-04-30,5439.31,815.9,0.0,337.24,78.87,0.0,0.0,0.0,0.0,4207.3,True,False,none
PR002183,EMP0131,2026-05-15,5829.79,874.47,0.0,361.45,84.53,0.0,0.0,0.0,0.0,4509.34,True,False,none
PR002184,EMP0131,2026-05-31,5538.16,830.72,0.0,343.37,80.3,0.0,0.0,0.0,0.0,4283.77,True,False,none
PR002185,EMP0131,2026-06-15,5446.66,817.0,0.0,337.69,78.98,0.0,0.0,0.0,0.0,4212.99,True,True,duplicate_deduction
PR002186,EMP0131,2026-06-30,5672.69,850.9,0.0,351.71,82.25,0.0,0.0,0.0,0.0,4387.83,True,False,none
PR002187,EMP0131,2026-07-15,5683.66,852.55,0.0,352.39,82.41,0.0,0.0,0.0,0.0,4396.31,True,False,none
PR002188,EMP0131,2026-07-31,5694.74,854.21,0.0,353.07,82.57,0.0,0.0,0.0,0.0,4404.89,True,True,tax_miscalculation
PR002189,EMP0131,2026-08-15,5524.83,828.72,0.0,342.54,80.11,0.0,0.0,0.0,0.0,4273.46,True,False,none
PR002190,EMP0131,2026-08-31,5412.35,811.85,0.0,335.57,78.48,0.0,0.0,0.0,0.0,4186.45,True,False,none
PR002191,EMP0132,2026-04-05,4170.3,625.54,0.0,258.56,60.47,25.02,112.6,225.2,0.0,3000.53,True,False,none
PR002192,EMP0132,2026-04-19,3942.79,591.42,0.0,244.45,57.17,16.98,106.46,212.91,0.0,2836.84,True,False,none
PR002193,EMP0132,2026-05-03,4078.23,611.73,0.0,252.85,59.13,0.0,23.95,220.22,0.0,2934.3,True,False,none
PR002194,EMP0132,2026-05-17,4087.98,613.2,0.0,253.45,59.28,0.0,0.0,220.75,0.0,2941.3,True,False,none
PR002195,EMP0132,2026-05-31,4057.2,608.58,0.0,251.55,58.83,0.0,0.0,219.09,0.0,2919.15,True,False,none
PR002196,EMP0132,2026-06-14,3962.54,594.38,0.0,245.68,57.46,0.0,0.0,213.98,0.0,2851.04,True,False,none
PR002197,EMP0132,2026-06-28,3949.22,592.38,0.0,244.85,57.26,0.0,0.0,213.26,0.0,2841.47,True,False,none
PR002198,EMP0132,2026-07-12,4053.26,607.99,0.0,251.3,58.77,0.0,0.0,218.88,0.0,2916.32,True,False,none
PR002199,EMP0132,2026-07-26,4138.78,620.82,0.0,256.6,60.01,0.0,0.0,223.49,0.0,2977.86,True,False,none
PR002200,EMP0132,2026-08-09,4164.47,624.67,0.0,258.2,60.38,0.0,0.0,224.88,0.0,2996.34,True,False,none
PR002201,EMP0132,2026-08-23,3896.6,584.49,0.0,241.59,56.5,0.0,0.0,210.42,0.0,2803.6,True,False,none
PR002202,EMP0132,2026-09-06,3912.18,586.83,0.0,242.56,56.73,0.0,0.0,211.26,0.0,2814.8,True,False,none
PR002203,EMP0133,2026-03-31,3113.24,466.99,0.0,193.02,45.14,18.68,84.06,0.0,0.0,2408.09,True,False,none
PR002204,EMP0133,2026-04-15,3063.65,459.55,0.0,189.95,44.42,18.38,82.72,0.0,0.0,2369.73,True,False,none
PR002205,EMP0133,2026-04-30,3098.53,464.78,0.0,192.11,44.93,4.94,76.22,0.0,0.0,2396.71,True,False,none
PR002206,EMP0133,2026-05-15,2936.47,440.47,0.0,182.06,42.58,0.0,0.0,0.0,0.0,2271.36,True,False,none
PR002207,EMP0133,2026-05-31,3028.17,454.23,0.0,187.75,43.91,0.0,0.0,0.0,0.0,2342.28,True,False,none
PR002208,EMP0133,2026-06-15,3055.22,458.28,0.0,189.42,44.3,0.0,0.0,0.0,0.0,2363.22,True,True,duplicate_deduction
PR002209,EMP0133,2026-06-30,3050.21,457.53,0.0,189.11,44.23,0.0,0.0,0.0,0.0,2359.34,True,False,none
PR002210,EMP0133,2026-07-15,2985.43,447.81,0.0,185.1,43.29,0.0,0.0,0.0,0.0,2309.23,True,False,none
PR002211,EMP0133,2026-07-31,2891.87,433.78,0.0,179.3,41.93,0.0,0.0,0.0,0.0,2236.86,True,False,none
PR002212,EMP0133,2026-08-15,3027.06,454.06,0.0,187.68,43.89,0.0,0.0,0.0,0.0,2341.43,True,False,none
PR002213,EMP0133,2026-08-31,2948.49,442.27,0.0,182.81,42.75,0.0,0.0,0.0,0.0,2280.66,True,False,none
PR002214,EMP0134,2026-03-31,4779.98,717.0,286.8,296.36,69.31,28.68,129.06,0.0,0.0,3410.51,True,False,none
PR002215,EMP0134,2026-04-15,4972.82,745.92,298.37,308.31,72.11,13.32,113.94,0.0,0.0,3548.11,True,False,none
PR002216,EMP0134,2026-04-30,4760.51,714.08,285.63,295.15,69.03,0.0,0.0,0.0,0.0,3396.62,True,False,none
PR002217,EMP0134,2026-05-15,4928.05,739.21,295.68,305.54,71.46,0.0,0.0,0.0,0.0,3516.16,True,False,none
PR002218,EMP0134,2026-05-31,4680.5,702.07,280.83,290.19,67.87,0.0,0.0,0.0,0.0,3339.54,True,False,none
PR002219,EMP0134,2026-06-15,4864.44,729.67,291.87,301.6,70.53,0.0,0.0,0.0,0.0,3470.77,True,False,none
PR002220,EMP0134,2026-06-30,4980.2,747.03,298.81,308.77,72.21,0.0,0.0,0.0,0.0,3553.38,True,False,none
PR002221,EMP0134,2026-07-15,4647.56,697.13,278.85,288.15,67.39,0.0,0.0,0.0,0.0,3316.04,True,False,none
PR002222,EMP0134,2026-07-31,4612.0,691.8,276.72,285.94,66.87,0.0,0.0,0.0,0.0,3290.67,True,False,none
PR002223,EMP0134,2026-08-15,4773.64,716.05,286.42,295.97,69.22,0.0,0.0,0.0,0.0,3405.98,True,False,none
PR002224,EMP0134,2026-08-31,4644.04,696.61,278.64,287.93,67.34,0.0,0.0,0.0,0.0,3313.52,True,False,none
PR002225,EMP0135,2026-04-05,5282.98,792.45,0.0,327.54,76.6,31.7,142.64,575.84,0.0,3510.55,True,False,none
PR002226,EMP0135,2026-04-19,5351.17,802.68,0.0,331.77,77.59,10.3,100.36,583.28,0.0,3555.85,True,False,none
PR002227,EMP0135,2026-05-03,5153.97,773.1,0.0,319.55,74.73,0.0,0.0,561.78,0.0,3424.81,True,False,none
PR002228,EMP0135,2026-05-17,5082.03,762.3,0.0,315.09,73.69,0.0,0.0,553.94,0.0,3377.01,True,False,none
PR002229,EMP0135,2026-05-31,5154.13,773.12,0.0,319.56,74.73,0.0,0.0,561.8,0.0,3424.92,True,False,none
PR002230,EMP0135,2026-06-14,5272.74,790.91,0.0,326.91,76.45,0.0,0.0,574.73,0.0,3503.74,True,False,none
PR002231,EMP0135,2026-06-28,4979.57,746.94,0.0,308.73,72.2,0.0,0.0,542.77,0.0,3308.93,True,False,none
PR002232,EMP0135,2026-07-12,5217.76,782.66,0.0,323.5,75.66,0.0,0.0,568.74,0.0,3467.2,True,False,none
PR002233,EMP0135,2026-07-26,5227.54,784.13,0.0,324.11,75.8,0.0,0.0,569.8,0.0,3473.7,True,False,none
PR002234,EMP0135,2026-08-09,5237.55,785.63,0.0,324.73,75.94,0.0,0.0,570.89,0.0,3480.36,True,False,none
PR002235,EMP0135,2026-08-23,5075.18,761.28,0.0,314.66,73.59,0.0,0.0,553.19,0.0,3372.46,True,False,none
PR002236,EMP0135,2026-09-06,5268.89,790.33,0.0,326.67,76.4,0.0,0.0,574.31,0.0,3501.18,True,False,none
PR002237,EMP0136,2026-03-29,2257.7,338.65,112.88,139.98,32.74,13.55,60.96,189.65,0.0,1443.8,True,False,none
PR002238,EMP0136,2026-04-05,2277.64,341.65,113.88,141.21,33.03,13.67,61.5,191.32,0.0,1456.55,True,False,none
PR002239,EMP0136,2026-04-12,2402.98,360.45,120.15,148.98,34.84,14.42,64.88,201.85,0.0,1536.71,True,False,none
PR002240,EMP0136,2026-04-19,2377.33,356.6,118.87,147.39,34.47,0.37,55.67,199.7,0.0,1520.3,True,False,none
PR002241,EMP0136,2026-04-26,2243.35,336.5,112.17,139.09,32.53,0.0,0.0,188.44,0.0,1434.62,True,False,none
PR002242,EMP0136,2026-05-03,2286.71,343.01,114.34,141.78,33.16,0.0,0.0,192.08,0.0,1462.34,True,False,none
PR002243,EMP0136,2026-05-10,2280.44,342.07,114.02,141.39,33.07,0.0,0.0,191.56,0.0,1458.33,True,False,none
PR002244,EMP0136,2026-05-17,2290.86,343.63,114.54,142.03,33.22,0.0,0.0,192.43,0.0,1465.01,True,False,none
PR002245,EMP0136,2026-05-24,2286.56,342.98,114.33,141.77,33.16,0.0,0.0,192.07,0.0,1462.25,True,False,none
PR002246,EMP0136,2026-05-31,2252.37,337.86,112.62,139.65,32.66,0.0,0.0,189.2,0.0,1440.38,True,False,none
PR002247,EMP0136,2026-06-07,2325.63,348.84,116.28,144.19,33.72,0.0,0.0,195.35,0.0,1487.25,True,False,none
PR002248,EMP0136,2026-06-14,2376.23,356.43,118.81,147.33,34.46,0.0,0.0,199.6,0.0,1519.6,True,False,none
PR002249,EMP0136,2026-06-21,2352.94,352.94,117.65,145.88,34.12,0.0,0.0,197.65,0.0,1504.7,True,False,none
PR002250,EMP0136,2026-06-28,2365.16,354.77,118.26,146.64,34.29,0.0,0.0,198.67,397.34,1512.53,True,True,duplicate_deduction
PR002251,EMP0136,2026-07-05,2255.81,338.37,112.79,139.86,32.71,0.0,0.0,189.49,0.0,1442.59,True,False,none
PR002252,EMP0136,2026-07-12,2416.65,362.5,120.83,149.83,35.04,0.0,0.0,203.0,0.0,1545.45,True,False,none
PR002253,EMP0136,2026-07-19,2395.77,359.37,119.79,148.54,34.74,0.0,0.0,201.24,0.0,1532.09,True,False,none
PR002254,EMP0136,2026-07-26,2389.6,358.44,119.48,148.16,34.65,0.0,0.0,200.73,0.0,1528.14,True,False,none
PR002255,EMP0136,2026-08-02,2392.91,358.94,119.65,148.36,34.7,0.0,0.0,201.0,0.0,1530.26,True,False,none
PR002256,EMP0136,2026-08-09,2413.18,361.98,120.66,149.62,34.99,0.0,0.0,202.71,0.0,1543.22,True,False,none
PR002257,EMP0136,2026-08-16,2341.39,351.21,117.07,145.17,33.95,0.0,0.0,196.68,0.0,1497.31,True,False,none
PR002258,EMP0136,2026-08-23,2277.82,341.67,113.89,141.22,33.03,0.0,0.0,191.34,0.0,1456.67,True,False,none
PR002259,EMP0136,2026-08-30,2354.8,353.22,117.74,146.0,34.14,0.0,0.0,197.8,0.0,1505.9,True,False,none
PR002260,EMP0136,2026-09-06,2378.1,356.71,118.91,147.44,34.48,0.0,0.0,199.76,0.0,1520.8,True,False,none
PR002261,EMP0136,2026-09-13,2377.18,356.58,118.86,147.39,34.47,0.0,0.0,199.68,0.0,1520.2,True,False,none
PR002262,EMP0137,2026-03-31,1749.76,419.94,0.0,108.49,25.37,10.5,47.24,0.0,0.0,1353.44,True,True,tax_miscalculation
PR002263,EMP0137,2026-04-15,1687.08,253.06,0.0,104.6,24.46,10.12,45.55,0.0,0.0,1304.96,True,True,tax_miscalculation
PR002264,EMP0137,2026-04-30,1728.95,259.34,0.0,107.19,25.07,10.37,46.68,0.0,0.0,1337.35,True,True,wage_base_cap_error
PR002265,EMP0137,2026-05-15,1805.0,270.75,0.0,111.91,26.17,10.83,48.73,0.0,0.0,1592.28,True,True,net_pay_mismatch
PR002266,EMP0137,2026-05-31,1752.09,262.81,0.0,108.63,25.41,0.18,47.31,0.0,0.0,1355.24,True,False,none
PR002267,EMP0137,2026-06-15,1714.81,257.22,0.0,106.32,24.86,0.0,7.48,0.0,0.0,1326.41,True,False,none
PR002268,EMP0137,2026-06-30,1728.59,259.29,0.0,107.17,25.06,0.0,0.0,0.0,0.0,1337.07,True,False,none
PR002269,EMP0137,2026-07-15,1801.49,270.22,0.0,111.69,26.12,0.0,0.0,0.0,0.0,1393.46,True,False,none
PR002270,EMP0137,2026-07-31,1769.82,265.47,0.0,109.73,25.66,0.0,0.0,0.0,0.0,1368.96,True,False,none
PR002271,EMP0137,2026-08-15,1786.55,267.98,0.0,110.77,25.9,0.0,0.0,0.0,0.0,1381.9,True,False,none
PR002272,EMP0137,2026-08-31,1740.47,261.07,0.0,107.91,25.24,0.0,0.0,0.0,0.0,1346.25,True,False,none
PR002273,EMP0138,2026-04-05,1972.71,295.91,118.36,122.31,28.6,11.84,53.26,217.0,0.0,1190.53,True,False,none
PR002274,EMP0138,2026-04-19,1913.65,287.05,114.82,118.65,27.75,11.48,51.67,210.5,0.0,1154.88,True,False,none
PR002275,EMP0138,2026-05-03,1984.34,297.65,119.06,123.03,28.77,11.91,53.58,218.28,0.0,1197.55,True,False,none
PR002276,EMP0138,2026-05-17,1941.37,291.21,116.48,120.36,28.15,6.78,52.42,213.55,0.0,1171.62,True,False,none
PR002277,EMP0138,2026-05-31,1943.68,291.55,116.62,120.51,28.18,0.0,32.07,213.8,0.0,1173.02,True,False,none
PR002278,EMP0138,2026-06-14,1975.66,296.35,118.54,122.49,28.65,0.0,0.0,217.32,0.0,1192.31,True,False,none
PR002279,EMP0138,2026-06-28,2020.04,303.01,121.2,125.24,29.29,0.0,0.0,222.2,0.0,1219.1,True,True,wage_base_cap_error
PR002280,EMP0138,2026-07-12,1885.13,282.77,113.11,116.88,27.33,0.0,0.0,207.36,0.0,1137.68,True,False,none
PR002281,EMP0138,2026-07-26,2002.79,300.42,120.17,124.17,29.04,0.0,0.0,220.31,0.0,1208.68,True,False,none
PR002282,EMP0138,2026-08-09,1920.45,288.07,115.23,119.07,27.85,0.0,0.0,211.25,0.0,1158.98,True,False,none
PR002283,EMP0138,2026-08-23,1943.89,291.58,116.63,120.52,28.19,0.0,0.0,213.83,0.0,1173.14,True,False,none
PR002284,EMP0138,2026-09-06,1878.62,281.79,112.72,116.47,27.24,0.0,0.0,206.65,0.0,1133.75,True,False,none
PR002285,EMP0139,2026-03-31,4163.82,624.57,0.0,258.16,60.38,24.98,112.42,87.44,0.0,3133.27,True,False,none
PR002286,EMP0139,2026-04-15,4231.37,634.71,0.0,262.34,61.35,17.02,114.25,88.86,0.0,3184.11,True,False,none
PR002287,EMP0139,2026-04-30,4081.77,612.27,0.0,253.07,59.19,0.0,16.33,85.72,0.0,3071.52,True,False,none
PR002288,EMP0139,2026-05-15,4227.51,634.13,0.0,262.11,61.3,0.0,0.0,88.78,0.0,3181.19,True,False,none
PR002289,EMP0139,2026-05-31,4373.61,656.04,0.0,271.16,63.42,0.0,0.0,91.85,0.0,3291.14,True,False,none
PR002290,EMP0139,2026-06-15,4098.26,614.74,0.0,254.09,59.42,0.0,0.0,86.06,0.0,3083.95,True,False,none
PR002291,EMP0139,2026-06-30,4319.1,647.87,0.0,267.78,62.63,0.0,0.0,90.7,0.0,3250.12,True,False,none
PR002292,EMP0139,2026-07-15,4200.22,630.03,0.0,260.41,60.9,0.0,0.0,88.2,0.0,3160.68,True,False,none
PR002293,EMP0139,2026-07-31,4282.49,642.37,0.0,265.51,62.1,0.0,0.0,89.93,0.0,3222.58,True,False,none
PR002294,EMP0139,2026-08-15,4150.15,622.52,0.0,257.31,60.18,0.0,0.0,87.15,0.0,3122.99,True,False,none
PR002295,EMP0139,2026-08-31,4116.39,617.46,0.0,255.22,59.69,0.0,0.0,86.44,0.0,3097.58,True,False,none
PR002296,EMP0140,2026-03-31,1780.01,267.0,89.0,110.36,25.81,10.68,48.06,153.08,0.0,1134.76,True,False,none
PR002297,EMP0140,2026-04-15,1766.98,265.05,88.35,109.55,25.62,10.6,47.71,151.96,0.0,1126.45,True,False,none
PR002298,EMP0140,2026-04-30,1783.66,267.55,89.18,110.59,25.86,10.7,48.16,153.39,0.0,1137.09,True,False,none
PR002299,EMP0140,2026-05-15,1853.0,277.95,92.65,114.89,26.87,10.02,50.03,159.36,0.0,1181.28,True,False,none
PR002300,EMP0140,2026-05-31,1884.51,282.68,94.23,116.84,27.33,0.0,49.04,162.07,0.0,1201.36,True,False,none
PR002301,EMP0140,2026-06-15,1874.72,281.21,93.74,116.23,27.18,0.0,0.0,161.23,0.0,1195.13,True,False,none
PR002302,EMP0140,2026-06-30,1856.03,278.4,92.8,115.07,26.91,0.0,0.0,159.62,0.0,1183.23,True,False,none
PR002303,EMP0140,2026-07-15,1772.76,265.91,88.64,109.91,25.71,0.0,0.0,152.46,0.0,1130.13,True,False,none
PR002304,EMP0140,2026-07-31,1798.66,269.8,89.93,111.52,26.08,0.0,0.0,154.68,0.0,1146.65,True,False,none
PR002305,EMP0140,2026-08-15,1801.65,270.25,90.08,111.7,26.12,0.0,0.0,154.94,0.0,1148.56,True,False,none
PR002306,EMP0140,2026-08-31,1792.98,268.95,89.65,111.16,26.0,0.0,0.0,154.2,0.0,1143.02,True,False,none
PR002307,EMP0141,2026-03-31,1372.37,205.86,0.0,85.09,19.9,8.23,37.05,49.41,0.0,1012.11,True,False,none
PR002308,EMP0141,2026-04-15,1374.6,206.19,0.0,85.23,19.93,8.25,37.11,49.49,0.0,1013.76,True,False,none
PR002309,EMP0141,2026-04-30,1355.2,203.28,0.0,84.02,19.65,8.13,36.59,48.79,0.0,999.46,True,False,none
PR002310,EMP0141,2026-05-15,1354.86,203.23,0.0,84.0,19.65,8.13,36.58,48.77,0.0,999.21,True,False,none
PR002311,EMP0141,2026-05-31,1406.41,210.96,0.0,87.2,20.39,8.44,37.97,50.63,0.0,1037.23,True,False,none
PR002312,EMP0141,2026-06-15,1402.15,210.32,0.0,86.93,20.33,0.82,37.86,50.48,0.0,1034.09,True,False,none
PR002313,EMP0141,2026-06-30,1349.87,202.48,0.0,83.69,19.57,0.0,19.83,48.6,0.0,995.53,True,False,none
PR002314,EMP0141,2026-07-15,1415.66,212.35,0.0,87.77,20.53,0.0,0.0,50.96,0.0,1044.05,True,False,none
PR002315,EMP0141,2026-07-31,1419.9,212.99,0.0,88.03,20.59,0.0,0.0,51.12,0.0,1047.17,True,False,none
PR002316,EMP0141,2026-08-15,1351.93,202.79,0.0,83.82,19.6,0.0,0.0,48.67,0.0,997.05,True,False,none
PR002317,EMP0141,2026-08-31,1354.93,203.24,0.0,151.22,19.65,0.0,0.0,48.78,0.0,999.25,True,True,tax_miscalculation
PR002318,EMP0142,2026-03-29,1826.72,274.01,109.6,113.26,26.49,10.96,49.32,0.0,0.0,1303.36,True,False,none
PR002319,EMP0142,2026-04-05,1889.7,283.45,113.38,117.16,27.4,11.34,51.02,0.0,0.0,1348.31,True,False,none
PR002320,EMP0142,2026-04-12,1880.33,282.05,112.82,116.58,27.26,11.28,50.77,0.0,0.0,1341.62,True,False,none
PR002321,EMP0142,2026-04-19,1768.42,265.26,106.11,109.64,25.64,8.42,47.75,0.0,0.0,1261.77,True,False,none
PR002322,EMP0142,2026-04-26,1810.39,271.56,108.62,112.24,26.25,0.0,44.14,0.0,0.0,1291.72,True,False,none
PR002323,EMP0142,2026-05-03,1833.62,275.04,110.02,113.68,26.59,0.0,0.0,0.0,0.0,1308.29,True,False,none
PR002324,EMP0142,2026-05-10,1826.36,273.95,109.58,113.23,26.48,0.0,0.0,0.0,0.0,1303.12,True,False,none
PR002325,EMP0142,2026-05-17,1781.63,267.24,106.9,110.46,25.83,0.0,0.0,0.0,0.0,1271.2,True,False,none
PR002326,EMP0142,2026-05-24,1877.8,281.67,112.67,116.42,27.23,0.0,0.0,0.0,0.0,1339.81,True,False,none
PR002327,EMP0142,2026-05-31,1851.49,444.35,111.09,114.79,26.85,0.0,0.0,0.0,0.0,1321.04,True,True,tax_miscalculation
PR002328,EMP0142,2026-06-07,1874.77,281.22,112.49,116.24,27.18,0.0,0.0,0.0,0.0,1337.64,True,False,none
PR002329,EMP0142,2026-06-14,1877.79,281.67,112.67,116.42,27.23,0.0,0.0,0.0,0.0,1339.8,True,False,none
PR002330,EMP0142,2026-06-21,1861.82,279.27,111.71,115.43,27.0,0.0,0.0,0.0,0.0,1328.41,True,False,none
PR002331,EMP0142,2026-06-28,1817.11,272.57,109.03,112.66,26.35,0.0,0.0,0.0,0.0,1296.5,True,False,none
PR002332,EMP0142,2026-07-05,1841.89,276.28,110.51,114.2,26.71,0.0,0.0,0.0,0.0,1314.19,True,False,none
PR002333,EMP0142,2026-07-12,1776.78,266.52,106.61,110.16,25.76,0.0,0.0,0.0,0.0,1267.73,True,False,none
PR002334,EMP0142,2026-07-19,1851.02,277.65,111.06,114.76,26.84,0.0,0.0,0.0,0.0,1320.71,True,False,none
PR002335,EMP0142,2026-07-26,1779.52,266.93,106.77,110.33,25.8,0.0,0.0,0.0,0.0,1269.69,True,False,none
PR002336,EMP0142,2026-08-02,1853.95,278.09,111.24,114.94,26.88,0.0,0.0,0.0,0.0,1322.8,True,False,none
PR002337,EMP0142,2026-08-09,1786.8,268.02,107.21,110.78,25.91,0.0,0.0,0.0,0.0,1274.88,True,False,none
PR002338,EMP0142,2026-08-16,1770.59,265.59,106.24,109.78,25.67,0.0,0.0,0.0,0.0,1263.31,True,False,none
PR002339,EMP0142,2026-08-23,1777.5,266.62,106.65,110.2,25.77,0.0,0.0,0.0,0.0,1268.26,True,False,none
PR002340,EMP0142,2026-08-30,1753.88,263.08,105.23,108.74,25.43,0.0,0.0,0.0,0.0,1251.4,True,False,none
PR002341,EMP0142,2026-09-06,1857.54,278.63,111.45,115.17,26.93,0.0,0.0,0.0,0.0,1325.36,True,False,none
PR002342,EMP0142,2026-09-13,1859.51,278.93,111.57,115.29,26.96,0.0,0.0,0.0,0.0,1326.76,True,False,none
PR002343,EMP0143,2026-03-31,4642.4,696.36,232.12,287.83,67.31,27.85,125.34,0.0,0.0,3358.78,True,False,none
PR002344,EMP0143,2026-04-15,4512.54,676.88,225.63,279.78,65.43,14.15,117.66,0.0,0.0,3264.82,True,False,none
PR002345,EMP0143,2026-04-30,4483.96,1076.14,224.2,278.01,65.02,0.0,0.0,0.0,0.0,3244.14,True,True,tax_miscalculation
PR002346,EMP0143,2026-05-15,4460.3,669.04,223.02,276.54,64.67,0.0,0.0,0.0,0.0,3227.03,True,False,none
PR002347,EMP0143,2026-05-31,4514.15,677.12,225.71,279.88,65.46,0.0,0.0,0.0,0.0,3265.98,True,False,none
PR002348,EMP0143,2026-06-15,4780.47,717.07,239.02,296.39,69.32,0.0,0.0,0.0,0.0,3458.67,True,False,none
PR002349,EMP0143,2026-06-30,4541.99,681.3,227.1,281.6,65.86,0.0,0.0,0.0,0.0,3286.13,True,False,none
PR002350,EMP0143,2026-07-15,4583.39,687.51,229.17,284.17,66.46,0.0,0.0,0.0,0.0,3316.08,True,False,none
PR002351,EMP0143,2026-07-31,4491.97,673.8,224.6,278.5,65.13,0.0,0.0,0.0,0.0,3249.94,True,False,none
PR002352,EMP0143,2026-08-15,4534.95,680.24,226.75,281.17,65.76,0.0,0.0,0.0,0.0,3281.03,True,False,none
PR002353,EMP0143,2026-08-31,4643.98,696.6,232.2,287.93,67.34,0.0,0.0,0.0,0.0,3359.91,True,False,none
PR002354,EMP0144,2026-03-29,2069.99,310.5,103.5,128.34,30.01,12.42,55.89,86.94,0.0,1410.7,True,False,none
PR002355,EMP0144,2026-04-05,2011.07,301.66,100.55,124.69,29.16,12.07,54.3,84.46,0.0,1370.55,True,False,none
PR002356,EMP0144,2026-04-12,1980.57,297.09,99.03,122.8,28.72,11.88,53.48,83.18,0.0,1349.75,True,False,none
PR002357,EMP0144,2026-04-19,2034.75,305.21,101.74,126.15,29.5,5.63,54.94,85.46,0.0,1386.69,True,False,none
PR002358,EMP0144,2026-04-26,2009.26,301.39,100.46,124.57,29.13,0.0,24.4,84.39,0.0,1369.32,True,False,none
PR002359,EMP0144,2026-05-03,2006.88,301.03,100.34,124.43,29.1,0.0,0.0,84.29,0.0,1367.69,True,False,none
PR002360,EMP0144,2026-05-10,2127.23,319.08,106.36,131.89,30.84,0.0,0.0,89.34,0.0,1449.72,True,False,none
PR002361,EMP0144,2026-05-17,2071.38,310.71,103.57,128.43,30.04,0.0,0.0,87.0,0.0,1411.63,True,False,none
PR002362,EMP0144,2026-05-24,2061.71,309.26,103.09,127.83,29.89,0.0,0.0,86.59,0.0,1405.05,True,False,none
PR002363,EMP0144,2026-05-31,2038.78,305.82,101.94,126.4,29.56,0.0,0.0,85.63,0.0,1389.43,True,False,none
PR002364,EMP0144,2026-06-07,2040.92,306.14,102.05,126.54,29.59,0.0,0.0,85.72,0.0,1390.88,True,False,none
PR002365,EMP0144,2026-06-14,2059.12,308.87,102.96,127.67,29.86,0.0,0.0,86.48,0.0,1403.28,True,False,none
PR002366,EMP0144,2026-06-21,2084.4,312.66,104.22,129.23,30.22,0.0,0.0,87.54,175.08,1420.53,True,True,duplicate_deduction
PR002367,EMP0144,2026-06-28,2085.33,312.8,104.27,129.29,30.24,0.0,0.0,87.58,0.0,1421.15,True,False,none
PR002368,EMP0144,2026-07-05,1999.09,299.86,99.95,123.94,28.99,0.0,0.0,83.96,0.0,1362.39,True,False,none
PR002369,EMP0144,2026-07-12,2052.49,307.87,102.62,127.25,29.76,0.0,0.0,86.2,0.0,1398.79,True,False,none
PR002370,EMP0144,2026-07-19,2038.15,305.72,101.91,126.37,29.55,0.0,0.0,85.6,0.0,1389.0,True,False,none
PR002371,EMP0144,2026-07-26,2112.71,316.91,105.64,130.99,30.63,0.0,0.0,88.73,0.0,1439.81,True,False,none
PR002372,EMP0144,2026-08-02,2073.83,311.07,103.69,128.58,30.07,0.0,0.0,87.1,0.0,1413.32,True,False,none
PR002373,EMP0144,2026-08-09,2057.75,308.66,102.89,127.58,29.84,0.0,0.0,86.43,0.0,1402.35,True,False,none
PR002374,EMP0144,2026-08-16,1989.94,298.49,99.5,123.38,28.85,0.0,0.0,83.58,0.0,1356.14,True,False,none
PR002375,EMP0144,2026-08-23,2069.64,310.45,103.48,128.32,30.01,0.0,0.0,86.92,0.0,1410.46,True,False,none
PR002376,EMP0144,2026-08-30,1990.24,298.54,99.51,123.39,28.86,0.0,0.0,83.59,167.18,1356.35,True,True,duplicate_deduction
PR002377,EMP0144,2026-09-06,2026.0,303.9,101.3,125.61,29.38,0.0,0.0,85.09,0.0,1380.72,True,False,none
PR002378,EMP0144,2026-09-13,1994.4,299.16,99.72,123.65,28.92,0.0,0.0,83.76,0.0,1359.19,True,False,none
PR002379,EMP0145,2026-04-05,4435.74,665.36,0.0,275.02,64.32,26.61,119.76,0.0,0.0,3431.04,True,False,none
PR002380,EMP0145,2026-04-19,4267.61,640.14,0.0,264.59,61.88,15.39,115.23,0.0,0.0,3301.0,True,False,none
PR002381,EMP0145,2026-05-03,4331.84,649.78,0.0,268.57,62.81,0.0,8.01,0.0,0.0,3350.68,True,False,none
PR002382,EMP0145,2026-05-17,4506.21,675.93,0.0,279.39,65.34,0.0,0.0,0.0,0.0,3485.55,True,False,none
PR002383,EMP0145,2026-05-31,4266.94,640.04,0.0,264.55,61.87,0.0,0.0,0.0,0.0,3300.48,True,False,none
PR002384,EMP0145,2026-06-14,4371.97,655.8,0.0,271.06,63.39,0.0,0.0,0.0,0.0,3381.72,True,False,none
PR002385,EMP0145,2026-06-28,4341.33,1041.92,0.0,269.16,62.95,0.0,0.0,0.0,0.0,3358.02,True,True,tax_miscalculation
PR002386,EMP0145,2026-07-12,4202.5,630.38,0.0,260.56,60.94,0.0,0.0,0.0,0.0,3250.62,True,False,none
PR002387,EMP0145,2026-07-26,4470.59,670.59,0.0,277.18,64.82,0.0,0.0,0.0,0.0,3458.0,True,False,none
PR002388,EMP0145,2026-08-09,4220.12,633.02,0.0,261.65,61.19,0.0,0.0,0.0,0.0,3264.26,True,True,duplicate_deduction
PR002389,EMP0145,2026-08-23,4360.36,654.05,0.0,270.34,63.23,0.0,0.0,0.0,0.0,3372.74,True,False,none
PR002390,EMP0145,2026-09-06,4390.27,658.54,0.0,272.2,63.66,0.0,0.0,0.0,0.0,3395.87,True,False,none
PR002391,EMP0146,2026-04-05,2307.75,346.16,138.47,143.08,33.46,13.85,62.31,122.31,0.0,1524.27,True,False,none
PR002392,EMP0146,2026-04-19,2318.64,347.8,139.12,143.76,33.62,13.91,62.6,122.89,0.0,1531.45,True,False,none
PR002393,EMP0146,2026-05-03,2239.86,335.98,134.39,138.87,32.48,13.44,60.48,118.71,0.0,1479.43,True,False,none
PR002394,EMP0146,2026-05-17,2195.84,329.38,131.75,136.14,31.84,0.8,57.61,116.38,0.0,1450.35,True,False,none
PR002395,EMP0146,2026-05-31,2324.94,348.74,139.5,144.15,33.71,0.0,0.0,123.22,0.0,1535.62,True,False,none
PR002396,EMP0146,2026-06-14,2290.96,343.64,137.46,142.04,33.22,0.0,0.0,121.42,0.0,1513.18,True,False,none
PR002397,EMP0146,2026-06-28,2345.33,351.8,140.72,145.41,34.01,0.0,0.0,124.3,0.0,1549.09,True,False,none
PR002398,EMP0146,2026-07-12,2342.66,351.4,140.56,145.24,33.97,0.0,0.0,124.16,0.0,1547.33,True,False,none
PR002399,EMP0146,2026-07-26,2346.63,351.99,140.8,145.49,34.03,0.0,0.0,124.37,0.0,1549.95,True,False,none
PR002400,EMP0146,2026-08-09,2281.81,342.27,136.91,141.47,33.09,0.0,0.0,120.94,0.0,1507.13,True,False,none
PR002401,EMP0146,2026-08-23,2254.4,338.16,135.26,139.77,32.69,0.0,0.0,119.48,0.0,1489.04,True,False,none
PR002402,EMP0146,2026-09-06,2337.27,350.59,140.24,144.91,33.89,0.0,0.0,123.88,247.76,1543.76,True,True,duplicate_deduction
PR002403,EMP0147,2026-03-29,2251.22,337.68,67.54,139.58,32.64,13.51,60.78,191.35,0.0,1482.43,True,False,none
PR002404,EMP0147,2026-04-05,2203.28,330.49,66.1,136.6,31.95,13.22,59.49,187.28,0.0,1450.86,True,False,none
PR002405,EMP0147,2026-04-12,2323.49,348.52,69.7,72.03,33.69,13.94,62.73,197.5,0.0,1530.02,True,True,tax_miscalculation
PR002406,EMP0147,2026-04-19,2328.42,349.26,69.85,144.36,33.76,1.33,59.99,197.92,0.0,1533.27,True,False,none
PR002407,EMP0147,2026-04-26,2253.91,338.09,67.62,139.74,32.68,0.0,0.0,191.58,0.0,1484.2,True,False,none
PR002408,EMP0147,2026-05-03,2183.99,327.6,65.52,135.41,31.67,0.0,0.0,185.64,0.0,1438.15,True,False,none
PR002409,EMP0147,2026-05-10,2239.86,335.98,67.2,138.87,32.48,0.0,0.0,190.39,0.0,1474.94,True,False,none
PR002410,EMP0147,2026-05-17,2314.28,347.14,69.43,143.49,33.56,0.0,0.0,196.71,0.0,1523.95,True,False,none
PR002411,EMP0147,2026-05-24,2331.86,349.78,69.96,144.58,33.81,0.0,0.0,198.21,0.0,1535.52,True,True,wage_base_cap_error
PR002412,EMP0147,2026-05-31,2206.86,331.03,66.21,136.83,32.0,0.0,0.0,187.58,0.0,1453.21,True,False,none
PR002413,EMP0147,2026-06-07,2182.43,327.36,65.47,135.31,31.65,0.0,0.0,185.51,0.0,1437.13,True,False,none
PR002414,EMP0147,2026-06-14,2327.49,349.12,69.82,144.3,33.75,0.0,0.0,197.84,0.0,1532.66,True,False,none
PR002415,EMP0147,2026-06-21,2240.15,336.02,67.2,138.89,32.48,0.0,0.0,190.41,0.0,1475.15,True,False,none
PR002416,EMP0147,2026-06-28,2267.42,340.11,68.02,140.58,32.88,0.0,0.0,192.73,0.0,1493.1,True,False,none
PR002417,EMP0147,2026-07-05,2343.73,351.56,70.31,145.31,33.98,0.0,0.0,199.22,0.0,1543.35,True,False,none
PR002418,EMP0147,2026-07-12,2182.36,327.35,65.47,135.31,31.64,0.0,0.0,185.5,0.0,1437.09,True,False,none
PR002419,EMP0147,2026-07-19,2286.49,342.97,68.59,141.76,33.15,0.0,0.0,194.35,0.0,1505.67,True,False,none
PR002420,EMP0147,2026-07-26,2183.71,327.56,65.51,135.39,31.66,0.0,0.0,185.62,0.0,1437.97,True,False,none
PR002421,EMP0147,2026-08-02,2237.65,335.65,67.13,138.73,32.45,0.0,0.0,190.2,0.0,1473.49,True,False,none
PR002422,EMP0147,2026-08-09,2314.33,347.15,69.43,143.49,33.56,0.0,0.0,196.72,0.0,1365.61,True,True,net_pay_mismatch
PR002423,EMP0147,2026-08-16,2348.94,352.34,70.47,145.63,34.06,0.0,0.0,199.66,0.0,1546.78,True,False,none
PR002424,EMP0147,2026-08-23,2270.52,340.58,68.12,140.77,32.92,0.0,0.0,192.99,0.0,1495.14,True,False,none
PR002425,EMP0147,2026-08-30,2227.93,334.19,66.84,138.13,32.3,0.0,0.0,189.37,0.0,1467.1,True,False,none
PR002426,EMP0147,2026-09-06,2209.84,331.48,66.3,137.01,32.04,0.0,0.0,187.84,0.0,1455.17,True,False,none
PR002427,EMP0147,2026-09-13,2233.19,334.98,67.0,138.46,32.38,0.0,0.0,189.82,0.0,1470.55,True,False,none
PR002428,EMP0148,2026-03-31,5330.71,799.61,266.54,330.5,77.3,31.98,143.93,458.44,0.0,3398.32,True,False,none
PR002429,EMP0148,2026-04-15,5201.12,780.17,260.06,322.47,75.42,10.02,99.07,447.3,0.0,3315.7,True,False,none
PR002430,EMP0148,2026-04-30,5329.45,799.42,266.47,330.43,77.28,0.0,0.0,458.33,0.0,3397.52,True,False,none
PR002431,EMP0148,2026-05-15,5369.82,805.47,268.49,332.93,77.86,0.0,0.0,461.8,0.0,3423.27,True,False,none
PR002432,EMP0148,2026-05-31,5480.08,822.01,274.0,339.76,79.46,0.0,0.0,471.29,0.0,3493.56,True,False,none
PR002433,EMP0148,2026-06-15,5451.93,817.79,272.6,338.02,79.05,0.0,0.0,468.87,0.0,3475.6,True,False,none
PR002434,EMP0148,2026-06-30,5474.13,821.12,273.71,339.4,79.37,0.0,0.0,470.78,0.0,3489.75,True,False,none
PR002435,EMP0148,2026-07-15,5175.38,776.31,258.77,320.87,75.04,0.0,0.0,445.08,0.0,3299.31,True,False,none
PR002436,EMP0148,2026-07-31,5264.65,789.7,263.23,326.41,76.34,0.0,0.0,452.76,0.0,3356.21,True,False,none
PR002437,EMP0148,2026-08-15,5454.04,818.11,272.7,338.15,79.08,0.0,0.0,469.05,0.0,3476.95,True,False,none
PR002438,EMP0148,2026-08-31,5378.25,806.74,268.91,333.45,77.98,0.0,0.0,462.53,925.06,3428.64,True,True,duplicate_deduction
PR002439,EMP0149,2026-03-31,3890.55,583.58,155.62,241.21,56.41,23.34,105.04,112.83,0.0,2740.9,True,False,none
PR002440,EMP0149,2026-04-15,4146.87,622.03,165.87,257.11,60.13,18.66,111.97,120.26,0.0,2921.47,True,False,none
PR002441,EMP0149,2026-04-30,4136.71,620.51,165.47,256.48,59.98,0.0,25.99,119.96,0.0,2914.31,True,False,none
PR002442,EMP0149,2026-05-15,4064.74,609.71,162.59,252.01,58.94,0.0,0.0,117.88,0.0,2863.61,True,False,none
PR002443,EMP0149,2026-05-31,3910.16,586.52,156.41,242.43,56.7,0.0,0.0,113.39,0.0,2754.71,True,False,none
PR002444,EMP0149,2026-06-15,4134.69,620.2,165.39,256.35,59.95,0.0,0.0,119.91,0.0,2912.89,True,False,none
PR002445,EMP0149,2026-06-30,4076.06,611.41,163.04,252.72,59.1,0.0,0.0,118.21,0.0,2871.58,True,False,none
PR002446,EMP0149,2026-07-15,4139.64,620.95,165.59,256.66,60.02,0.0,0.0,120.05,0.0,2916.37,True,False,none
PR002447,EMP0149,2026-07-31,4129.95,619.49,165.2,256.06,59.88,0.0,0.0,119.77,0.0,2909.55,True,False,none
PR002448,EMP0149,2026-08-15,4146.39,621.96,165.86,257.08,60.12,0.0,0.0,120.25,0.0,2921.12,True,False,none
PR002449,EMP0149,2026-08-31,4054.99,608.25,162.2,251.41,58.8,0.0,0.0,117.59,0.0,2856.74,True,False,none
PR002450,EMP0150,2026-03-29,1387.9,208.19,41.64,86.05,20.12,8.33,37.47,0.0,0.0,1031.9,True,False,none
PR002451,EMP0150,2026-04-05,1447.97,217.2,43.44,89.77,21.0,8.69,39.1,0.0,0.0,1076.56,True,False,none
PR002452,EMP0150,2026-04-12,1442.24,216.34,43.27,89.42,20.91,8.65,38.94,0.0,0.0,1072.3,True,False,none
PR002453,EMP0150,2026-04-19,1456.02,218.4,43.68,90.27,21.11,8.74,39.31,0.0,0.0,1082.56,True,False,none
PR002454,EMP0150,2026-04-26,1391.25,208.69,41.74,86.26,20.17,7.6,37.56,0.0,0.0,1034.39,True,False,none
PR002455,EMP0150,2026-05-03,1394.09,209.11,41.82,86.43,20.21,0.0,37.64,0.0,0.0,1036.52,True,False,none
PR002456,EMP0150,2026-05-10,1472.78,220.92,44.18,91.31,21.36,0.0,12.97,0.0,0.0,1095.01,True,False,none
PR002457,EMP0150,2026-05-17,1456.89,218.53,43.71,90.33,21.12,0.0,0.0,0.0,0.0,1083.2,True,False,none
PR002458,EMP0150,2026-05-24,1474.8,221.22,44.24,91.44,21.38,0.0,0.0,0.0,0.0,1096.52,True,False,none
PR002459,EMP0150,2026-05-31,1457.88,218.68,43.74,90.39,21.14,0.0,0.0,0.0,0.0,1083.93,True,False,none
PR002460,EMP0150,2026-06-07,1439.6,215.94,43.19,89.26,20.87,0.0,0.0,0.0,0.0,1070.34,True,False,none
PR002461,EMP0150,2026-06-14,1446.05,216.91,43.38,89.66,20.97,0.0,0.0,0.0,0.0,1075.13,True,False,none
PR002462,EMP0150,2026-06-21,1472.64,220.9,44.18,91.3,21.35,0.0,0.0,0.0,0.0,1094.91,True,False,none
PR002463,EMP0150,2026-06-28,1437.52,215.63,43.13,89.13,20.84,0.0,0.0,0.0,0.0,1068.79,True,False,none
PR002464,EMP0150,2026-07-05,1443.58,216.54,43.31,89.5,20.93,0.0,0.0,0.0,0.0,1073.3,True,False,none
PR002465,EMP0150,2026-07-12,1389.73,208.46,41.69,86.16,20.15,0.0,0.0,0.0,0.0,1033.27,True,False,none
PR002466,EMP0150,2026-07-19,1425.65,213.85,42.77,88.39,20.67,0.0,0.0,0.0,0.0,1059.97,True,False,none
PR002467,EMP0150,2026-07-26,1453.09,217.96,43.59,90.09,21.07,0.0,0.0,0.0,0.0,1080.38,True,False,none
PR002468,EMP0150,2026-08-02,1402.68,210.4,42.08,86.97,20.34,0.0,0.0,0.0,0.0,1042.89,True,False,none
PR002469,EMP0150,2026-08-09,1394.91,209.24,41.85,86.48,20.23,0.0,0.0,0.0,0.0,1037.11,True,False,none
PR002470,EMP0150,2026-08-16,1407.54,211.13,42.23,87.27,20.41,0.0,0.0,0.0,0.0,1046.5,True,False,none
PR002471,EMP0150,2026-08-23,1399.35,209.9,41.98,86.76,20.29,0.0,0.0,0.0,0.0,1040.42,True,False,none
PR002472,EMP0150,2026-08-30,1396.34,209.45,41.89,86.57,20.25,0.0,0.0,0.0,0.0,1038.18,True,False,none
PR002473,EMP0150,2026-09-06,1420.1,213.01,42.6,88.05,20.59,0.0,0.0,0.0,0.0,1055.85,True,False,none
PR002474,EMP0150,2026-09-13,1474.75,221.21,44.24,91.43,21.38,0.0,0.0,0.0,0.0,1096.49,True,False,none
PR002475,EMP0151,2026-03-31,2609.27,391.39,156.56,161.77,37.83,15.66,70.45,0.0,0.0,1861.72,True,False,none
PR002476,EMP0151,2026-04-15,2543.35,381.5,152.6,157.69,36.88,15.26,68.67,0.0,0.0,1814.68,True,False,none
PR002477,EMP0151,2026-04-30,2520.43,378.06,151.23,156.27,36.55,11.08,68.05,0.0,0.0,1798.32,True,False,none
PR002478,EMP0151,2026-05-15,2648.33,397.25,158.9,164.2,38.4,0.0,35.83,0.0,0.0,1889.58,True,False,none
PR002479,EMP0151,2026-05-31,2583.61,387.54,155.02,160.18,37.46,0.0,0.0,0.0,0.0,1843.41,True,False,none
PR002480,EMP0151,2026-06-15,2674.29,401.14,160.46,165.81,38.78,0.0,0.0,0.0,0.0,1908.1,True,False,none
PR002481,EMP0151,2026-06-30,2640.76,396.11,158.45,163.73,38.29,0.0,0.0,0.0,0.0,1884.18,True,False,none
PR002482,EMP0151,2026-07-15,2669.01,400.35,160.14,165.48,38.7,0.0,0.0,0.0,0.0,1904.34,True,False,none
PR002483,EMP0151,2026-07-31,2560.71,384.11,153.64,158.76,37.13,0.0,0.0,0.0,0.0,1827.07,True,False,none
PR002484,EMP0151,2026-08-15,2647.55,397.13,158.85,164.15,38.39,0.0,0.0,0.0,0.0,1889.03,True,False,none
PR002485,EMP0151,2026-08-31,2559.08,383.86,153.54,158.66,37.11,0.0,0.0,0.0,0.0,1825.91,True,False,none
PR002486,EMP0152,2026-03-31,2594.12,389.12,155.65,160.84,37.61,15.56,70.04,0.0,0.0,1850.9,True,False,none
PR002487,EMP0152,2026-04-15,2534.02,380.1,152.04,157.11,36.74,15.2,68.42,0.0,0.0,1808.03,True,False,none
PR002488,EMP0152,2026-04-30,2472.09,370.81,148.33,153.27,35.85,11.23,66.75,0.0,0.0,1763.83,True,False,none
PR002489,EMP0152,2026-05-15,2461.17,369.18,147.67,152.59,35.69,0.0,37.79,0.0,0.0,1756.04,True,False,none
PR002490,EMP0152,2026-05-31,2445.57,366.84,146.73,151.63,35.46,0.0,0.0,0.0,0.0,1744.91,True,False,none
PR002491,EMP0152,2026-06-15,2545.59,381.84,152.74,157.83,36.91,0.0,0.0,0.0,0.0,1816.27,True,False,none
PR002492,EMP0152,2026-06-30,2451.08,367.66,147.06,151.97,35.54,0.0,0.0,0.0,0.0,1748.85,True,False,none
PR002493,EMP0152,2026-07-15,2525.86,378.88,151.55,156.6,36.62,0.0,0.0,0.0,0.0,1802.21,True,False,none
PR002494,EMP0152,2026-07-31,2460.2,369.03,147.61,152.53,35.67,0.0,0.0,0.0,0.0,1755.36,True,False,none
PR002495,EMP0152,2026-08-15,2539.1,380.86,152.35,157.42,36.82,0.0,0.0,0.0,0.0,1811.65,True,False,none
PR002496,EMP0152,2026-08-31,2569.48,385.42,154.17,159.31,37.26,0.0,0.0,0.0,0.0,1833.32,True,False,none
PR002497,EMP0153,2026-04-05,5635.65,845.35,0.0,349.41,81.72,33.81,152.16,332.5,0.0,4026.67,True,False,none
PR002498,EMP0153,2026-04-19,5628.15,844.22,0.0,348.95,81.61,8.19,90.84,332.06,0.0,4021.31,True,False,none
PR002499,EMP0153,2026-05-03,5377.83,806.67,0.0,333.43,77.98,0.0,0.0,317.29,0.0,3842.46,True,False,none
PR002500,EMP0153,2026-05-17,5334.44,800.17,0.0,330.74,77.35,0.0,0.0,314.73,0.0,3811.45,True,False,none
PR002501,EMP0153,2026-05-31,5601.11,840.17,0.0,347.27,81.22,0.0,0.0,330.47,0.0,4001.98,True,False,none
PR002502,EMP0153,2026-06-14,5456.72,818.51,0.0,338.32,79.12,0.0,0.0,321.95,0.0,3898.82,True,False,none
PR002503,EMP0153,2026-06-28,5484.67,822.7,0.0,340.05,79.53,0.0,0.0,323.6,0.0,3918.79,True,False,none
PR002504,EMP0153,2026-07-12,5309.44,796.42,0.0,329.19,76.99,0.0,0.0,313.26,0.0,3793.58,True,False,none
PR002505,EMP0153,2026-07-26,5409.21,811.38,0.0,335.37,78.43,0.0,0.0,319.14,0.0,3864.89,True,False,none
PR002506,EMP0153,2026-08-09,5310.54,796.58,0.0,329.25,77.0,0.0,0.0,313.32,0.0,3794.39,True,False,none
PR002507,EMP0153,2026-08-23,5679.84,851.98,0.0,352.15,82.36,0.0,0.0,335.11,0.0,4058.24,True,False,none
PR002508,EMP0153,2026-09-06,5402.14,810.32,0.0,334.93,78.33,0.0,0.0,318.73,0.0,3859.83,True,False,none
PR002509,EMP0154,2026-03-31,5614.1,842.12,168.42,348.07,81.4,33.68,151.58,465.97,0.0,3708.12,True,False,none
PR002510,EMP0154,2026-04-15,5384.64,807.7,161.54,333.85,78.08,8.32,91.42,446.93,0.0,3556.54,True,False,none
PR002511,EMP0154,2026-04-30,5662.58,849.39,169.88,351.08,82.11,0.0,0.0,469.99,0.0,3740.13,True,False,none
PR002512,EMP0154,2026-05-15,5510.38,826.56,165.31,341.64,79.9,0.0,0.0,457.36,0.0,3639.61,True,False,none
PR002513,EMP0154,2026-05-31,5764.87,864.73,172.95,357.42,83.59,0.0,0.0,478.48,0.0,3807.7,True,False,none
PR002514,EMP0154,2026-06-15,5760.53,864.08,172.82,357.15,83.53,0.0,0.0,478.12,0.0,3804.83,True,False,none
PR002515,EMP0154,2026-06-30,5511.38,826.71,165.34,341.71,79.92,0.0,0.0,457.44,0.0,3640.26,True,False,none
PR002516,EMP0154,2026-07-15,5766.21,864.93,172.99,357.51,83.61,0.0,0.0,478.6,0.0,3808.57,True,False,none
PR002517,EMP0154,2026-07-31,5808.35,871.25,174.25,360.12,84.22,0.0,0.0,482.09,0.0,3836.42,True,False,none
PR002518,EMP0154,2026-08-15,5732.77,859.92,171.98,355.43,83.13,0.0,0.0,475.82,0.0,3786.49,True,False,none
PR002519,EMP0154,2026-08-31,5741.38,861.21,172.24,355.97,83.25,0.0,0.0,476.53,0.0,3792.18,True,False,none
PR002520,EMP0155,2026-04-05,4637.92,695.69,0.0,287.55,67.25,27.83,125.22,0.0,0.0,3587.43,True,False,none
PR002521,EMP0155,2026-04-19,4760.74,714.11,0.0,295.17,69.03,14.17,117.78,0.0,0.0,3682.43,True,False,none
PR002522,EMP0155,2026-05-03,4569.8,685.47,0.0,283.33,66.26,0.0,0.0,0.0,0.0,3534.74,True,False,none
PR002523,EMP0155,2026-05-17,4580.16,687.02,0.0,283.97,66.41,0.0,0.0,0.0,0.0,3542.76,True,False,none
PR002524,EMP0155,2026-05-31,4918.98,737.85,0.0,304.98,71.33,0.0,0.0,0.0,0.0,3804.82,True,False,none
PR002525,EMP0155,2026-06-14,4667.02,700.05,0.0,289.36,67.67,0.0,0.0,0.0,0.0,3609.94,True,False,none
PR002526,EMP0155,2026-06-28,4825.02,723.75,0.0,299.15,69.96,0.0,0.0,0.0,0.0,3732.16,True,False,none
PR002527,EMP0155,2026-07-12,4846.93,727.04,0.0,300.51,70.28,0.0,0.0,0.0,0.0,3749.1,True,False,none
PR002528,EMP0155,2026-07-26,4866.18,729.93,0.0,301.7,70.56,0.0,0.0,0.0,0.0,3763.99,True,False,none
PR002529,EMP0155,2026-08-09,4918.51,737.78,0.0,304.95,71.32,0.0,0.0,0.0,0.0,3804.46,True,False,none
PR002530,EMP0155,2026-08-23,4635.1,695.26,0.0,287.38,67.21,0.0,0.0,0.0,0.0,3585.25,True,False,none
PR002531,EMP0155,2026-09-06,4559.71,683.96,0.0,282.7,66.12,0.0,0.0,0.0,0.0,3526.93,True,False,none
PR002532,EMP0156,2026-03-31,3710.63,556.59,111.32,230.06,53.8,22.26,100.19,289.43,0.0,2469.43,True,False,none
PR002533,EMP0156,2026-04-15,3627.42,544.11,108.82,224.9,52.6,19.74,97.94,282.94,0.0,2414.05,True,False,none
PR002534,EMP0156,2026-04-30,3595.56,539.33,107.87,222.92,52.14,0.0,44.87,280.45,0.0,2392.85,True,False,none
PR002535,EMP0156,2026-05-15,3695.6,554.34,110.87,229.13,53.59,0.0,0.0,288.26,0.0,2459.41,True,False,none
PR002536,EMP0156,2026-05-31,3820.9,573.13,114.63,236.9,55.4,0.0,0.0,298.03,0.0,2542.81,True,False,none
PR002537,EMP0156,2026-06-15,3756.5,563.48,112.69,232.9,54.47,0.0,0.0,293.01,0.0,2499.95,True,False,none
PR002538,EMP0156,2026-06-30,3681.5,552.23,110.44,228.25,53.38,0.0,0.0,287.16,0.0,2450.04,True,False,none
PR002539,EMP0156,2026-07-15,3782.6,567.39,113.48,234.52,54.85,0.0,0.0,295.04,0.0,2517.32,True,False,none
PR002540,EMP0156,2026-07-31,3657.59,548.64,109.73,226.77,53.04,0.0,0.0,285.29,0.0,2434.12,True,False,none
PR002541,EMP0156,2026-08-15,3593.18,538.98,107.8,222.78,52.1,0.0,0.0,280.27,0.0,2391.25,True,False,none
PR002542,EMP0156,2026-08-31,3815.16,572.27,114.45,236.54,55.32,0.0,0.0,297.58,0.0,2539.0,True,False,none
PR002543,EMP0157,2026-04-05,3438.41,515.76,171.92,213.18,49.86,20.63,92.84,137.54,0.0,2350.15,True,False,none
PR002544,EMP0157,2026-04-19,3475.78,521.37,173.79,215.5,50.4,20.85,93.85,139.03,0.0,2375.69,True,False,none
PR002545,EMP0157,2026-05-03,3280.69,492.1,164.03,203.4,47.57,0.51,56.32,131.23,0.0,2242.36,True,False,none
PR002546,EMP0157,2026-05-17,3495.96,524.39,174.8,216.75,50.69,0.0,0.0,139.84,0.0,2389.49,True,False,none
PR002547,EMP0157,2026-05-31,3437.28,515.59,171.86,213.11,49.84,0.0,0.0,137.49,0.0,2349.39,True,False,none
PR002548,EMP0157,2026-06-14,3422.14,513.32,171.11,212.17,49.62,0.0,0.0,136.89,0.0,2339.03,True,False,none
PR002549,EMP0157,2026-06-28,3438.65,515.8,171.93,213.2,49.86,0.0,0.0,137.55,0.0,2616.42,True,True,net_pay_mismatch
PR002550,EMP0157,2026-07-12,3428.49,514.27,171.42,212.57,49.71,0.0,0.0,137.14,0.0,2343.38,True,False,none
PR002551,EMP0157,2026-07-26,3426.87,514.03,171.34,212.47,49.69,0.0,0.0,137.07,0.0,2342.27,True,False,none
PR002552,EMP0157,2026-08-09,3537.38,530.61,176.87,219.32,51.29,0.0,0.0,141.5,283.0,2417.79,True,True,duplicate_deduction
PR002553,EMP0157,2026-08-23,3474.28,521.14,173.71,215.41,50.38,0.0,0.0,138.97,0.0,2374.67,True,False,none
PR002554,EMP0157,2026-09-06,3389.48,508.42,169.47,210.15,49.15,0.0,0.0,135.58,0.0,2316.71,True,False,none
PR002555,EMP0158,2026-03-31,4860.79,729.12,243.04,301.37,70.48,29.16,131.24,0.0,0.0,3516.78,True,False,none
PR002556,EMP0158,2026-04-15,4740.27,711.04,237.01,293.9,68.73,12.84,111.76,0.0,0.0,3429.59,True,False,none
PR002557,EMP0158,2026-04-30,4679.53,701.93,233.98,290.13,67.85,0.0,0.0,0.0,0.0,3385.64,True,False,none
PR002558,EMP0158,2026-05-15,4818.91,722.84,240.95,298.77,69.87,0.0,0.0,0.0,0.0,3486.48,True,False,none
PR002559,EMP0158,2026-05-31,4944.42,741.66,247.22,306.55,71.69,0.0,0.0,0.0,0.0,3577.3,True,False,none
PR002560,EMP0158,2026-06-15,4944.78,741.72,247.24,306.58,71.7,0.0,0.0,0.0,0.0,3577.54,True,False,none
PR002561,EMP0158,2026-06-30,4722.34,708.35,236.12,292.79,68.47,0.0,0.0,0.0,0.0,3416.61,True,False,none
PR002562,EMP0158,2026-07-15,4792.71,718.91,239.64,297.15,69.49,0.0,0.0,0.0,0.0,3467.52,True,False,none
PR002563,EMP0158,2026-07-31,4673.0,700.95,233.65,289.73,67.76,0.0,0.0,0.0,0.0,3380.91,True,False,none
PR002564,EMP0158,2026-08-15,4969.97,745.5,248.5,308.14,72.06,0.0,0.0,0.0,0.0,3595.77,True,False,none
PR002565,EMP0158,2026-08-31,4964.47,744.67,248.22,307.8,71.98,0.0,0.0,0.0,0.0,3591.8,True,False,none
PR002566,EMP0159,2026-04-05,2504.88,375.73,125.24,155.3,36.32,15.03,67.63,0.0,0.0,1812.29,True,False,none
PR002567,EMP0159,2026-04-19,2535.25,380.29,126.76,157.19,36.76,15.21,68.45,0.0,0.0,1834.25,True,False,none
PR002568,EMP0159,2026-05-03,2517.74,377.66,125.89,156.1,36.51,11.76,67.98,0.0,0.0,1821.58,True,False,none
PR002569,EMP0159,2026-05-17,2493.83,374.07,124.69,154.62,36.16,0.0,38.94,0.0,0.0,1804.29,True,False,none
PR002570,EMP0159,2026-05-31,2387.98,358.2,119.4,148.05,34.63,0.0,0.0,0.0,0.0,1727.7,False,True,late_journal_posting
PR002571,EMP0159,2026-06-14,2466.69,370.0,123.33,152.93,35.77,0.0,0.0,0.0,0.0,1784.66,True,False,none
PR002572,EMP0159,2026-06-28,2509.83,376.47,125.49,155.61,36.39,0.0,0.0,0.0,0.0,1815.87,True,False,none
PR002573,EMP0159,2026-07-12,2510.37,376.56,125.52,155.64,36.4,0.0,0.0,0.0,0.0,1816.25,True,False,none
PR002574,EMP0159,2026-07-26,2450.68,367.6,122.53,151.94,35.53,0.0,0.0,0.0,0.0,1773.08,True,False,none
PR002575,EMP0159,2026-08-09,2562.17,384.33,128.11,158.85,37.15,0.0,0.0,0.0,0.0,1853.73,True,False,none
PR002576,EMP0159,2026-08-23,2410.33,361.55,120.52,149.44,34.95,0.0,0.0,0.0,0.0,1743.87,True,False,none
PR002577,EMP0159,2026-09-06,2475.63,371.34,123.78,153.49,35.9,0.0,0.0,0.0,0.0,1791.12,True,False,none
PR002578,EMP0160,2026-03-31,1484.41,222.66,0.0,92.03,21.52,8.91,40.08,126.17,0.0,1022.03,True,False,none
PR002579,EMP0160,2026-04-15,1485.13,222.77,0.0,92.08,21.53,8.91,40.1,126.24,0.0,1022.51,True,False,none
PR002580,EMP0160,2026-04-30,1479.52,221.93,0.0,91.73,21.45,8.88,39.95,125.76,0.0,1018.65,True,False,none
PR002581,EMP0160,2026-05-15,1436.27,215.44,0.0,89.05,20.83,8.62,38.78,122.08,0.0,988.87,True,False,none
PR002582,EMP0160,2026-05-31,1422.48,213.37,0.0,88.19,20.63,6.69,38.41,120.91,0.0,979.38,True,False,none
PR002583,EMP0160,2026-06-15,1478.04,221.71,0.0,91.64,21.43,0.0,39.91,125.63,0.0,1017.63,True,False,none
PR002584,EMP0160,2026-06-30,1473.8,221.07,0.0,91.38,21.37,0.0,5.78,125.27,0.0,1014.71,True,False,none
PR002585,EMP0160,2026-07-15,1425.16,213.77,0.0,88.36,20.66,0.0,0.0,121.14,0.0,981.23,True,False,none
PR002586,EMP0160,2026-07-31,1486.06,222.91,0.0,92.14,21.55,0.0,0.0,126.32,0.0,1023.14,True,False,none
PR002587,EMP0160,2026-08-15,1457.11,218.57,0.0,90.34,21.13,0.0,0.0,123.85,0.0,1003.22,True,False,none
PR002588,EMP0160,2026-08-31,1481.73,222.26,0.0,91.87,21.49,0.0,0.0,125.95,251.9,1020.16,True,True,duplicate_deduction
PR002589,EMP0161,2026-04-05,2074.52,311.18,124.47,128.62,30.08,12.45,56.01,236.5,0.0,1243.67,True,False,none
PR002590,EMP0161,2026-04-19,1967.67,295.15,118.06,122.0,28.53,11.81,53.13,224.31,0.0,1179.62,True,False,none
PR002591,EMP0161,2026-05-03,1943.57,291.54,116.61,120.5,28.18,11.66,52.48,221.57,0.0,1165.17,True,False,none
PR002592,EMP0161,2026-05-17,2065.19,309.78,123.91,128.04,29.95,6.09,55.76,235.43,0.0,1238.08,True,False,none
PR002593,EMP0161,2026-05-31,2038.08,305.71,122.28,126.36,29.55,0.0,25.62,232.34,0.0,1221.84,True,False,none
PR002594,EMP0161,2026-06-14,2052.48,307.87,123.15,127.25,29.76,0.0,0.0,233.98,0.0,1230.47,True,False,none
PR002595,EMP0161,2026-06-28,2074.64,311.2,124.48,128.63,30.08,0.0,0.0,236.51,0.0,1243.74,True,False,none
PR002596,EMP0161,2026-07-12,2068.99,310.35,124.14,128.28,30.0,0.0,0.0,235.86,0.0,1240.36,True,False,none
PR002597,EMP0161,2026-07-26,2094.29,314.14,125.66,129.85,30.37,0.0,0.0,238.75,0.0,1255.52,True,False,none
PR002598,EMP0161,2026-08-09,2026.28,303.94,121.58,125.63,29.38,0.0,0.0,231.0,0.0,1214.75,True,False,none
PR002599,EMP0161,2026-08-23,2018.68,302.8,121.12,125.16,29.27,0.0,0.0,230.13,0.0,1210.2,True,False,none
PR002600,EMP0161,2026-09-06,2004.82,300.72,120.29,124.3,29.07,0.0,0.0,228.55,0.0,1201.89,True,False,none
PR002601,EMP0162,2026-03-31,5721.62,858.24,286.08,354.74,82.96,34.33,154.48,0.0,0.0,4139.6,True,False,none
PR002602,EMP0162,2026-04-15,5916.83,887.52,295.84,366.84,85.79,7.67,88.52,0.0,0.0,4280.84,True,False,none
PR002603,EMP0162,2026-04-30,5779.09,866.86,288.95,358.3,83.8,0.0,0.0,0.0,0.0,4181.18,True,False,none
PR002604,EMP0162,2026-05-15,6079.32,911.9,303.97,376.92,88.15,0.0,0.0,0.0,0.0,4398.38,True,False,none
PR002605,EMP0162,2026-05-31,5921.76,888.26,296.09,367.15,85.87,0.0,0.0,0.0,0.0,4284.39,True,False,none
PR002606,EMP0162,2026-06-15,5926.26,888.94,296.31,367.43,85.93,0.0,0.0,0.0,0.0,4287.65,True,False,none
PR002607,EMP0162,2026-06-30,5815.39,872.31,290.77,360.55,84.32,0.0,0.0,0.0,0.0,4207.44,True,False,none
PR002608,EMP0162,2026-07-15,5674.23,851.13,283.71,351.8,82.28,0.0,0.0,0.0,0.0,4105.31,True,False,none
PR002609,EMP0162,2026-07-31,5664.8,849.72,283.24,351.22,82.14,0.0,0.0,0.0,0.0,4098.48,True,False,none
PR002610,EMP0162,2026-08-15,5847.27,877.09,292.36,362.53,84.79,0.0,0.0,0.0,0.0,4230.5,True,False,none
PR002611,EMP0162,2026-08-31,5689.41,853.41,284.47,352.74,82.5,0.0,0.0,0.0,0.0,4116.29,True,False,none
PR002612,EMP0163,2026-04-05,5303.49,795.52,0.0,328.82,76.9,31.82,143.19,302.3,849.76,2950.19,True,False,none
PR002613,EMP0163,2026-04-19,5418.48,812.77,0.0,335.95,78.57,10.18,99.81,308.85,728.67,3153.67,True,False,none
PR002614,EMP0163,2026-05-03,5138.69,770.8,0.0,318.6,74.51,0.0,0.0,292.91,812.64,2869.23,True,False,none
PR002615,EMP0163,2026-05-17,5419.81,812.97,0.0,336.03,78.59,0.0,0.0,308.93,438.08,3445.21,True,False,none
PR002616,EMP0163,2026-05-31,5357.88,803.68,0.0,332.19,77.69,0.0,0.0,305.4,488.94,3349.98,True,False,none
PR002617,EMP0163,2026-06-14,5385.05,807.76,0.0,333.87,78.08,0.0,0.0,306.95,4577.29,2922.91,True,True,garnishment_overwithholding
PR002618,EMP0163,2026-06-28,5063.21,759.48,0.0,313.92,73.42,0.0,0.0,288.6,820.89,2806.9,True,False,none
PR002619,EMP0163,2026-07-12,5310.06,796.51,0.0,329.22,77.0,0.0,0.0,302.67,1815.5,2896.91,True,True,duplicate_deduction
PR002620,EMP0163,2026-07-26,5244.4,786.66,0.0,325.15,76.04,0.0,0.0,298.93,819.86,2937.76,True,False,none
PR002621,EMP0163,2026-08-09,5076.69,761.5,0.0,314.75,73.61,0.0,0.0,289.37,492.0,3145.46,True,False,none
PR002622,EMP0163,2026-08-23,5078.62,761.79,0.0,314.87,73.64,0.0,0.0,289.48,869.34,2769.5,True,False,none
PR002623,EMP0163,2026-09-06,5391.02,808.65,0.0,334.24,78.17,0.0,0.0,307.29,846.01,3016.66,True,False,none
PR002624,EMP0164,2026-03-31,1469.44,220.42,88.17,91.11,21.31,8.82,39.67,166.05,0.0,882.38,True,False,none
PR002625,EMP0164,2026-04-15,1373.5,206.03,82.41,85.16,19.92,8.24,37.08,155.21,0.0,824.77,True,False,none
PR002626,EMP0164,2026-04-30,1407.3,211.09,84.44,87.25,20.41,8.44,38.0,159.02,0.0,845.09,True,False,none
PR002627,EMP0164,2026-05-15,1371.92,205.79,82.32,85.06,19.89,8.23,37.04,155.03,0.0,926.53,True,True,net_pay_mismatch
PR002628,EMP0164,2026-05-31,1389.73,208.46,83.38,86.16,20.15,8.27,37.52,157.04,0.0,834.54,True,False,none
PR002629,EMP0164,2026-06-15,1416.69,212.5,85.0,87.83,20.54,0.0,38.25,160.09,0.0,850.73,True,False,none
PR002630,EMP0164,2026-06-30,1394.14,209.12,83.65,86.44,20.22,0.0,15.43,157.54,0.0,837.17,True,False,none
PR002631,EMP0164,2026-07-15,1375.28,206.29,82.52,85.27,19.94,0.0,0.0,155.41,0.0,825.85,True,False,none
PR002632,EMP0164,2026-07-31,1382.77,207.42,82.97,85.73,20.05,0.0,0.0,156.25,0.0,830.35,True,False,none
PR002633,EMP0164,2026-08-15,1380.49,207.07,182.23,85.59,20.02,0.0,0.0,156.0,0.0,828.98,True,True,tax_miscalculation
PR002634,EMP0164,2026-08-31,1473.39,221.01,88.4,91.35,21.36,0.0,0.0,166.49,0.0,884.78,True,False,none
PR002635,EMP0165,2026-04-05,3186.77,478.02,0.0,197.58,46.21,19.12,86.04,0.0,0.0,2464.96,True,False,none
PR002636,EMP0165,2026-04-19,3238.34,485.75,0.0,200.78,46.96,19.43,87.44,0.0,0.0,2504.85,True,False,none
PR002637,EMP0165,2026-05-03,3107.74,466.16,0.0,192.68,45.06,3.45,69.52,0.0,0.0,2403.84,True,False,none
PR002638,EMP0165,2026-05-17,3067.82,460.17,0.0,190.2,44.48,0.0,0.0,0.0,0.0,2372.97,True,False,none
PR002639,EMP0165,2026-05-31,3196.42,479.46,0.0,198.18,46.35,0.0,0.0,0.0,0.0,2472.43,True,False,none
PR002640,EMP0165,2026-06-14,3079.67,461.95,0.0,190.94,44.66,0.0,0.0,0.0,0.0,2382.12,True,False,none
PR002641,EMP0165,2026-06-28,3073.02,460.95,0.0,190.53,44.56,0.0,0.0,0.0,0.0,2376.98,True,False,none
PR002642,EMP0165,2026-07-12,3056.48,458.47,0.0,189.5,44.32,0.0,0.0,0.0,0.0,2364.19,True,False,none
PR002643,EMP0165,2026-07-26,3031.05,454.66,0.0,187.93,43.95,0.0,0.0,0.0,0.0,2344.51,True,False,none
PR002644,EMP0165,2026-08-09,3062.4,459.36,0.0,94.94,44.4,0.0,0.0,0.0,0.0,2368.77,True,True,tax_miscalculation
PR002645,EMP0165,2026-08-23,3086.86,463.03,0.0,191.39,44.76,0.0,0.0,0.0,0.0,2387.68,True,False,none
PR002646,EMP0165,2026-09-06,3165.68,474.85,0.0,196.27,45.9,0.0,0.0,0.0,0.0,2448.66,True,False,none
PR002647,EMP0166,2026-04-05,5296.23,794.43,0.0,328.37,76.8,31.78,143.0,0.0,0.0,4096.63,True,False,none
PR002648,EMP0166,2026-04-19,5360.52,804.08,0.0,332.35,77.73,10.22,100.0,0.0,0.0,4146.36,True,False,none
PR002649,EMP0166,2026-05-03,5620.61,843.09,0.0,348.48,81.5,0.0,0.0,0.0,0.0,4347.54,True,False,none
PR002650,EMP0166,2026-05-17,5332.89,799.93,0.0,330.64,77.33,0.0,0.0,0.0,0.0,4124.99,True,False,none
PR002651,EMP0166,2026-05-31,5417.94,812.69,0.0,335.91,78.56,0.0,0.0,0.0,0.0,4190.78,True,False,none
PR002652,EMP0166,2026-06-14,5644.79,846.72,0.0,349.98,81.85,0.0,0.0,0.0,0.0,4366.24,True,False,none
PR002653,EMP0166,2026-06-28,5336.36,800.45,0.0,330.85,77.38,0.0,0.0,0.0,0.0,4127.68,True,False,none
PR002654,EMP0166,2026-07-12,5304.99,795.75,0.0,164.46,76.92,0.0,0.0,0.0,0.0,4103.41,True,True,tax_miscalculation
PR002655,EMP0166,2026-07-26,5479.6,821.94,0.0,339.74,79.45,0.0,0.0,0.0,0.0,4238.47,True,False,none
PR002656,EMP0166,2026-08-09,5400.46,810.07,0.0,334.83,78.31,0.0,0.0,0.0,0.0,4177.25,True,False,none
PR002657,EMP0166,2026-08-23,5513.87,827.08,0.0,341.86,79.95,0.0,0.0,0.0,0.0,4264.98,True,False,none
PR002658,EMP0166,2026-09-06,5618.34,842.75,0.0,348.34,81.47,0.0,0.0,0.0,0.0,4345.78,True,False,none
PR002659,EMP0167,2026-03-31,5758.68,863.8,287.93,357.04,83.5,34.55,155.48,0.0,0.0,4166.41,True,False,none
PR002660,EMP0167,2026-04-15,5966.98,895.05,298.35,369.95,86.52,7.45,87.52,0.0,0.0,4317.11,True,False,none
PR002661,EMP0167,2026-04-30,5931.67,889.75,296.58,367.76,86.01,0.0,0.0,0.0,0.0,4291.57,True,False,none
PR002662,EMP0167,2026-05-15,5761.93,864.29,288.1,357.24,83.55,0.0,0.0,0.0,0.0,4168.75,True,False,none
PR002663,EMP0167,2026-05-31,5987.31,898.1,299.37,371.21,86.82,0.0,0.0,0.0,0.0,4331.81,True,False,none
PR002664,EMP0167,2026-06-15,5822.78,873.42,291.14,361.01,84.43,0.0,0.0,0.0,0.0,4212.78,True,False,none
PR002665,EMP0167,2026-06-30,5923.37,888.51,296.17,367.25,85.89,0.0,0.0,0.0,0.0,4285.55,True,False,none
PR002666,EMP0167,2026-07-15,5732.9,859.93,630.61,355.44,83.13,0.0,0.0,0.0,0.0,4147.76,True,True,tax_miscalculation
PR002667,EMP0167,2026-07-31,5910.1,886.51,295.51,366.43,85.7,0.0,0.0,0.0,0.0,4275.95,True,False,none
PR002668,EMP0167,2026-08-15,5838.19,875.73,291.91,361.97,84.65,0.0,0.0,0.0,0.0,4223.93,True,False,none
PR002669,EMP0167,2026-08-31,6080.48,912.07,304.02,376.99,88.17,0.0,0.0,0.0,0.0,4399.23,True,False,none
PR002670,EMP0168,2026-03-29,2406.22,360.93,120.31,149.19,34.89,14.44,64.97,117.9,0.0,1623.0,True,False,none
PR002671,EMP0168,2026-04-05,2477.65,371.65,123.88,153.61,35.93,14.87,66.9,121.4,0.0,1671.18,True,False,none
PR002672,EMP0168,2026-04-12,2485.52,372.83,124.28,154.1,36.04,12.7,67.11,121.79,0.0,1676.48,True,False,none
PR002673,EMP0168,2026-04-19,2538.17,380.73,126.91,157.37,36.8,0.0,44.03,124.37,0.0,1711.99,True,False,none
PR002674,EMP0168,2026-04-26,2508.4,376.26,125.42,155.52,36.37,0.0,0.0,122.91,0.0,1691.92,True,False,none
PR002675,EMP0168,2026-05-03,2526.76,379.01,126.34,156.66,36.64,0.0,0.0,123.81,0.0,1704.3,True,False,none
PR002676,EMP0168,2026-05-10,2548.45,382.27,127.42,158.0,36.95,0.0,0.0,124.87,0.0,1718.94,True,False,none
PR002677,EMP0168,2026-05-17,2565.27,384.79,128.26,159.05,37.2,0.0,0.0,125.7,0.0,1730.27,True,False,none
PR002678,EMP0168,2026-05-24,2456.97,368.55,122.85,152.33,35.63,0.0,0.0,120.39,0.0,1657.22,True,False,none
PR002679,EMP0168,2026-05-31,2501.24,375.19,125.06,155.08,36.27,0.0,0.0,122.56,0.0,1687.08,True,False,none
PR002680,EMP0168,2026-06-07,2560.91,384.14,128.05,158.78,37.13,0.0,0.0,125.48,0.0,1727.33,True,True,wage_base_cap_error
PR002681,EMP0168,2026-06-14,2590.41,388.56,129.52,160.61,37.56,0.0,0.0,126.93,0.0,1747.23,True,False,none
PR002682,EMP0168,2026-06-21,2570.67,385.6,128.53,159.38,37.27,0.0,0.0,125.96,0.0,1733.93,True,False,none
PR002683,EMP0168,2026-06-28,2468.34,370.25,123.42,153.04,35.79,0.0,0.0,120.95,0.0,1664.89,True,False,none
PR002684,EMP0168,2026-07-05,2433.52,365.03,121.68,150.88,35.29,0.0,0.0,119.24,0.0,1641.4,True,False,none
PR002685,EMP0168,2026-07-12,2491.63,373.74,124.58,154.48,36.13,0.0,0.0,122.09,0.0,1916.02,True,True,net_pay_mismatch
PR002686,EMP0168,2026-07-19,2492.26,373.84,124.61,154.52,36.14,0.0,0.0,122.12,0.0,1681.03,True,False,none
PR002687,EMP0168,2026-07-26,2490.41,373.56,124.52,154.41,36.11,0.0,0.0,122.03,0.0,1679.78,True,False,none
PR002688,EMP0168,2026-08-02,2560.54,384.08,128.03,158.75,37.13,0.0,0.0,125.47,0.0,1727.08,True,False,none
PR002689,EMP0168,2026-08-09,2466.35,369.95,123.32,152.91,35.76,0.0,0.0,120.85,0.0,1663.56,True,False,none
PR002690,EMP0168,2026-08-16,2564.8,384.72,128.24,159.02,37.19,0.0,0.0,125.68,0.0,1729.95,True,False,none
PR002691,EMP0168,2026-08-23,2475.32,371.3,123.77,153.47,35.89,0.0,0.0,121.29,0.0,1669.6,True,False,none
PR002692,EMP0168,2026-08-30,2459.8,368.97,122.99,152.51,35.67,0.0,0.0,120.53,0.0,1659.13,True,False,none
PR002693,EMP0168,2026-09-06,2484.64,372.7,124.23,154.05,36.03,0.0,0.0,121.75,0.0,1675.88,True,False,none
PR002694,EMP0168,2026-09-13,2545.57,381.84,127.28,157.83,36.91,0.0,0.0,124.73,0.0,1716.98,True,False,none
PR002695,EMP0169,2026-04-05,2846.61,426.99,0.0,176.49,41.28,17.08,76.86,298.89,0.0,1902.96,True,False,none
PR002696,EMP0169,2026-04-19,2862.97,429.45,0.0,177.5,41.51,17.18,77.3,300.61,0.0,1913.9,True,False,none
PR002697,EMP0169,2026-05-03,3038.4,455.76,0.0,188.38,44.06,7.74,82.04,319.03,0.0,2031.17,True,False,none
PR002698,EMP0169,2026-05-17,2858.11,428.72,0.0,177.2,41.44,0.0,6.8,300.1,0.0,1910.65,True,False,none
PR002699,EMP0169,2026-05-31,2949.24,442.39,0.0,182.85,42.76,0.0,0.0,309.67,0.0,1971.57,True,False,none
PR002700,EMP0169,2026-06-14,2951.94,442.79,0.0,183.02,42.8,0.0,0.0,309.95,0.0,1973.38,True,False,none
PR002701,EMP0169,2026-06-28,2931.1,439.66,0.0,181.73,42.5,0.0,0.0,307.77,0.0,1959.44,True,False,none
PR002702,EMP0169,2026-07-12,2967.14,445.07,0.0,183.96,43.02,0.0,0.0,311.55,0.0,1983.54,True,False,none
PR002703,EMP0169,2026-07-26,2870.73,430.61,0.0,177.99,41.63,0.0,0.0,301.43,0.0,1919.07,True,False,none
PR002704,EMP0169,2026-08-09,2945.74,441.86,0.0,182.64,42.71,0.0,0.0,309.3,0.0,1969.23,True,False,none
PR002705,EMP0169,2026-08-23,2903.81,435.57,0.0,180.04,42.11,0.0,0.0,304.9,0.0,1941.19,True,False,none
PR002706,EMP0169,2026-09-06,2971.07,445.66,0.0,92.11,43.08,0.0,0.0,311.96,0.0,1986.16,True,True,tax_miscalculation
PR002707,EMP0170,2026-04-05,2559.38,383.91,127.97,158.68,37.11,15.36,69.1,0.0,594.89,1256.82,True,False,none
PR002708,EMP0170,2026-04-19,2568.57,385.29,128.43,159.25,37.24,15.41,69.35,0.0,434.1,1424.26,True,False,none
PR002709,EMP0170,2026-05-03,2575.55,386.33,128.78,159.68,37.35,11.23,69.54,0.0,381.72,1481.69,True,False,none
PR002710,EMP0170,2026-05-17,2702.2,405.33,135.11,167.54,39.18,0.0,35.01,0.0,460.83,1494.21,True,False,none
PR002711,EMP0170,2026-05-31,2723.36,408.5,136.17,168.85,39.49,0.0,0.0,0.0,868.88,908.65,True,True,net_pay_mismatch
PR002712,EMP0170,2026-06-14,2559.75,383.96,127.99,158.7,37.12,0.0,0.0,0.0,485.89,1116.66,True,True,net_pay_mismatch
PR002713,EMP0170,2026-06-28,2606.57,390.99,130.33,161.61,37.8,0.0,0.0,0.0,332.11,1553.73,True,False,none
PR002714,EMP0170,2026-07-12,2646.09,396.91,132.3,164.06,38.37,0.0,0.0,0.0,772.55,1141.9,True,False,none
PR002715,EMP0170,2026-07-26,2695.99,404.4,134.8,167.15,39.09,0.0,0.0,0.0,395.06,1555.49,True,False,none
PR002716,EMP0170,2026-08-09,2670.29,400.54,133.51,165.56,38.72,0.0,0.0,0.0,417.6,1514.36,True,False,none
PR002717,EMP0170,2026-08-23,2575.45,386.32,128.77,159.68,37.34,0.0,0.0,0.0,768.11,1095.23,True,False,none
PR002718,EMP0170,2026-09-06,2582.01,387.3,129.1,160.08,37.44,0.0,0.0,0.0,427.74,1440.35,True,False,none
PR002719,EMP0171,2026-03-31,2067.53,310.13,0.0,128.19,29.98,12.41,55.82,157.13,0.0,1442.1,True,False,none
PR002720,EMP0171,2026-04-15,2215.88,332.38,0.0,137.38,32.13,13.3,59.83,168.41,0.0,1545.58,True,False,none
PR002721,EMP0171,2026-04-30,2202.57,330.39,0.0,136.56,31.94,13.22,59.47,167.4,0.0,1536.28,True,False,none
PR002722,EMP0171,2026-05-15,2174.39,326.16,0.0,134.81,31.53,3.08,58.71,165.25,0.0,1516.64,True,False,none
PR002723,EMP0171,2026-05-31,2195.35,329.3,0.0,136.11,31.83,0.0,9.17,166.85,0.0,1531.26,True,False,none
PR002724,EMP0171,2026-06-15,2093.35,314.0,0.0,129.79,30.35,0.0,0.0,159.09,0.0,1460.12,True,False,none
PR002725,EMP0171,2026-06-30,2145.57,321.84,0.0,133.03,31.11,0.0,0.0,163.06,0.0,1496.53,True,False,none
PR002726,EMP0171,2026-07-15,2127.31,319.1,0.0,131.89,30.85,0.0,0.0,161.68,0.0,1483.79,True,False,none
PR002727,EMP0171,2026-07-31,2083.41,312.51,0.0,129.17,30.21,0.0,0.0,158.34,0.0,1453.18,True,False,none
PR002728,EMP0171,2026-08-15,2150.31,322.55,0.0,133.32,31.18,0.0,0.0,163.42,0.0,1499.84,True,False,none
PR002729,EMP0171,2026-08-31,2224.42,333.66,0.0,137.91,32.25,0.0,0.0,169.06,0.0,1551.54,True,False,none
PR002730,EMP0172,2026-03-31,5587.23,838.08,279.36,346.41,81.01,33.52,150.86,502.85,0.0,3539.52,True,False,none
PR002731,EMP0172,2026-04-15,5702.69,855.4,285.13,353.57,82.69,8.48,92.14,513.24,0.0,3612.66,True,False,none
PR002732,EMP0172,2026-04-30,5664.15,849.62,283.21,351.18,82.13,0.0,0.0,509.77,0.0,3588.24,True,False,none
PR002733,EMP0172,2026-05-15,5678.21,851.73,283.91,352.05,82.33,0.0,0.0,511.04,0.0,3597.15,True,False,none
PR002734,EMP0172,2026-05-31,5986.06,897.91,299.3,371.14,86.8,0.0,0.0,538.75,0.0,3792.16,True,False,none
PR002735,EMP0172,2026-06-15,5783.81,867.57,289.19,358.6,83.87,0.0,0.0,520.54,0.0,3664.04,True,False,none
PR002736,EMP0172,2026-06-30,5782.99,867.45,289.15,358.55,83.85,0.0,0.0,520.47,0.0,3663.52,True,False,none
PR002737,EMP0172,2026-07-15,5918.15,887.72,295.91,366.93,85.81,0.0,0.0,532.63,0.0,3749.15,True,False,none
PR002738,EMP0172,2026-07-31,5639.79,845.97,281.99,349.67,81.78,0.0,0.0,507.58,0.0,3572.8,True,False,none
PR002739,EMP0172,2026-08-15,5792.62,868.89,289.63,359.14,83.99,0.0,0.0,521.34,0.0,3669.63,True,False,none
PR002740,EMP0172,2026-08-31,5766.32,864.95,288.32,357.51,83.61,0.0,0.0,518.97,0.0,3652.96,True,False,none
PR002741,EMP0173,2026-04-05,3774.18,566.13,0.0,234.0,54.73,22.65,101.9,113.23,0.0,2806.09,True,False,none
PR002742,EMP0173,2026-04-19,3893.63,584.04,0.0,241.41,56.46,19.35,105.13,116.81,0.0,2894.91,True,False,none
PR002743,EMP0173,2026-05-03,3825.36,573.8,0.0,237.17,55.47,0.0,35.97,114.76,0.0,2844.16,True,False,none
PR002744,EMP0173,2026-05-17,3715.13,557.27,0.0,230.34,53.87,0.0,0.0,111.45,0.0,2762.2,True,False,none
PR002745,EMP0173,2026-05-31,3842.6,576.39,0.0,238.24,55.72,0.0,0.0,115.28,0.0,2856.97,True,False,none
PR002746,EMP0173,2026-06-14,3647.74,547.16,0.0,226.16,52.89,0.0,0.0,109.43,0.0,2712.1,True,False,none
PR002747,EMP0173,2026-06-28,3606.13,540.92,0.0,223.58,52.29,0.0,0.0,108.18,0.0,2681.16,True,False,none
PR002748,EMP0173,2026-07-12,3657.75,548.66,0.0,226.78,53.04,0.0,0.0,109.73,0.0,2719.54,True,False,none
PR002749,EMP0173,2026-07-26,3698.08,554.71,0.0,229.28,53.62,0.0,0.0,110.94,0.0,2749.53,True,False,none
PR002750,EMP0173,2026-08-09,3748.57,562.29,0.0,232.41,54.35,0.0,0.0,112.46,0.0,2787.06,True,False,none
PR002751,EMP0173,2026-08-23,3779.58,566.94,0.0,234.33,54.8,0.0,0.0,113.39,0.0,2810.12,True,False,none
PR002752,EMP0173,2026-09-06,3867.24,580.09,0.0,239.77,56.07,0.0,0.0,116.02,0.0,2875.29,True,False,none
PR002753,EMP0174,2026-04-05,3945.8,591.87,197.29,244.64,57.21,23.67,106.54,469.55,0.0,2385.24,True,False,none
PR002754,EMP0174,2026-04-19,3943.12,591.47,197.16,244.47,57.18,18.33,106.46,469.23,0.0,2383.61,True,False,none
PR002755,EMP0174,2026-05-03,3802.27,570.34,190.11,235.74,55.13,0.0,30.0,452.47,0.0,2298.48,True,False,none
PR002756,EMP0174,2026-05-17,3797.48,569.62,189.87,235.44,55.06,0.0,0.0,451.9,0.0,2295.59,True,False,none
PR002757,EMP0174,2026-05-31,3958.7,593.8,197.94,245.44,57.4,0.0,0.0,471.09,0.0,2393.03,True,False,none
PR002758,EMP0174,2026-06-14,3923.42,588.51,196.17,243.25,56.89,0.0,0.0,466.89,0.0,2371.71,True,False,none
PR002759,EMP0174,2026-06-28,4048.65,607.3,202.43,251.02,58.71,0.0,0.0,481.79,0.0,2447.4,True,False,none
PR002760,EMP0174,2026-07-12,3836.75,575.51,191.84,237.88,55.63,0.0,0.0,456.57,0.0,2319.32,True,False,none
PR002761,EMP0174,2026-07-26,3794.37,569.16,189.72,235.25,55.02,0.0,0.0,451.53,0.0,2293.69,True,False,none
PR002762,EMP0174,2026-08-09,3926.81,589.02,196.34,243.46,56.94,0.0,0.0,467.29,0.0,2373.76,True,False,none
PR002763,EMP0174,2026-08-23,3860.74,579.11,193.04,239.37,55.98,0.0,0.0,459.43,0.0,2333.81,True,False,none
PR002764,EMP0174,2026-09-06,3802.07,570.31,190.1,235.73,55.13,0.0,0.0,452.45,0.0,2298.35,True,False,none
PR002765,EMP0175,2026-04-05,1891.05,283.66,0.0,117.25,27.42,11.35,51.06,136.16,0.0,1326.56,True,False,none
PR002766,EMP0175,2026-04-19,1800.83,270.12,0.0,111.65,26.11,10.8,48.62,129.66,0.0,1263.29,True,False,none
PR002767,EMP0175,2026-05-03,1873.93,281.09,0.0,116.18,27.17,11.24,50.6,134.92,0.0,1314.57,True,False,none
PR002768,EMP0175,2026-05-17,1825.77,273.87,0.0,113.2,26.47,8.61,49.3,131.46,0.0,1280.77,True,False,none
PR002769,EMP0175,2026-05-31,1809.94,271.49,0.0,112.22,26.24,0.0,43.43,130.32,0.0,1269.67,True,False,none
PR002770,EMP0175,2026-06-14,1840.3,276.04,0.0,114.1,26.68,0.0,0.0,132.5,0.0,1290.98,True,False,none
PR002771,EMP0175,2026-06-28,1902.35,285.35,0.0,117.95,27.58,0.0,0.0,136.97,0.0,1334.5,True,False,none
PR002772,EMP0175,2026-07-12,1842.11,276.32,0.0,114.21,26.71,0.0,0.0,132.63,0.0,1292.24,True,False,none
PR002773,EMP0175,2026-07-26,1894.9,284.24,0.0,117.48,27.48,0.0,0.0,136.43,0.0,1329.27,True,False,none
PR002774,EMP0175,2026-08-09,1802.88,270.43,0.0,111.78,26.14,0.0,0.0,129.81,0.0,1264.72,True,False,none
PR002775,EMP0175,2026-08-23,1898.13,284.72,0.0,117.68,27.52,0.0,0.0,136.67,0.0,1331.54,True,False,none
PR002776,EMP0175,2026-09-06,1819.28,272.89,0.0,112.8,26.38,0.0,0.0,130.99,0.0,1276.22,True,False,none
PR002777,EMP0176,2026-03-29,2582.99,387.45,129.15,160.15,37.45,15.5,69.74,0.0,0.0,1868.79,False,True,late_journal_posting
PR002778,EMP0176,2026-04-05,2560.48,384.07,128.02,158.75,37.13,15.36,69.13,0.0,0.0,1852.51,True,False,none
PR002779,EMP0176,2026-04-12,2633.79,395.07,131.69,163.29,38.19,11.14,71.11,0.0,0.0,1905.55,True,False,none
PR002780,EMP0176,2026-04-19,2524.47,378.67,126.22,156.52,36.6,0.0,33.01,0.0,0.0,1826.46,True,False,none
PR002781,EMP0176,2026-04-26,2459.67,368.95,122.98,152.5,35.67,0.0,0.0,0.0,0.0,1779.57,True,False,none
PR002782,EMP0176,2026-05-03,2450.19,367.53,122.51,151.91,35.53,0.0,0.0,0.0,0.0,1772.71,True,False,none
PR002783,EMP0176,2026-05-10,2613.15,391.97,130.66,162.02,37.89,0.0,0.0,0.0,0.0,1890.61,True,False,none
PR002784,EMP0176,2026-05-17,2552.19,382.83,127.61,158.24,37.01,0.0,0.0,0.0,0.0,1846.5,True,False,none
PR002785,EMP0176,2026-05-24,2602.74,390.41,130.14,161.37,37.74,0.0,0.0,0.0,0.0,1883.08,True,False,none
PR002786,EMP0176,2026-05-31,2493.62,374.04,124.68,154.6,36.16,0.0,0.0,0.0,0.0,1804.14,True,False,none
PR002787,EMP0176,2026-06-07,2515.95,377.39,125.8,155.99,36.48,0.0,0.0,0.0,0.0,1820.29,True,False,none
PR002788,EMP0176,2026-06-14,2452.4,367.86,122.62,152.05,35.56,0.0,0.0,0.0,0.0,1774.31,True,False,none
PR002789,EMP0176,2026-06-21,2640.31,396.05,132.02,163.7,38.28,0.0,0.0,0.0,0.0,1910.26,True,False,none
PR002790,EMP0176,2026-06-28,2581.07,387.16,129.05,160.03,37.43,0.0,0.0,0.0,0.0,1867.4,True,False,none
PR002791,EMP0176,2026-07-05,2634.61,395.19,131.73,163.35,38.2,0.0,0.0,0.0,0.0,1906.14,True,False,none
PR002792,EMP0176,2026-07-12,2499.89,374.98,124.99,154.99,36.25,0.0,0.0,0.0,0.0,1808.68,True,False,none
PR002793,EMP0176,2026-07-19,2569.69,385.45,128.48,159.32,37.26,0.0,0.0,0.0,0.0,1859.18,True,False,none
PR002794,EMP0176,2026-07-26,2583.22,387.48,129.16,160.16,37.46,0.0,0.0,0.0,0.0,1868.96,True,False,none
PR002795,EMP0176,2026-08-02,2510.39,376.56,125.52,155.64,36.4,0.0,0.0,0.0,0.0,1816.27,True,True,duplicate_deduction
PR002796,EMP0176,2026-08-09,2617.44,392.62,130.87,162.28,37.95,0.0,0.0,0.0,0.0,1893.72,True,False,none
PR002797,EMP0176,2026-08-16,2637.42,395.61,131.87,163.52,38.24,0.0,0.0,0.0,0.0,1908.18,True,False,none
PR002798,EMP0176,2026-08-23,2624.85,393.73,131.24,162.74,38.06,0.0,0.0,0.0,0.0,1899.08,True,False,none
PR002799,EMP0176,2026-08-30,2595.44,389.32,129.77,160.92,37.63,0.0,0.0,0.0,0.0,1877.8,True,False,none
PR002800,EMP0176,2026-09-06,2502.31,375.35,125.12,155.14,36.28,0.0,0.0,0.0,0.0,1810.42,True,False,none
PR002801,EMP0176,2026-09-13,2503.14,375.47,125.16,155.19,36.3,0.0,0.0,0.0,0.0,1811.02,True,False,none
PR002802,EMP0177,2026-03-31,5048.04,757.21,201.92,312.98,73.2,30.29,136.3,454.32,0.0,3248.41,True,False,none
PR002803,EMP0177,2026-04-15,4680.45,702.07,187.22,290.19,67.87,11.71,106.7,421.24,0.0,3011.86,True,False,none
PR002804,EMP0177,2026-04-30,4952.66,742.9,198.11,307.06,71.81,0.0,0.0,445.74,0.0,3187.04,True,False,none
PR002805,EMP0177,2026-05-15,4948.88,742.33,197.96,153.41,71.76,0.0,0.0,445.4,0.0,3184.6,True,True,tax_miscalculation
PR002806,EMP0177,2026-05-31,4916.65,737.5,196.67,304.83,71.29,0.0,0.0,442.5,0.0,3163.86,True,False,none
PR002807,EMP0177,2026-06-15,5058.36,758.75,202.33,313.62,73.35,0.0,0.0,455.25,0.0,3255.06,True,False,none
PR002808,EMP0177,2026-06-30,4796.77,719.52,191.87,297.4,69.55,0.0,0.0,431.71,0.0,3086.72,True,False,none
PR002809,EMP0177,2026-07-15,4807.61,721.14,192.3,298.07,69.71,0.0,0.0,432.68,0.0,3093.71,True,False,none
PR002810,EMP0177,2026-07-31,4706.93,706.04,188.28,291.83,68.25,0.0,0.0,423.62,0.0,3028.91,True,False,none
PR002811,EMP0177,2026-08-15,4847.27,727.09,193.89,300.53,70.29,0.0,0.0,436.25,0.0,3119.22,True,False,none
PR002812,EMP0177,2026-08-31,4777.17,716.58,191.09,296.18,69.27,0.0,0.0,429.95,0.0,3074.1,True,False,none
PR002813,EMP0178,2026-04-05,4273.04,640.96,213.65,264.93,61.96,25.64,115.37,239.29,0.0,2852.25,True,False,none
PR002814,EMP0178,2026-04-19,4441.37,666.21,222.07,495.65,64.4,16.36,119.92,248.72,0.0,2964.61,True,True,tax_miscalculation
PR002815,EMP0178,2026-05-03,4475.96,671.39,223.8,277.51,64.9,0.0,7.71,250.65,0.0,2987.71,True,False,none
PR002816,EMP0178,2026-05-17,4219.01,632.85,210.95,130.79,61.18,0.0,0.0,236.26,0.0,2816.19,True,True,tax_miscalculation
PR002817,EMP0178,2026-05-31,4283.02,642.45,214.15,265.55,62.1,0.0,0.0,239.85,0.0,2858.92,True,False,none
PR002818,EMP0178,2026-06-14,4473.61,671.04,223.68,277.36,64.87,0.0,0.0,250.52,0.0,2986.14,True,False,none
PR002819,EMP0178,2026-06-28,4176.54,626.48,208.83,258.95,60.56,0.0,0.0,233.89,0.0,2787.83,True,False,none
PR002820,EMP0178,2026-07-12,4187.01,628.05,209.35,259.59,60.71,0.0,0.0,234.47,0.0,2794.84,True,False,none
PR002821,EMP0178,2026-07-26,4211.15,631.67,210.56,261.09,61.06,0.0,0.0,235.82,0.0,2810.95,True,False,none
PR002822,EMP0178,2026-08-09,4359.34,653.9,217.97,270.28,63.21,0.0,0.0,244.12,0.0,2909.86,True,False,none
PR002823,EMP0178,2026-08-23,4206.93,631.04,210.35,260.83,61.0,0.0,0.0,235.59,0.0,2808.12,True,False,none
PR002824,EMP0178,2026-09-06,4487.13,673.07,224.36,278.2,65.06,0.0,0.0,251.28,0.0,2995.16,True,False,none
PR002825,EMP0179,2026-03-29,1260.57,302.54,63.03,78.16,18.28,7.56,34.04,0.0,0.0,912.01,True,True,tax_miscalculation
PR002826,EMP0179,2026-04-05,1266.07,189.91,63.3,78.5,18.36,7.6,34.18,0.0,0.0,916.0,True,False,none
PR002827,EMP0179,2026-04-12,1240.51,186.08,62.03,76.91,17.99,7.44,33.49,0.0,0.0,729.76,True,True,net_pay_mismatch
PR002828,EMP0179,2026-04-19,1282.15,192.32,64.11,79.49,18.59,7.69,34.62,0.0,0.0,927.64,True,False,none
PR002829,EMP0179,2026-04-26,1291.1,193.66,64.55,80.05,18.72,7.75,34.86,0.0,0.0,934.12,True,False,none
PR002830,EMP0179,2026-05-03,1291.37,193.71,64.57,80.06,18.72,3.96,34.87,0.0,0.0,934.31,False,True,late_journal_posting
PR002831,EMP0179,2026-05-10,1273.73,191.06,140.12,78.97,18.47,0.0,34.39,0.0,0.0,921.54,True,True,tax_miscalculation
PR002832,EMP0179,2026-05-17,1306.46,195.97,65.32,81.0,18.94,0.0,2.55,0.0,0.0,945.23,True,False,none
PR002833,EMP0179,2026-05-24,1297.74,194.66,64.89,80.46,18.82,0.0,0.0,0.0,0.0,938.91,True,False,none
PR002834,EMP0179,2026-05-31,1291.69,193.75,64.58,80.08,18.73,0.0,0.0,0.0,0.0,934.55,True,False,none
PR002835,EMP0179,2026-06-07,1221.36,183.2,61.07,75.72,17.71,0.0,0.0,0.0,0.0,883.66,True,False,none
PR002836,EMP0179,2026-06-14,1216.47,182.47,60.82,75.42,17.64,0.0,0.0,0.0,0.0,880.12,True,False,none
PR002837,EMP0179,2026-06-21,1237.08,185.56,61.85,76.7,17.94,0.0,0.0,0.0,0.0,895.03,True,False,none
PR002838,EMP0179,2026-06-28,1282.31,192.35,64.12,79.5,18.59,0.0,0.0,0.0,0.0,927.75,True,False,none
PR002839,EMP0179,2026-07-05,1257.01,188.55,62.85,77.93,18.23,0.0,0.0,0.0,0.0,909.45,True,False,none
PR002840,EMP0179,2026-07-12,1256.13,188.42,62.81,77.88,18.21,0.0,0.0,0.0,0.0,908.81,True,False,none
PR002841,EMP0179,2026-07-19,1304.48,195.67,65.22,80.88,18.91,0.0,0.0,0.0,0.0,943.8,True,False,none
PR002842,EMP0179,2026-07-26,1305.58,195.84,65.28,80.95,18.93,0.0,0.0,0.0,0.0,944.58,True,False,none
PR002843,EMP0179,2026-08-02,1306.94,196.04,65.35,81.03,18.95,0.0,0.0,0.0,0.0,945.57,True,False,none
PR002844,EMP0179,2026-08-09,1247.25,187.09,62.36,77.33,18.09,0.0,0.0,0.0,0.0,902.38,True,False,none
PR002845,EMP0179,2026-08-16,1285.07,192.76,64.25,79.67,18.63,0.0,0.0,0.0,0.0,929.76,True,False,none
PR002846,EMP0179,2026-08-23,1243.02,186.45,62.15,77.07,18.02,0.0,0.0,0.0,0.0,899.33,True,False,none
PR002847,EMP0179,2026-08-30,1234.89,185.23,61.74,76.56,17.91,0.0,0.0,0.0,0.0,893.45,True,False,none
PR002848,EMP0179,2026-09-06,1234.29,185.14,61.71,76.53,17.9,0.0,0.0,0.0,0.0,893.01,True,False,none
PR002849,EMP0179,2026-09-13,1250.08,187.51,62.5,77.5,18.13,0.0,0.0,0.0,0.0,904.44,True,False,none
PR002850,EMP0180,2026-03-31,5166.69,775.0,258.33,320.33,74.92,31.0,139.5,521.84,0.0,3216.27,True,False,none
PR002851,EMP0180,2026-04-15,5331.71,799.76,266.59,330.57,77.31,11.0,103.5,538.5,0.0,3318.98,True,False,none
PR002852,EMP0180,2026-04-30,5039.09,755.86,251.95,312.42,73.07,0.0,0.0,508.95,0.0,3136.84,True,False,none
PR002853,EMP0180,2026-05-15,5292.19,793.83,264.61,328.12,76.74,0.0,0.0,0.0,0.0,3294.38,True,True,missing_401k
PR002854,EMP0180,2026-05-31,5208.46,781.27,260.42,322.92,75.52,0.0,0.0,526.05,0.0,3242.28,True,False,none
PR002855,EMP0180,2026-06-15,5108.25,766.24,255.41,316.71,74.07,0.0,0.0,515.93,0.0,3179.89,True,False,none
PR002856,EMP0180,2026-06-30,5192.56,778.88,259.63,321.94,75.29,0.0,0.0,524.45,0.0,3232.37,True,False,none
PR002857,EMP0180,2026-07-15,5113.19,766.98,255.66,317.02,74.14,0.0,0.0,516.43,0.0,3182.96,True,False,none
PR002858,EMP0180,2026-07-31,5235.06,785.26,261.75,324.57,75.91,0.0,0.0,528.74,0.0,3258.83,True,False,none
PR002859,EMP0180,2026-08-15,5168.29,775.24,258.41,320.43,74.94,0.0,0.0,522.0,0.0,3217.27,True,False,none
PR002860,EMP0180,2026-08-31,5057.41,758.61,252.87,313.56,73.33,0.0,0.0,510.8,0.0,3148.24,True,False,none
PR002861,EMP0181,2026-04-05,4895.85,734.38,293.75,303.54,70.99,29.38,132.19,0.0,0.0,3493.19,True,False,none
PR002862,EMP0181,2026-04-19,5067.87,760.18,304.07,565.58,73.48,12.62,110.81,0.0,0.0,3615.93,True,True,tax_miscalculation
PR002863,EMP0181,2026-05-03,5210.13,781.52,312.61,323.03,75.55,0.0,0.0,0.0,0.0,3717.42,True,False,none
PR002864,EMP0181,2026-05-17,4986.78,748.02,299.21,309.18,72.31,0.0,0.0,0.0,0.0,3558.06,True,True,duplicate_deduction
PR002865,EMP0181,2026-05-31,5142.38,771.36,308.54,318.83,74.56,0.0,0.0,0.0,0.0,3669.09,True,False,none
PR002866,EMP0181,2026-06-14,5112.65,766.9,306.76,570.56,74.13,0.0,0.0,0.0,0.0,3647.88,True,True,tax_miscalculation
PR002867,EMP0181,2026-06-28,5221.79,783.27,313.31,323.75,75.72,0.0,0.0,0.0,0.0,3725.74,True,False,none
PR002868,EMP0181,2026-07-12,5177.56,776.63,310.65,321.01,75.07,0.0,0.0,0.0,0.0,3694.2,True,False,none
PR002869,EMP0181,2026-07-26,5075.83,761.37,304.55,314.7,73.6,0.0,0.0,0.0,0.0,3621.61,True,False,none
PR002870,EMP0181,2026-08-09,5111.99,766.8,306.72,316.94,74.12,0.0,0.0,0.0,0.0,3647.41,True,False,none
PR002871,EMP0181,2026-08-23,5208.52,781.28,312.51,322.93,75.52,0.0,0.0,0.0,0.0,3716.28,True,False,none
PR002872,EMP0181,2026-09-06,5009.0,751.35,300.54,310.56,72.63,0.0,0.0,0.0,0.0,3573.92,True,False,none
PR002873,EMP0182,2026-04-05,5179.8,776.97,0.0,321.15,75.11,31.08,139.85,0.0,0.0,4006.57,True,False,none
PR002874,EMP0182,2026-04-19,5048.35,757.25,0.0,313.0,73.2,10.92,103.15,0.0,0.0,3904.9,True,False,none
PR002875,EMP0182,2026-05-03,5387.69,808.15,0.0,334.04,78.12,0.0,0.0,0.0,0.0,4167.38,True,False,none
PR002876,EMP0182,2026-05-17,5377.06,806.56,0.0,333.38,77.97,0.0,0.0,0.0,0.0,4159.15,True,False,none
PR002877,EMP0182,2026-05-31,5087.31,1220.96,0.0,315.41,73.77,0.0,0.0,0.0,0.0,3935.03,True,True,tax_miscalculation
PR002878,EMP0182,2026-06-14,5283.82,792.57,0.0,327.6,76.62,0.0,0.0,0.0,0.0,4087.03,True,False,none
PR002879,EMP0182,2026-06-28,5236.87,785.53,0.0,324.69,75.93,0.0,0.0,0.0,0.0,4050.72,True,False,none
PR002880,EMP0182,2026-07-12,5093.24,763.99,0.0,315.78,73.85,0.0,0.0,0.0,0.0,3939.62,True,False,none
PR002881,EMP0182,2026-07-26,5451.76,817.76,0.0,338.01,79.05,0.0,0.0,0.0,0.0,4216.94,True,False,none
PR002882,EMP0182,2026-08-09,5133.17,769.98,0.0,318.26,74.43,0.0,0.0,0.0,0.0,3970.5,True,False,none
PR002883,EMP0182,2026-08-23,5071.83,760.77,0.0,314.45,73.54,0.0,0.0,0.0,0.0,3923.07,True,False,none
PR002884,EMP0182,2026-09-06,5291.31,793.7,0.0,328.06,76.72,0.0,0.0,0.0,0.0,4092.83,True,False,none
PR002885,EMP0183,2026-04-05,3553.66,533.05,106.61,220.33,51.53,21.32,95.95,248.76,0.0,2393.38,True,False,none
PR002886,EMP0183,2026-04-19,3358.51,503.78,100.76,208.23,48.7,20.15,90.68,235.1,0.0,2261.94,True,False,none
PR002887,EMP0183,2026-05-03,3531.52,529.73,105.95,218.95,51.21,0.53,56.37,247.21,0.0,2378.47,True,False,none
PR002888,EMP0183,2026-05-17,3496.59,524.49,104.9,216.79,50.7,0.0,0.0,244.76,0.0,2354.95,True,False,none
PR002889,EMP0183,2026-05-31,3378.07,506.71,101.34,209.44,48.98,0.0,0.0,236.46,0.0,2275.14,True,False,none
PR002890,EMP0183,2026-06-14,3397.21,509.58,101.92,210.63,49.26,0.0,0.0,237.8,0.0,2288.02,True,False,none
PR002891,EMP0183,2026-06-28,3506.45,525.97,105.19,217.4,50.84,0.0,0.0,245.45,0.0,2361.6,True,False,none
PR002892,EMP0183,2026-07-12,3431.42,514.71,102.94,212.75,49.76,0.0,0.0,240.2,0.0,2311.06,True,False,none
PR002893,EMP0183,2026-07-26,3608.76,541.31,108.26,223.74,52.33,0.0,0.0,252.61,0.0,2430.51,True,False,none
PR002894,EMP0183,2026-08-09,3575.73,536.36,107.27,221.7,51.85,0.0,0.0,250.3,0.0,2408.25,True,False,none
PR002895,EMP0183,2026-08-23,3621.26,543.19,108.64,112.26,52.51,0.0,0.0,253.49,0.0,2438.91,True,True,tax_miscalculation
PR002896,EMP0183,2026-09-06,3421.28,513.19,102.64,212.12,49.61,0.0,0.0,239.49,0.0,2304.23,True,False,none
PR002897,EMP0184,2026-04-05,4923.91,738.59,246.2,305.28,71.4,29.54,132.95,0.0,0.0,3562.44,True,False,none
PR002898,EMP0184,2026-04-19,4721.43,708.21,236.07,292.73,68.46,12.46,110.05,0.0,0.0,3415.96,True,False,none
PR002899,EMP0184,2026-05-03,4689.95,703.49,234.5,290.78,68.0,0.0,0.0,0.0,0.0,3393.18,True,False,none
PR002900,EMP0184,2026-05-17,4578.21,686.73,228.91,283.85,66.38,0.0,0.0,0.0,0.0,3312.34,True,False,none
PR002901,EMP0184,2026-05-31,4579.12,686.87,228.96,283.91,66.4,0.0,0.0,0.0,0.0,3312.98,False,True,late_journal_posting
PR002902,EMP0184,2026-06-14,4819.49,722.92,240.97,298.81,69.88,0.0,0.0,0.0,0.0,3486.91,True,False,none
PR002903,EMP0184,2026-06-28,4731.47,709.72,236.57,293.35,68.61,0.0,0.0,0.0,0.0,3423.22,True,False,none
PR002904,EMP0184,2026-07-12,4644.45,696.67,232.22,287.96,67.34,0.0,0.0,0.0,0.0,3360.26,True,False,none
PR002905,EMP0184,2026-07-26,4790.14,718.52,239.51,296.99,69.46,0.0,0.0,0.0,0.0,3465.66,True,False,none
PR002906,EMP0184,2026-08-09,4654.35,698.15,232.72,288.57,67.49,0.0,0.0,0.0,0.0,3367.42,True,False,none
PR002907,EMP0184,2026-08-23,4776.48,716.47,238.82,296.14,69.26,0.0,0.0,0.0,0.0,3455.79,True,False,none
PR002908,EMP0184,2026-09-06,4694.35,704.15,234.72,291.05,68.07,0.0,0.0,0.0,0.0,3396.36,True,False,none
PR002909,EMP0185,2026-03-29,2100.57,315.09,0.0,130.24,30.46,12.6,56.72,0.0,0.0,1369.61,True,True,net_pay_mismatch
PR002910,EMP0185,2026-04-05,2044.41,306.66,0.0,126.75,29.64,12.27,55.2,0.0,0.0,1581.36,True,False,none
PR002911,EMP0185,2026-04-12,2023.88,303.58,0.0,125.48,29.35,12.14,54.64,0.0,0.0,1424.83,True,True,net_pay_mismatch
PR002912,EMP0185,2026-04-19,2097.68,314.65,0.0,130.06,30.42,4.99,56.64,0.0,0.0,1622.55,True,False,none
PR002913,EMP0185,2026-04-26,2020.21,303.03,0.0,125.25,29.29,0.0,19.8,0.0,0.0,1562.64,True,False,none
PR002914,EMP0185,2026-05-03,2000.89,300.13,0.0,124.06,29.01,0.0,0.0,0.0,0.0,1547.69,True,False,none
PR002915,EMP0185,2026-05-10,1980.71,297.11,0.0,122.8,28.72,0.0,0.0,0.0,0.0,1532.08,True,False,none
PR002916,EMP0185,2026-05-17,2042.68,306.4,0.0,126.65,29.62,0.0,0.0,0.0,0.0,1580.01,True,False,none
PR002917,EMP0185,2026-05-24,2045.19,306.78,0.0,126.8,29.66,0.0,0.0,0.0,0.0,1581.95,True,False,none
PR002918,EMP0185,2026-05-31,2103.39,315.51,0.0,130.41,30.5,0.0,0.0,0.0,0.0,1626.97,True,False,none
PR002919,EMP0185,2026-06-07,2002.86,300.43,0.0,124.18,29.04,0.0,0.0,0.0,0.0,1549.21,True,False,none
PR002920,EMP0185,2026-06-14,2028.78,304.32,0.0,125.78,29.42,0.0,0.0,0.0,0.0,1569.26,True,False,none
PR002921,EMP0185,2026-06-21,2098.12,314.72,0.0,130.08,30.42,0.0,0.0,0.0,0.0,1622.9,True,False,none
PR002922,EMP0185,2026-06-28,2100.58,315.09,0.0,130.24,30.46,0.0,0.0,0.0,0.0,1624.79,True,False,none
PR002923,EMP0185,2026-07-05,2029.37,304.41,0.0,125.82,29.43,0.0,0.0,0.0,0.0,1569.71,True,False,none
PR002924,EMP0185,2026-07-12,2041.45,306.22,0.0,126.57,29.6,0.0,0.0,0.0,0.0,1579.06,True,False,none
PR002925,EMP0185,2026-07-19,2016.17,302.43,0.0,125.0,29.23,0.0,0.0,0.0,0.0,1559.51,True,False,none
PR002926,EMP0185,2026-07-26,2118.26,317.74,0.0,131.33,30.71,0.0,0.0,0.0,0.0,1638.48,True,False,none
PR002927,EMP0185,2026-08-02,1986.22,297.93,0.0,123.15,28.8,0.0,0.0,0.0,0.0,1536.34,True,False,none
PR002928,EMP0185,2026-08-09,2118.45,317.77,0.0,131.34,30.72,0.0,0.0,0.0,0.0,1638.62,True,True,duplicate_deduction
PR002929,EMP0185,2026-08-16,2077.91,311.69,0.0,128.83,30.13,0.0,0.0,0.0,0.0,1607.26,True,False,none
PR002930,EMP0185,2026-08-23,2053.21,307.98,0.0,127.3,29.77,0.0,0.0,0.0,0.0,1588.16,True,False,none
PR002931,EMP0185,2026-08-30,1972.27,295.84,0.0,122.28,28.6,0.0,0.0,0.0,0.0,1525.55,True,False,none
PR002932,EMP0185,2026-09-06,2044.13,306.62,0.0,126.74,29.64,0.0,0.0,0.0,0.0,1581.13,True,False,none
PR002933,EMP0185,2026-09-13,2033.12,304.97,0.0,126.05,29.48,0.0,0.0,0.0,0.0,1572.62,True,False,none
PR002934,EMP0186,2026-03-29,2104.2,315.63,84.17,130.46,30.51,12.63,56.81,0.0,0.0,1543.43,True,False,none
PR002935,EMP0186,2026-04-05,2189.01,328.35,87.56,135.72,31.74,13.13,59.1,0.0,0.0,1605.64,True,False,none
PR002936,EMP0186,2026-04-12,2242.91,336.44,89.72,139.06,32.52,13.46,60.56,0.0,0.0,1645.17,True,False,none
PR002937,EMP0186,2026-04-19,2172.87,325.93,86.91,134.72,31.51,2.78,58.67,0.0,0.0,1593.8,True,False,none
PR002938,EMP0186,2026-04-26,2199.0,329.85,87.96,136.34,31.89,0.0,7.86,0.0,0.0,1612.96,True,False,none
PR002939,EMP0186,2026-05-03,2088.31,313.25,83.53,129.48,30.28,0.0,0.0,0.0,0.0,1531.77,True,False,none
PR002940,EMP0186,2026-05-10,2148.12,515.55,85.92,133.18,31.15,0.0,0.0,0.0,0.0,1575.65,True,True,tax_miscalculation
PR002941,EMP0186,2026-05-17,2096.52,314.48,83.86,129.98,30.4,0.0,0.0,0.0,0.0,1537.8,True,False,none
PR002942,EMP0186,2026-05-24,2181.54,327.23,87.26,135.26,31.63,0.0,0.0,0.0,0.0,1600.16,True,False,none
PR002943,EMP0186,2026-05-31,2237.32,335.6,89.49,138.71,32.44,0.0,0.0,0.0,0.0,1641.08,True,False,none
PR002944,EMP0186,2026-06-07,2189.93,328.49,87.6,135.78,31.75,0.0,0.0,0.0,0.0,1606.31,True,False,none
PR002945,EMP0186,2026-06-14,2089.74,313.46,83.59,129.56,30.3,0.0,0.0,0.0,0.0,1532.83,True,False,none
PR002946,EMP0186,2026-06-21,2137.33,320.6,85.49,132.51,30.99,0.0,0.0,0.0,0.0,1567.74,True,False,none
PR002947,EMP0186,2026-06-28,2170.9,325.63,86.84,134.6,31.48,0.0,0.0,0.0,0.0,1592.35,True,False,none
PR002948,EMP0186,2026-07-05,2145.64,321.85,85.83,133.03,31.11,0.0,0.0,0.0,0.0,1573.82,True,False,none
PR002949,EMP0186,2026-07-12,2219.36,332.9,88.77,137.6,32.18,0.0,0.0,0.0,0.0,1627.91,True,False,none
PR002950,EMP0186,2026-07-19,2216.11,332.42,88.64,137.4,32.13,0.0,0.0,0.0,0.0,1625.52,True,False,none
PR002951,EMP0186,2026-07-26,2181.37,327.21,87.25,135.24,31.63,0.0,0.0,0.0,0.0,1600.04,True,False,none
PR002952,EMP0186,2026-08-02,2140.55,321.08,85.62,132.71,31.04,0.0,0.0,0.0,0.0,1570.1,True,False,none
PR002953,EMP0186,2026-08-09,2120.32,318.05,84.81,131.46,30.74,0.0,0.0,0.0,0.0,1555.26,True,False,none
PR002954,EMP0186,2026-08-16,2094.72,314.21,83.79,129.87,30.37,0.0,0.0,0.0,0.0,1536.48,True,False,none
PR002955,EMP0186,2026-08-23,2137.37,320.61,85.49,132.52,30.99,0.0,0.0,0.0,0.0,1567.76,True,False,none
PR002956,EMP0186,2026-08-30,2147.35,322.1,85.89,133.14,31.14,0.0,0.0,0.0,0.0,1575.08,True,False,none
PR002957,EMP0186,2026-09-06,2192.33,328.85,87.69,135.92,31.79,0.0,0.0,0.0,0.0,1608.08,True,False,none
PR002958,EMP0186,2026-09-13,2189.31,328.4,87.57,135.74,31.74,0.0,0.0,0.0,0.0,1605.86,True,False,none
PR002959,EMP0187,2026-03-31,4956.28,743.44,198.25,307.29,71.87,29.74,133.82,540.23,0.0,3095.2,True,False,none
PR002960,EMP0187,2026-04-15,5088.42,763.26,203.54,315.48,73.78,12.26,109.18,554.64,1109.28,3177.72,True,True,duplicate_deduction
PR002961,EMP0187,2026-04-30,5001.66,750.25,200.07,310.1,72.52,0.0,0.0,545.18,0.0,3123.54,True,False,none
PR002962,EMP0187,2026-05-15,4991.52,748.73,199.66,309.47,72.38,0.0,0.0,544.08,0.0,3117.2,True,False,none
PR002963,EMP0187,2026-05-31,5264.01,789.6,210.56,326.37,76.33,0.0,0.0,573.78,0.0,3287.37,True,False,none
PR002964,EMP0187,2026-06-15,4944.82,741.72,197.79,306.58,71.7,0.0,0.0,538.99,0.0,3088.04,True,False,none
PR002965,EMP0187,2026-06-30,5098.15,764.72,203.93,316.09,73.92,0.0,0.0,555.7,0.0,3183.79,True,False,none
PR002966,EMP0187,2026-07-15,4996.15,749.42,199.85,309.76,72.44,0.0,0.0,544.58,0.0,3120.1,True,False,none
PR002967,EMP0187,2026-07-31,5285.16,792.77,211.41,327.68,76.63,0.0,0.0,576.08,0.0,3300.59,True,False,none
PR002968,EMP0187,2026-08-15,5154.17,773.13,206.17,319.56,74.74,0.0,0.0,561.8,0.0,3218.77,True,False,none
PR002969,EMP0187,2026-08-31,5021.82,753.27,200.87,155.68,72.82,0.0,0.0,547.38,0.0,3136.13,True,True,tax_miscalculation
PR002970,EMP0188,2026-03-29,1363.63,204.54,54.55,84.55,19.77,8.18,36.82,0.0,0.0,1000.22,True,False,none
PR002971,EMP0188,2026-04-05,1388.37,208.26,55.53,86.08,20.13,8.33,37.49,0.0,0.0,1018.37,True,False,none
PR002972,EMP0188,2026-04-12,1412.84,211.93,56.51,87.6,20.49,8.48,38.15,0.0,0.0,1036.31,True,False,none
PR002973,EMP0188,2026-04-19,1333.18,199.98,53.33,82.66,19.33,8.0,36.0,0.0,0.0,977.88,True,False,none
PR002974,EMP0188,2026-04-26,1405.08,210.76,56.2,87.11,20.37,8.43,37.94,0.0,0.0,1030.64,True,False,none
PR002975,EMP0188,2026-05-03,1410.27,211.54,56.41,87.44,20.45,0.58,38.08,0.0,0.0,1034.43,True,False,none
PR002976,EMP0188,2026-05-10,1408.34,211.25,56.33,87.32,20.42,0.0,18.54,0.0,0.0,1033.02,True,False,none
PR002977,EMP0188,2026-05-17,1378.0,206.7,55.12,85.44,19.98,0.0,0.0,0.0,0.0,1010.76,True,False,none
PR002978,EMP0188,2026-05-24,1377.39,206.61,55.1,85.4,19.97,0.0,0.0,0.0,0.0,1010.31,True,False,none
PR002979,EMP0188,2026-05-31,1352.92,202.94,54.12,83.88,19.62,0.0,0.0,0.0,0.0,992.36,True,False,none
PR002980,EMP0188,2026-06-07,1390.63,208.59,55.63,86.22,20.16,0.0,0.0,0.0,0.0,1020.03,True,False,none
PR002981,EMP0188,2026-06-14,1366.75,205.01,54.67,84.74,19.82,0.0,0.0,0.0,0.0,1002.51,True,False,none
PR002982,EMP0188,2026-06-21,1382.53,207.38,55.3,85.72,20.05,0.0,0.0,0.0,0.0,1014.08,True,False,none
PR002983,EMP0188,2026-06-28,1355.65,203.35,54.23,84.05,19.66,0.0,0.0,0.0,0.0,994.36,True,False,none
PR002984,EMP0188,2026-07-05,1388.37,208.26,55.53,86.08,20.13,0.0,0.0,0.0,0.0,1018.37,True,False,none
PR002985,EMP0188,2026-07-12,1398.41,209.76,55.94,86.7,20.28,0.0,0.0,0.0,0.0,1025.73,True,False,none
PR002986,EMP0188,2026-07-19,1325.19,198.78,53.01,82.16,19.22,0.0,0.0,0.0,0.0,972.02,True,False,none
PR002987,EMP0188,2026-07-26,1399.33,209.9,55.97,86.76,20.29,0.0,0.0,0.0,0.0,1026.41,False,True,late_journal_posting
PR002988,EMP0188,2026-08-02,1367.72,205.16,54.71,84.8,19.83,0.0,0.0,0.0,0.0,1003.22,True,False,none
PR002989,EMP0188,2026-08-09,1400.59,210.09,56.02,86.84,20.31,0.0,0.0,0.0,0.0,1027.33,True,False,none
PR002990,EMP0188,2026-08-16,1355.95,203.39,54.24,84.07,19.66,0.0,0.0,0.0,0.0,994.59,True,False,none
PR002991,EMP0188,2026-08-23,1350.31,202.55,54.01,83.72,19.58,0.0,0.0,0.0,0.0,990.45,True,False,none
PR002992,EMP0188,2026-08-30,1408.2,211.23,56.33,87.31,20.42,0.0,0.0,0.0,0.0,1032.91,True,True,duplicate_deduction
PR002993,EMP0188,2026-09-06,1336.5,200.47,53.46,82.86,19.38,0.0,0.0,0.0,0.0,980.33,True,False,none
PR002994,EMP0188,2026-09-13,1400.54,210.08,56.02,86.83,20.31,0.0,0.0,0.0,0.0,1027.3,True,False,none
PR002995,EMP0189,2026-04-05,2888.08,433.21,86.64,179.06,41.88,17.33,77.98,83.75,0.0,2063.54,True,False,none
PR002996,EMP0189,2026-04-19,2894.97,434.25,86.85,179.49,41.98,17.37,78.16,83.95,0.0,2068.45,True,False,none
PR002997,EMP0189,2026-05-03,2847.87,427.18,85.44,176.57,41.29,7.3,76.89,82.59,0.0,2034.8,True,False,none
PR002998,EMP0189,2026-05-17,2908.47,436.27,87.25,180.33,42.17,0.0,9.97,84.35,0.0,2078.1,True,False,none
PR002999,EMP0189,2026-05-31,2851.71,427.76,85.55,176.81,41.35,0.0,0.0,82.7,0.0,2037.54,True,False,none
PR003000,EMP0189,2026-06-14,2786.21,417.93,83.59,172.75,40.4,0.0,0.0,80.8,0.0,1990.74,False,True,late_journal_posting
PR003001,EMP0189,2026-06-28,2839.52,425.93,85.19,176.05,41.17,0.0,0.0,82.35,0.0,2028.83,True,False,none
PR003002,EMP0189,2026-07-12,2778.68,416.8,83.36,172.28,40.29,0.0,0.0,80.58,0.0,1985.37,True,False,none
PR003003,EMP0189,2026-07-26,3001.31,450.2,90.04,186.08,43.52,0.0,0.0,87.04,0.0,2144.43,True,False,none
PR003004,EMP0189,2026-08-09,2998.42,449.76,89.95,185.9,43.48,0.0,0.0,86.95,173.9,2142.38,True,True,duplicate_deduction
PR003005,EMP0189,2026-08-23,2867.73,430.16,86.03,177.8,41.58,0.0,0.0,83.16,0.0,2049.0,True,False,none
PR003006,EMP0189,2026-09-06,2944.05,441.61,88.32,182.53,42.69,0.0,0.0,85.38,0.0,2103.52,True,False,none
PR003007,EMP0190,2026-03-31,4046.6,606.99,202.33,250.89,58.68,24.28,109.26,0.0,0.0,2927.71,True,False,none
PR003008,EMP0190,2026-04-15,4152.15,622.82,207.61,257.43,60.21,17.72,112.11,0.0,0.0,3004.08,True,False,none
PR003009,EMP0190,2026-04-30,4195.74,629.36,209.79,260.14,60.84,0.0,21.63,0.0,0.0,3035.61,True,False,none
PR003010,EMP0190,2026-05-15,4241.6,636.24,212.08,262.98,61.5,0.0,0.0,0.0,0.0,3068.8,True,False,none
PR003011,EMP0190,2026-05-31,4064.25,609.64,203.21,251.98,58.93,0.0,0.0,0.0,0.0,2940.49,True,False,none
PR003012,EMP0190,2026-06-15,4188.56,628.28,209.43,259.69,60.73,0.0,0.0,0.0,0.0,3030.43,True,False,none
PR003013,EMP0190,2026-06-30,4020.68,603.1,201.03,249.28,58.3,0.0,0.0,0.0,0.0,2908.97,True,False,none
PR003014,EMP0190,2026-07-15,4255.74,638.36,212.79,263.86,61.71,0.0,0.0,0.0,0.0,3079.02,True,False,none
PR003015,EMP0190,2026-07-31,3942.75,591.41,197.14,244.45,57.17,0.0,0.0,0.0,0.0,2852.58,True,False,none
PR003016,EMP0190,2026-08-15,4130.22,619.53,206.51,256.07,59.89,0.0,0.0,0.0,0.0,2988.22,True,False,none
PR003017,EMP0190,2026-08-31,4148.39,622.26,207.42,257.2,60.15,0.0,0.0,0.0,0.0,3001.36,True,True,duplicate_deduction
PR003018,EMP0191,2026-04-05,1421.72,213.26,71.09,88.15,20.61,8.53,38.39,95.26,191.44,741.91,True,False,none
PR003019,EMP0191,2026-04-19,1449.51,217.43,72.48,89.87,21.02,8.7,39.14,97.12,214.31,737.28,True,False,none
PR003020,EMP0191,2026-05-03,1414.47,212.17,70.72,87.7,20.51,8.49,38.19,94.77,221.87,706.73,True,False,none
PR003021,EMP0191,2026-05-17,1379.46,206.92,68.97,85.53,20.0,8.28,37.25,92.42,313.32,592.3,True,False,none
PR003022,EMP0191,2026-05-31,1391.66,208.75,69.58,86.28,20.18,8.01,37.57,93.24,199.43,714.2,True,False,none
PR003023,EMP0191,2026-06-14,1364.34,204.65,68.22,84.59,19.78,0.0,36.84,91.41,271.89,623.8,True,False,none
PR003024,EMP0191,2026-06-28,1429.4,214.41,71.47,88.62,20.73,0.0,15.63,95.77,433.72,504.68,True,False,none
PR003025,EMP0191,2026-07-12,1354.71,203.21,67.74,83.99,19.64,0.0,0.0,90.77,262.61,626.75,True,False,none
PR003026,EMP0191,2026-07-26,1356.49,203.47,67.82,84.1,19.67,0.0,0.0,90.88,152.1,738.45,True,False,none
PR003027,EMP0191,2026-08-09,1418.79,212.82,70.94,87.96,20.57,0.0,0.0,95.06,339.5,591.94,True,False,none
PR003028,EMP0191,2026-08-23,1363.46,204.52,68.17,84.53,19.77,0.0,0.0,91.35,217.17,677.95,True,False,none
PR003029,EMP0191,2026-09-06,1348.0,202.2,67.4,83.58,19.55,0.0,0.0,90.32,390.58,494.37,True,False,none
PR003030,EMP0192,2026-04-05,3761.38,564.21,188.07,233.21,54.54,22.57,101.56,184.31,0.0,2537.04,True,False,none
PR003031,EMP0192,2026-04-19,3520.41,528.06,176.02,218.27,51.05,19.43,95.05,172.5,0.0,2374.51,True,False,none
PR003032,EMP0192,2026-05-03,3547.98,532.2,177.4,219.97,51.45,0.0,46.39,173.85,0.0,2393.11,True,False,none
PR003033,EMP0192,2026-05-17,3730.86,559.63,186.54,231.31,54.1,0.0,0.0,182.81,0.0,2516.47,True,False,none
PR003034,EMP0192,2026-05-31,3747.53,562.13,187.38,232.35,54.34,0.0,0.0,183.63,0.0,2527.7,True,False,none
PR003035,EMP0192,2026-06-14,3602.0,540.3,180.1,223.32,52.23,0.0,0.0,176.5,0.0,2429.55,True,False,none
PR003036,EMP0192,2026-06-28,3496.05,524.41,174.8,216.76,50.69,0.0,0.0,171.31,0.0,2358.08,True,False,none
PR003037,EMP0192,2026-07-12,3492.82,523.92,174.64,216.55,50.65,0.0,0.0,171.15,0.0,2355.91,True,False,none
PR003038,EMP0192,2026-07-26,3646.31,546.95,182.32,226.07,52.87,0.0,0.0,178.67,0.0,2459.43,True,False,none
PR003039,EMP0192,2026-08-09,3594.32,539.15,179.72,222.85,52.12,0.0,0.0,176.12,0.0,2424.36,True,False,none
PR003040,EMP0192,2026-08-23,3489.74,523.46,174.49,216.36,50.6,0.0,0.0,171.0,0.0,2353.83,True,False,none
PR003041,EMP0192,2026-09-06,3648.98,547.35,182.45,226.24,52.91,0.0,0.0,178.8,0.0,2461.23,True,False,none
PR003042,EMP0193,2026-03-31,3995.44,599.32,199.77,247.72,57.93,23.97,107.88,0.0,0.0,2890.7,True,False,none
PR003043,EMP0193,2026-04-15,4250.93,637.64,212.55,263.56,61.64,18.03,114.78,0.0,0.0,3075.54,True,False,none
PR003044,EMP0193,2026-04-30,4092.6,613.89,204.63,253.74,59.34,0.0,20.35,0.0,0.0,2961.0,True,False,none
PR003045,EMP0193,2026-05-15,4004.97,600.75,200.25,248.31,58.07,0.0,0.0,0.0,0.0,2897.59,True,False,none
PR003046,EMP0193,2026-05-31,4185.41,627.81,209.27,259.5,60.69,0.0,0.0,0.0,0.0,3028.14,True,False,none
PR003047,EMP0193,2026-06-15,4122.64,618.4,206.13,255.6,59.78,0.0,0.0,0.0,0.0,2982.73,True,False,none
PR003048,EMP0193,2026-06-30,4312.31,646.85,215.62,267.36,62.53,0.0,0.0,0.0,0.0,3119.95,True,False,none
PR003049,EMP0193,2026-07-15,4170.88,625.63,208.54,258.59,60.48,0.0,0.0,0.0,0.0,3017.64,True,False,none
PR003050,EMP0193,2026-07-31,4082.33,612.35,204.12,253.1,59.19,0.0,0.0,0.0,0.0,2953.57,True,False,none
PR003051,EMP0193,2026-08-15,4225.28,633.79,211.26,261.97,61.27,0.0,0.0,0.0,0.0,3056.99,True,False,none
PR003052,EMP0193,2026-08-31,4081.1,612.16,204.06,253.03,59.18,0.0,0.0,0.0,0.0,2952.67,True,False,none
PR003053,EMP0194,2026-03-29,710.53,106.58,35.53,44.05,10.3,4.26,19.18,0.0,0.0,514.07,True,False,none
PR003054,EMP0194,2026-04-05,681.65,102.25,34.08,42.26,9.88,4.09,18.4,0.0,0.0,493.18,True,False,none
PR003055,EMP0194,2026-04-12,691.2,103.68,34.56,42.85,10.02,4.15,18.66,0.0,0.0,500.09,True,False,none
PR003056,EMP0194,2026-04-19,663.97,99.6,33.2,41.17,9.63,3.98,17.93,0.0,0.0,480.37,True,False,none
PR003057,EMP0194,2026-04-26,684.45,102.67,34.22,42.44,9.92,4.11,18.48,0.0,0.0,495.2,True,False,none
PR003058,EMP0194,2026-05-03,706.61,105.99,35.33,43.81,10.25,4.24,19.08,0.0,0.0,511.23,True,False,none
PR003059,EMP0194,2026-05-10,705.15,105.77,35.26,43.72,10.22,4.23,19.04,0.0,0.0,510.18,True,False,none
PR003060,EMP0194,2026-05-17,673.45,101.02,33.67,41.75,9.77,4.04,18.18,0.0,0.0,487.24,True,False,none
PR003061,EMP0194,2026-05-24,673.54,101.03,33.68,41.76,9.77,4.04,18.19,0.0,0.0,487.3,True,False,none
PR003062,EMP0194,2026-05-31,705.78,105.87,35.29,43.76,10.23,4.23,19.06,0.0,0.0,510.63,True,False,none
PR003063,EMP0194,2026-06-07,711.95,106.79,35.6,44.14,10.32,0.62,19.22,0.0,0.0,515.1,True,False,none
PR003064,EMP0194,2026-06-14,666.41,99.96,33.32,41.32,9.66,0.0,17.99,0.0,0.0,482.15,True,False,none
PR003065,EMP0194,2026-06-21,685.76,102.86,34.29,42.52,9.94,0.0,18.52,0.0,0.0,496.15,True,False,none
PR003066,EMP0194,2026-06-28,679.62,101.94,33.98,42.14,9.85,0.0,1.07,0.0,0.0,491.71,True,False,none
PR003067,EMP0194,2026-07-05,708.7,106.31,35.44,43.94,10.28,0.0,0.0,0.0,0.0,512.73,True,False,none
PR003068,EMP0194,2026-07-12,665.77,99.87,33.29,41.28,9.65,0.0,0.0,0.0,0.0,481.68,True,False,none
PR003069,EMP0194,2026-07-19,672.73,100.91,33.64,41.71,9.75,0.0,0.0,0.0,0.0,486.72,True,False,none
PR003070,EMP0194,2026-07-26,702.25,105.34,35.11,43.54,10.18,0.0,0.0,0.0,0.0,508.08,True,False,none
PR003071,EMP0194,2026-08-02,664.01,99.6,33.2,41.17,9.63,0.0,0.0,0.0,0.0,480.41,True,False,none
PR003072,EMP0194,2026-08-09,688.07,103.21,34.4,42.66,9.98,0.0,0.0,0.0,0.0,497.82,True,False,none
PR003073,EMP0194,2026-08-16,685.32,102.8,34.27,42.49,9.94,0.0,0.0,0.0,0.0,495.82,True,False,none
PR003074,EMP0194,2026-08-23,679.45,101.92,33.97,42.13,9.85,0.0,0.0,0.0,0.0,491.58,True,False,none
PR003075,EMP0194,2026-08-30,682.73,102.41,34.14,42.33,9.9,0.0,0.0,0.0,0.0,493.95,True,False,none
PR003076,EMP0194,2026-09-06,690.11,103.52,34.51,42.79,10.01,0.0,0.0,0.0,0.0,499.28,True,False,none
PR003077,EMP0194,2026-09-13,670.01,100.5,33.5,41.54,9.72,0.0,0.0,0.0,0.0,484.75,True,False,none
PR003078,EMP0195,2026-04-05,1415.05,212.26,0.0,87.73,20.52,8.49,38.21,144.34,0.0,950.2,True,False,none
PR003079,EMP0195,2026-04-19,1441.06,216.16,0.0,89.35,20.9,8.65,38.91,146.99,0.0,967.66,True,False,none
PR003080,EMP0195,2026-05-03,1436.02,215.4,0.0,89.03,20.82,8.62,38.77,146.47,0.0,964.3,True,False,none
PR003081,EMP0195,2026-05-17,1368.45,205.27,0.0,84.84,19.84,8.21,36.95,139.58,0.0,918.92,True,False,none
PR003082,EMP0195,2026-05-31,1367.93,205.19,0.0,84.81,19.83,8.04,36.93,139.53,0.0,918.57,True,False,none
PR003083,EMP0195,2026-06-14,1381.18,207.18,0.0,85.63,20.03,0.0,37.29,140.88,0.0,927.46,True,False,none
PR003084,EMP0195,2026-06-28,1391.54,208.73,0.0,86.28,20.18,0.0,15.94,141.94,0.0,934.41,True,False,none
PR003085,EMP0195,2026-07-12,1396.82,209.52,0.0,86.6,20.25,0.0,0.0,142.48,0.0,937.97,True,False,none
PR003086,EMP0195,2026-07-26,1427.05,214.06,0.0,88.48,20.69,0.0,0.0,145.56,0.0,958.26,True,False,none
PR003087,EMP0195,2026-08-09,1357.61,203.64,0.0,84.17,19.69,0.0,0.0,138.48,0.0,911.63,True,False,none
PR003088,EMP0195,2026-08-23,1355.16,203.27,0.0,84.02,19.65,0.0,0.0,138.23,0.0,909.99,True,False,none
PR003089,EMP0195,2026-09-06,1394.98,209.25,0.0,86.49,20.23,0.0,0.0,142.29,0.0,936.72,True,False,none
PR003090,EMP0196,2026-03-29,1434.14,215.12,57.37,88.92,20.8,8.6,38.72,47.33,0.0,1004.6,True,False,none
PR003091,EMP0196,2026-04-05,1377.8,206.67,55.11,85.42,19.98,8.27,37.2,45.47,0.0,965.15,True,False,none
PR003092,EMP0196,2026-04-12,1427.91,214.19,57.12,88.53,20.7,8.57,38.55,47.12,0.0,1000.25,True,False,none
PR003093,EMP0196,2026-04-19,1385.22,207.78,55.41,85.88,20.09,8.31,37.4,45.71,0.0,970.35,True,False,none
PR003094,EMP0196,2026-04-26,1455.27,218.29,58.21,90.23,21.1,8.25,39.29,48.02,0.0,1019.42,True,False,none
PR003095,EMP0196,2026-05-03,1456.34,218.45,58.25,90.29,21.12,0.0,39.32,48.06,0.0,1020.17,True,False,none
PR003096,EMP0196,2026-05-10,1389.41,208.41,55.58,86.14,20.15,0.0,12.51,45.85,0.0,973.28,True,False,none
PR003097,EMP0196,2026-05-17,1381.89,207.28,121.62,85.68,20.04,0.0,0.0,45.6,0.0,968.01,True,True,tax_miscalculation
PR003098,EMP0196,2026-05-24,1402.17,210.33,56.09,86.93,20.33,0.0,0.0,46.27,0.0,982.22,True,False,none
PR003099,EMP0196,2026-05-31,1383.07,207.46,55.32,85.75,20.05,0.0,0.0,45.64,0.0,968.85,True,False,none
PR003100,EMP0196,2026-06-07,1431.37,214.71,57.25,88.74,20.75,0.0,0.0,47.24,0.0,1002.68,True,False,none
PR003101,EMP0196,2026-06-14,1448.56,217.28,57.94,89.81,21.0,0.0,0.0,47.8,0.0,1014.73,True,False,none
PR003102,EMP0196,2026-06-21,1431.45,214.72,57.26,88.75,20.76,0.0,0.0,47.24,0.0,1002.72,True,False,none
PR003103,EMP0196,2026-06-28,1448.37,217.26,57.93,89.8,21.0,0.0,0.0,47.8,0.0,1014.58,True,False,none
PR003104,EMP0196,2026-07-05,1400.57,210.09,56.02,86.84,20.31,0.0,0.0,46.22,0.0,981.09,True,False,none
PR003105,EMP0196,2026-07-12,1373.65,206.05,54.95,85.17,19.92,0.0,0.0,45.33,0.0,962.23,True,False,none
PR003106,EMP0196,2026-07-19,1438.7,215.81,57.55,89.2,20.86,0.0,0.0,47.48,0.0,1007.8,True,False,none
PR003107,EMP0196,2026-07-26,1396.48,209.47,55.86,86.58,20.25,0.0,0.0,46.08,0.0,978.24,True,False,none
PR003108,EMP0196,2026-08-02,1431.24,214.69,57.25,88.74,20.75,0.0,0.0,47.23,0.0,1002.58,True,False,none
PR003109,EMP0196,2026-08-09,1386.43,207.96,55.46,85.96,20.1,0.0,0.0,45.75,0.0,971.2,True,False,none
PR003110,EMP0196,2026-08-16,1365.25,204.79,54.61,84.65,19.8,0.0,0.0,45.05,0.0,956.35,True,False,none
PR003111,EMP0196,2026-08-23,1467.18,220.08,58.69,90.97,21.27,0.0,0.0,48.42,0.0,1027.75,True,False,none
PR003112,EMP0196,2026-08-30,1373.63,206.04,54.95,85.17,19.92,0.0,0.0,45.33,0.0,962.22,True,False,none
PR003113,EMP0196,2026-09-06,1466.72,220.01,58.67,90.94,21.27,0.0,0.0,48.4,0.0,1027.43,True,False,none
PR003114,EMP0196,2026-09-13,1465.47,219.82,58.62,90.86,21.25,0.0,0.0,48.36,0.0,1026.56,True,False,none
PR003115,EMP0197,2026-03-29,1808.9,271.33,90.45,112.15,26.23,10.85,48.84,175.46,0.0,1133.28,True,False,none
PR003116,EMP0197,2026-04-05,1790.08,268.51,89.5,110.98,25.96,10.74,48.33,173.64,0.0,1121.49,True,False,none
PR003117,EMP0197,2026-04-12,1778.66,266.8,88.93,110.28,25.79,10.67,48.02,172.53,0.0,1114.33,True,False,none
PR003118,EMP0197,2026-04-19,1819.02,272.85,90.95,112.78,26.38,9.73,49.11,176.44,0.0,1139.62,True,False,none
PR003119,EMP0197,2026-04-26,1738.28,260.74,86.91,107.77,25.21,0.0,46.93,168.61,0.0,1089.04,True,False,none
PR003120,EMP0197,2026-05-03,1763.24,264.49,88.16,109.32,25.57,0.0,1.76,171.03,0.0,1104.67,True,False,none
PR003121,EMP0197,2026-05-10,1784.48,267.67,89.22,110.64,25.87,0.0,0.0,173.09,0.0,1117.99,True,False,none
PR003122,EMP0197,2026-05-17,1755.33,263.3,87.77,108.83,25.45,0.0,0.0,170.27,0.0,1099.71,True,False,none
PR003123,EMP0197,2026-05-24,1757.61,263.64,87.88,108.97,25.49,0.0,0.0,170.49,340.98,1101.14,True,True,duplicate_deduction
PR003124,EMP0197,2026-05-31,1744.0,261.6,87.2,108.13,25.29,0.0,0.0,169.17,0.0,1092.61,True,False,none
PR003125,EMP0197,2026-06-07,1776.76,266.51,88.84,110.16,25.76,0.0,0.0,172.35,0.0,1113.14,True,False,none
PR003126,EMP0197,2026-06-14,1816.85,272.53,90.84,112.64,26.34,0.0,0.0,176.23,0.0,1138.27,True,False,none
PR003127,EMP0197,2026-06-21,1725.97,258.9,86.3,107.01,25.03,0.0,0.0,167.42,0.0,1081.31,True,False,none
PR003128,EMP0197,2026-06-28,1828.59,274.29,91.43,113.37,26.51,0.0,0.0,177.37,0.0,1145.62,True,False,none
PR003129,EMP0197,2026-07-05,1794.24,269.14,89.71,111.24,26.02,0.0,0.0,174.04,0.0,1124.09,True,False,none
PR003130,EMP0197,2026-07-12,1813.03,271.95,90.65,112.41,26.29,0.0,0.0,175.86,0.0,1135.87,True,False,none
PR003131,EMP0197,2026-07-19,1775.63,266.34,88.78,110.09,25.75,0.0,0.0,172.24,0.0,1112.43,True,False,none
PR003132,EMP0197,2026-07-26,1806.9,271.04,90.35,112.03,26.2,0.0,0.0,175.27,0.0,1132.01,True,False,none
PR003133,EMP0197,2026-08-02,1700.02,255.0,85.0,105.4,24.65,0.0,0.0,164.9,0.0,1065.07,True,False,none
PR003134,EMP0197,2026-08-09,1812.34,271.85,90.62,112.37,26.28,0.0,0.0,175.8,0.0,1135.42,True,False,none
PR003135,EMP0197,2026-08-16,1703.37,255.51,85.17,105.61,24.7,0.0,0.0,165.23,0.0,1067.15,True,False,none
PR003136,EMP0197,2026-08-23,1822.36,273.35,91.12,112.99,26.42,0.0,0.0,176.77,0.0,1141.71,True,False,none
PR003137,EMP0197,2026-08-30,1836.65,275.5,91.83,113.87,26.63,0.0,0.0,178.16,0.0,1150.66,True,False,none
PR003138,EMP0197,2026-09-06,1738.93,260.84,86.95,107.81,25.21,0.0,0.0,168.68,0.0,1089.44,True,False,none
PR003139,EMP0197,2026-09-13,1727.2,259.08,86.36,107.09,25.04,0.0,0.0,167.54,0.0,1082.09,True,False,none
PR003140,EMP0198,2026-03-29,1118.24,167.74,67.09,69.33,16.21,6.71,30.19,0.0,0.0,797.87,True,False,none
PR003141,EMP0198,2026-04-05,1073.8,161.07,64.43,66.58,15.57,6.44,28.99,0.0,0.0,766.15,True,False,none
PR003142,EMP0198,2026-04-12,1126.94,169.04,67.62,69.87,16.34,6.76,30.43,0.0,0.0,804.07,True,False,none
PR003143,EMP0198,2026-04-19,1060.77,159.12,63.65,65.77,15.38,6.36,28.64,0.0,0.0,756.85,True,False,none
PR003144,EMP0198,2026-04-26,1062.78,159.42,63.77,65.89,15.41,6.38,28.7,0.0,0.0,758.29,False,True,late_journal_posting
PR003145,EMP0198,2026-05-03,1136.79,170.52,68.21,70.48,16.48,6.82,30.69,0.0,0.0,811.1,True,False,none
PR003146,EMP0198,2026-05-10,1110.3,166.54,66.62,68.84,16.1,2.52,29.98,0.0,0.0,792.2,True,False,none
PR003147,EMP0198,2026-05-17,1125.32,168.8,67.52,69.77,16.32,0.0,30.38,0.0,0.0,802.91,True,False,none
PR003148,EMP0198,2026-05-24,1079.98,162.0,64.8,66.96,15.66,0.0,5.0,0.0,0.0,770.56,True,False,none
PR003149,EMP0198,2026-05-31,1110.53,166.58,66.63,68.85,16.1,0.0,0.0,0.0,0.0,792.37,True,False,none
PR003150,EMP0198,2026-06-07,1103.4,165.51,66.2,68.41,16.0,0.0,0.0,0.0,0.0,787.28,True,False,none
PR003151,EMP0198,2026-06-14,1104.17,165.63,66.25,68.46,16.01,0.0,0.0,0.0,0.0,787.82,False,True,late_journal_posting
PR003152,EMP0198,2026-06-21,1111.06,166.66,66.66,68.89,16.11,0.0,0.0,0.0,0.0,792.74,True,False,none
PR003153,EMP0198,2026-06-28,1101.76,165.26,66.11,68.31,15.98,0.0,0.0,0.0,0.0,786.1,True,False,none
PR003154,EMP0198,2026-07-05,1089.07,163.36,65.34,67.52,15.79,0.0,0.0,0.0,0.0,777.06,True,False,none
PR003155,EMP0198,2026-07-12,1075.79,161.37,64.55,66.7,15.6,0.0,0.0,0.0,0.0,767.57,True,False,none
PR003156,EMP0198,2026-07-19,1118.52,167.78,67.11,69.35,16.22,0.0,0.0,0.0,0.0,798.06,True,False,none
PR003157,EMP0198,2026-07-26,1071.48,160.72,64.29,66.43,15.54,0.0,0.0,0.0,0.0,764.5,True,False,none
PR003158,EMP0198,2026-08-02,1111.91,166.79,66.71,68.94,16.12,0.0,0.0,0.0,0.0,793.35,True,False,none
PR003159,EMP0198,2026-08-09,1072.09,160.81,64.33,66.47,15.55,0.0,0.0,0.0,0.0,764.93,True,False,none
PR003160,EMP0198,2026-08-16,1106.1,165.91,66.37,68.58,16.04,0.0,0.0,0.0,0.0,789.2,True,False,none
PR003161,EMP0198,2026-08-23,1116.66,167.5,67.0,69.23,16.19,0.0,0.0,0.0,0.0,796.74,True,False,none
PR003162,EMP0198,2026-08-30,1070.82,160.62,64.25,66.39,15.53,0.0,0.0,0.0,0.0,764.03,True,False,none
PR003163,EMP0198,2026-09-06,1057.05,158.56,63.42,65.54,15.33,0.0,0.0,0.0,0.0,754.2,True,False,none
PR003164,EMP0198,2026-09-13,1063.21,159.48,63.79,65.92,15.42,0.0,0.0,0.0,0.0,758.6,True,False,none
PR003165,EMP0199,2026-03-29,2005.36,300.8,0.0,124.33,29.08,12.03,54.14,0.0,0.0,1551.15,True,False,none
PR003166,EMP0199,2026-04-05,2043.71,306.56,0.0,126.71,29.63,12.26,55.18,0.0,0.0,1580.81,False,True,late_journal_posting
PR003167,EMP0199,2026-04-12,1916.99,287.55,0.0,118.85,27.8,11.5,51.76,0.0,0.0,1482.79,True,False,none
PR003168,EMP0199,2026-04-19,2025.55,303.83,0.0,125.58,29.37,6.2,54.69,0.0,0.0,1566.77,True,False,none
PR003169,EMP0199,2026-04-26,1963.67,294.55,0.0,121.75,28.47,0.0,27.23,0.0,0.0,1518.9,True,False,none
PR003170,EMP0199,2026-05-03,1985.28,297.79,0.0,123.09,28.79,0.0,0.0,0.0,0.0,1535.61,True,False,none
PR003171,EMP0199,2026-05-10,2056.22,308.43,0.0,127.49,29.82,0.0,0.0,0.0,0.0,1590.48,True,False,none
PR003172,EMP0199,2026-05-17,1962.2,294.33,0.0,121.66,28.45,0.0,0.0,0.0,0.0,1517.76,True,False,none
PR003173,EMP0199,2026-05-24,1983.2,297.48,0.0,122.96,28.76,0.0,0.0,0.0,0.0,1534.0,True,False,none
PR003174,EMP0199,2026-05-31,1912.06,286.81,0.0,118.55,27.72,0.0,0.0,0.0,0.0,1478.98,True,False,none
PR003175,EMP0199,2026-06-07,1922.76,288.41,0.0,119.21,27.88,0.0,0.0,0.0,0.0,1487.26,True,False,none
PR003176,EMP0199,2026-06-14,1950.64,292.6,0.0,120.94,28.28,0.0,0.0,0.0,0.0,1508.82,True,False,none
PR003177,EMP0199,2026-06-21,1914.29,287.14,0.0,118.69,27.76,0.0,0.0,0.0,0.0,1480.7,True,False,none
PR003178,EMP0199,2026-06-28,2009.36,301.4,0.0,124.58,29.14,0.0,0.0,0.0,0.0,1554.24,True,False,none
PR003179,EMP0199,2026-07-05,1977.07,296.56,0.0,122.58,28.67,0.0,0.0,0.0,0.0,1529.26,True,False,none
PR003180,EMP0199,2026-07-12,1996.25,299.44,0.0,123.77,28.95,0.0,0.0,0.0,0.0,1544.09,True,False,none
PR003181,EMP0199,2026-07-19,1937.41,290.61,0.0,120.12,28.09,0.0,0.0,0.0,0.0,1498.59,True,False,none
PR003182,EMP0199,2026-07-26,1956.52,293.48,0.0,121.3,28.37,0.0,0.0,0.0,0.0,1513.37,True,False,none
PR003183,EMP0199,2026-08-02,2014.47,302.17,0.0,124.9,29.21,0.0,0.0,0.0,0.0,1558.19,True,False,none
PR003184,EMP0199,2026-08-09,2061.96,309.29,0.0,127.84,29.9,0.0,0.0,0.0,0.0,1594.93,True,False,none
PR003185,EMP0199,2026-08-16,1917.85,287.68,0.0,118.91,27.81,0.0,0.0,0.0,0.0,1483.45,True,False,none
PR003186,EMP0199,2026-08-23,2050.16,307.52,0.0,127.11,29.73,0.0,0.0,0.0,0.0,1585.8,True,False,none
PR003187,EMP0199,2026-08-30,2000.77,300.12,0.0,124.05,29.01,0.0,0.0,0.0,0.0,1547.59,True,False,none
PR003188,EMP0199,2026-09-06,1998.73,299.81,0.0,123.92,28.98,0.0,0.0,0.0,0.0,1546.02,True,False,none
PR003189,EMP0199,2026-09-13,1988.71,298.31,0.0,123.3,28.84,0.0,0.0,0.0,0.0,1538.26,True,False,none
PR003190,EMP0200,2026-04-05,1562.54,234.38,0.0,96.88,22.66,9.38,42.19,0.0,0.0,1208.62,True,False,none
PR003191,EMP0200,2026-04-19,1565.17,234.78,0.0,97.04,22.69,9.39,42.26,0.0,0.0,1210.66,True,False,none
PR003192,EMP0200,2026-05-03,1630.65,244.6,0.0,101.1,23.64,9.78,44.03,0.0,0.0,1261.31,True,False,none
PR003193,EMP0200,2026-05-17,1597.34,239.6,0.0,99.04,23.16,9.58,43.13,0.0,0.0,1235.54,True,False,none
PR003194,EMP0200,2026-05-31,1671.19,250.68,0.0,103.61,24.23,3.87,45.12,0.0,0.0,1292.67,True,False,none
PR003195,EMP0200,2026-06-14,1605.75,240.86,0.0,99.56,23.28,0.0,26.27,0.0,0.0,1242.05,True,False,none
PR003196,EMP0200,2026-06-28,1572.01,235.8,0.0,97.46,22.79,0.0,0.0,0.0,0.0,1215.96,True,False,none
PR003197,EMP0200,2026-07-12,1645.23,246.78,0.0,102.0,23.86,0.0,0.0,0.0,0.0,1272.59,True,False,none
PR003198,EMP0200,2026-07-26,1591.24,238.69,0.0,98.66,23.07,0.0,0.0,0.0,0.0,1230.82,True,False,none
PR003199,EMP0200,2026-08-09,1620.98,243.15,0.0,100.5,23.5,0.0,0.0,0.0,0.0,1253.83,True,False,none
PR003200,EMP0200,2026-08-23,1643.07,246.46,0.0,101.87,23.82,0.0,0.0,0.0,0.0,1270.92,True,False,none
PR003201,EMP0200,2026-09-06,1669.01,250.35,0.0,103.48,24.2,0.0,0.0,0.0,0.0,1290.98,True,False,none
PR003202,EMP0201,2026-03-31,1629.29,244.39,97.76,101.02,23.62,9.78,43.99,118.94,0.0,1043.56,True,False,none
PR003203,EMP0201,2026-04-15,1614.68,242.2,96.88,100.11,23.41,9.69,43.6,117.87,0.0,1034.21,True,False,none
PR003204,EMP0201,2026-04-30,1615.09,242.26,96.91,100.14,23.42,9.69,43.61,117.9,0.0,1034.46,True,False,none
PR003205,EMP0201,2026-05-15,1648.68,247.3,98.92,102.22,23.91,9.89,44.51,120.35,0.0,1055.98,True,False,none
PR003206,EMP0201,2026-05-31,1566.68,235.0,94.0,97.13,22.72,2.95,42.3,114.37,0.0,1003.46,True,False,none
PR003207,EMP0201,2026-06-15,1529.51,229.43,91.77,94.83,22.18,0.0,24.99,111.65,0.0,979.65,True,True,wage_base_cap_error
PR003208,EMP0201,2026-06-30,1563.67,234.55,93.82,96.95,22.67,0.0,0.0,114.15,0.0,1001.53,True,False,none
PR003209,EMP0201,2026-07-15,1556.85,233.53,93.41,96.52,22.57,0.0,0.0,113.65,0.0,997.17,True,False,none
PR003210,EMP0201,2026-07-31,1612.85,241.93,96.77,100.0,23.39,0.0,0.0,117.74,0.0,1033.02,True,False,none
PR003211,EMP0201,2026-08-15,1609.3,241.39,96.56,99.78,23.33,0.0,0.0,117.48,0.0,1030.76,True,False,none
PR003212,EMP0201,2026-08-31,1604.22,240.63,96.25,99.46,23.26,0.0,0.0,117.11,0.0,1027.51,True,False,none
PR003213,EMP0202,2026-03-29,1738.85,260.83,104.33,107.81,25.21,10.43,46.95,146.06,0.0,1094.61,True,False,none
PR003214,EMP0202,2026-04-05,1840.89,276.13,110.45,114.14,26.69,11.05,49.7,154.63,0.0,1158.85,True,False,none
PR003215,EMP0202,2026-04-12,1782.85,267.43,106.97,110.54,25.85,10.7,48.14,149.76,0.0,1122.3,True,False,none
PR003216,EMP0202,2026-04-19,1831.77,274.77,109.91,113.57,26.56,9.82,49.46,153.87,0.0,1153.09,True,False,none
PR003217,EMP0202,2026-04-26,1816.23,272.43,108.97,112.61,26.34,0.0,48.75,152.56,0.0,1143.32,True,False,none
PR003218,EMP0202,2026-05-03,1785.6,267.84,107.14,110.71,25.89,0.0,0.0,149.99,0.0,1124.03,True,False,none
PR003219,EMP0202,2026-05-10,1755.79,263.37,105.35,108.86,25.46,0.0,0.0,147.49,0.0,1105.26,True,False,none
PR003220,EMP0202,2026-05-17,1750.04,262.51,105.0,108.5,25.38,0.0,0.0,147.0,0.0,1101.65,True,False,none
PR003221,EMP0202,2026-05-24,1855.61,278.34,111.34,115.05,26.91,0.0,0.0,155.87,0.0,1168.1,True,False,none
PR003222,EMP0202,2026-05-31,1868.05,280.21,112.08,115.82,27.09,0.0,0.0,156.92,0.0,1175.93,True,False,none
PR003223,EMP0202,2026-06-07,1829.58,274.44,109.77,113.43,26.53,0.0,0.0,153.68,0.0,1151.73,True,False,none
PR003224,EMP0202,2026-06-14,1751.33,262.7,105.08,108.58,25.39,0.0,0.0,147.11,0.0,1102.47,True,True,wage_base_cap_error
PR003225,EMP0202,2026-06-21,1794.1,269.11,107.65,111.23,26.01,0.0,0.0,150.7,0.0,1129.4,True,False,none
PR003226,EMP0202,2026-06-28,1840.92,276.14,110.46,114.14,26.69,0.0,0.0,154.64,0.0,1158.85,True,False,none
PR003227,EMP0202,2026-07-05,1848.2,277.23,110.89,114.59,26.8,0.0,0.0,155.25,0.0,1163.44,True,False,none
PR003228,EMP0202,2026-07-12,1753.45,263.02,105.21,108.71,25.43,0.0,0.0,147.29,0.0,1103.79,True,False,none
PR003229,EMP0202,2026-07-19,1736.52,260.48,104.19,107.66,25.18,0.0,0.0,145.87,0.0,1093.14,True,False,none
PR003230,EMP0202,2026-07-26,1838.51,275.78,110.31,113.99,26.66,0.0,0.0,154.43,0.0,1157.34,True,False,none
PR003231,EMP0202,2026-08-02,1787.59,268.14,107.26,110.83,25.92,0.0,0.0,150.16,0.0,1125.28,True,False,none
PR003232,EMP0202,2026-08-09,1772.97,265.95,106.38,109.92,25.71,0.0,0.0,148.93,0.0,1116.08,True,False,none
PR003233,EMP0202,2026-08-16,1738.37,260.76,104.3,107.78,25.21,0.0,0.0,146.02,0.0,1094.3,True,False,none
PR003234,EMP0202,2026-08-23,1813.9,272.08,108.83,112.46,26.3,0.0,0.0,152.37,0.0,1141.86,True,False,none
PR003235,EMP0202,2026-08-30,1858.42,278.76,111.51,115.22,26.95,0.0,0.0,156.11,0.0,1169.87,True,False,none
PR003236,EMP0202,2026-09-06,1873.67,281.05,112.42,116.17,27.17,0.0,0.0,157.39,0.0,1179.47,True,False,none
PR003237,EMP0202,2026-09-13,1817.54,272.63,109.05,112.69,26.35,0.0,0.0,152.67,0.0,1144.15,True,False,none
PR003238,EMP0203,2026-03-29,2217.71,332.66,133.06,137.5,32.16,13.31,59.88,0.0,388.82,1193.51,True,False,none
PR003239,EMP0203,2026-04-05,2223.74,333.56,133.42,137.87,32.24,13.34,60.04,0.0,586.41,1000.24,True,False,none
PR003240,EMP0203,2026-04-12,2233.97,335.1,134.04,138.51,32.39,13.4,60.32,0.0,1898.87,998.97,True,True,garnishment_overwithholding
PR003241,EMP0203,2026-04-19,2169.6,325.44,130.18,134.52,31.46,1.95,58.58,0.0,386.82,1161.18,True,False,none
PR003242,EMP0203,2026-04-26,2182.7,327.4,130.96,135.33,31.65,0.0,4.18,0.0,390.26,1167.1,True,False,none
PR003243,EMP0203,2026-05-03,2158.48,323.77,129.51,133.83,31.3,0.0,0.0,0.0,962.05,578.02,True,False,none
PR003244,EMP0203,2026-05-10,2205.36,330.8,132.32,136.73,31.98,0.0,0.0,0.0,1874.56,891.58,True,True,garnishment_overwithholding
PR003245,EMP0203,2026-05-17,2280.72,342.11,136.84,141.4,33.07,0.0,0.0,0.0,1022.17,605.13,True,False,none
PR003246,EMP0203,2026-05-24,2229.68,334.45,133.78,138.24,32.33,0.0,0.0,0.0,876.96,713.92,True,False,none
PR003247,EMP0203,2026-05-31,2184.8,327.72,131.09,135.46,31.68,0.0,0.0,0.0,527.53,1031.32,True,False,none
PR003248,EMP0203,2026-06-07,2198.1,329.71,131.89,136.28,31.87,0.0,0.0,0.0,772.34,796.01,True,False,none
PR003249,EMP0203,2026-06-14,2247.14,337.07,134.83,139.32,32.58,0.0,0.0,0.0,548.98,1054.36,True,False,none
PR003250,EMP0203,2026-06-21,2150.81,322.62,129.05,133.35,31.19,0.0,0.0,0.0,729.87,804.73,True,False,none
PR003251,EMP0203,2026-06-28,2149.96,322.49,129.0,133.3,31.17,0.0,0.0,0.0,694.85,839.15,True,False,none
PR003252,EMP0203,2026-07-05,2249.11,337.37,134.95,139.44,32.61,0.0,0.0,0.0,809.2,795.54,True,False,none
PR003253,EMP0203,2026-07-12,2259.64,338.95,135.58,140.1,32.76,0.0,0.0,0.0,929.62,682.63,True,False,none
PR003254,EMP0203,2026-07-19,2215.16,332.27,132.91,137.34,32.12,0.0,0.0,0.0,816.66,763.86,True,False,none
PR003255,EMP0203,2026-07-26,2236.08,335.41,134.16,138.64,32.42,0.0,0.0,0.0,460.11,1135.34,True,False,none
PR003256,EMP0203,2026-08-02,2131.95,319.79,127.92,132.18,30.91,0.0,0.0,0.0,501.23,1019.92,True,False,none
PR003257,EMP0203,2026-08-09,2205.17,330.78,132.31,136.72,31.97,0.0,0.0,0.0,738.21,835.18,True,False,none
PR003258,EMP0203,2026-08-16,2276.57,341.49,136.59,141.15,33.01,0.0,0.0,0.0,474.99,1149.34,True,False,none
PR003259,EMP0203,2026-08-23,2149.47,322.42,128.97,133.27,31.17,0.0,0.0,0.0,942.67,590.97,True,False,none
PR003260,EMP0203,2026-08-30,2146.4,321.96,128.78,133.08,31.12,0.0,0.0,0.0,629.38,902.08,True,False,none
PR003261,EMP0203,2026-09-06,2230.18,334.53,133.81,138.27,32.34,0.0,0.0,0.0,695.97,895.26,True,False,none
PR003262,EMP0203,2026-09-13,2142.53,321.38,128.55,132.84,31.07,0.0,0.0,0.0,357.64,1171.05,True,False,none
PR003263,EMP0204,2026-04-05,5353.99,803.1,267.7,331.95,77.63,32.12,144.56,385.49,0.0,3488.12,True,False,none
PR003264,EMP0204,2026-04-19,5564.16,834.62,278.21,344.98,80.68,9.88,98.44,400.62,0.0,3625.05,True,False,none
PR003265,EMP0204,2026-05-03,5546.1,831.92,277.31,343.86,80.42,0.0,0.0,399.32,0.0,3613.27,True,False,none
PR003266,EMP0204,2026-05-17,5410.13,811.52,270.51,335.43,78.45,0.0,0.0,389.53,0.0,3734.13,True,True,net_pay_mismatch
PR003267,EMP0204,2026-05-31,5666.8,850.02,283.34,351.34,82.17,0.0,0.0,408.01,0.0,3691.92,True,False,none
PR003268,EMP0204,2026-06-14,5326.01,798.9,266.3,330.21,77.23,0.0,0.0,383.47,0.0,3469.9,True,False,none
PR003269,EMP0204,2026-06-28,5525.87,828.88,276.29,342.6,80.13,0.0,0.0,397.86,0.0,3600.11,True,False,none
PR003270,EMP0204,2026-07-12,5609.56,841.43,280.48,347.79,81.34,0.0,0.0,403.89,0.0,3654.63,True,False,none
PR003271,EMP0204,2026-07-26,5418.26,812.74,270.91,335.93,78.56,0.0,0.0,390.11,0.0,3530.01,True,False,none
PR003272,EMP0204,2026-08-09,5442.54,816.38,272.13,337.44,78.92,0.0,0.0,391.86,0.0,3545.81,True,False,none
PR003273,EMP0204,2026-08-23,5576.44,836.47,278.82,345.74,80.86,0.0,0.0,401.5,0.0,3633.05,True,False,none
PR003274,EMP0204,2026-09-06,5700.89,855.13,285.04,353.46,82.66,0.0,0.0,410.46,0.0,3714.14,True,False,none
PR003275,EMP0205,2026-03-29,1363.02,204.45,0.0,84.51,19.76,8.18,36.8,136.3,0.0,918.0,True,False,none
PR003276,EMP0205,2026-04-05,1339.13,200.87,0.0,83.03,19.42,8.03,36.16,133.91,0.0,901.9,True,False,none
PR003277,EMP0205,2026-04-12,1354.63,203.19,0.0,83.99,19.64,8.13,36.58,135.46,0.0,912.35,True,False,none
PR003278,EMP0205,2026-04-19,1316.12,197.42,0.0,81.6,19.08,7.9,35.54,131.61,0.0,886.41,True,False,none
PR003279,EMP0205,2026-04-26,1345.22,201.78,0.0,83.4,19.51,8.07,36.32,134.52,0.0,906.01,True,False,none
PR003280,EMP0205,2026-05-03,1326.8,199.02,0.0,82.26,19.24,1.69,35.82,132.68,0.0,893.6,True,False,none
PR003281,EMP0205,2026-05-10,1297.69,194.65,0.0,80.46,18.82,0.0,25.79,129.77,0.0,873.99,True,False,none
PR003282,EMP0205,2026-05-17,1351.62,202.74,0.0,83.8,19.6,0.0,0.0,135.16,0.0,910.32,True,False,none
PR003283,EMP0205,2026-05-24,1336.32,200.45,0.0,82.85,19.38,0.0,0.0,133.63,0.0,900.01,True,False,none
PR003284,EMP0205,2026-05-31,1315.47,197.32,0.0,81.56,19.07,0.0,0.0,131.55,0.0,885.97,True,False,none
PR003285,EMP0205,2026-06-07,1373.71,206.06,0.0,85.17,19.92,0.0,0.0,137.37,0.0,925.19,True,False,none
PR003286,EMP0205,2026-06-14,1279.88,191.98,0.0,79.35,18.56,0.0,0.0,127.99,0.0,862.0,True,False,none
PR003287,EMP0205,2026-06-21,1310.95,196.64,0.0,81.28,19.01,0.0,0.0,131.09,0.0,882.93,True,False,none
PR003288,EMP0205,2026-06-28,1283.67,192.55,0.0,79.59,18.61,0.0,0.0,128.37,0.0,864.55,True,False,none
PR003289,EMP0205,2026-07-05,1358.45,203.77,0.0,84.22,19.7,0.0,0.0,135.84,0.0,914.92,True,False,none
PR003290,EMP0205,2026-07-12,1351.66,202.75,0.0,83.8,19.6,0.0,0.0,135.17,0.0,910.34,True,False,none
PR003291,EMP0205,2026-07-19,1312.59,196.89,0.0,81.38,19.03,0.0,0.0,131.26,0.0,884.03,True,False,none
PR003292,EMP0205,2026-07-26,1348.88,202.33,0.0,83.63,19.56,0.0,0.0,134.89,0.0,908.47,True,False,none
PR003293,EMP0205,2026-08-02,1319.4,197.91,0.0,81.8,19.13,0.0,0.0,131.94,0.0,888.62,True,False,none
PR003294,EMP0205,2026-08-09,1357.37,203.61,0.0,84.16,19.68,0.0,0.0,135.74,0.0,914.18,True,False,none
PR003295,EMP0205,2026-08-16,1325.54,198.83,0.0,82.18,19.22,0.0,0.0,132.55,0.0,892.76,True,False,none
PR003296,EMP0205,2026-08-23,1321.12,198.17,0.0,81.91,19.16,0.0,0.0,132.11,0.0,889.77,True,True,wage_base_cap_error
PR003297,EMP0205,2026-08-30,1376.18,206.43,0.0,85.32,19.95,0.0,0.0,137.62,0.0,926.86,True,False,none
PR003298,EMP0205,2026-09-06,1304.11,195.62,0.0,80.85,18.91,0.0,0.0,130.41,0.0,878.32,True,False,none
PR003299,EMP0205,2026-09-13,1290.37,193.56,0.0,80.0,18.71,0.0,0.0,129.04,0.0,869.06,True,False,none
PR003300,EMP0206,2026-04-05,2448.21,367.23,146.89,151.79,35.5,14.69,66.1,156.69,0.0,1590.11,True,False,none
PR003301,EMP0206,2026-04-19,2522.33,378.35,151.34,156.38,36.57,15.13,68.1,161.43,0.0,1638.26,True,False,none
PR003302,EMP0206,2026-05-03,2408.39,361.26,144.5,149.32,34.92,12.18,65.03,154.14,0.0,1564.25,True,False,none
PR003303,EMP0206,2026-05-17,2347.56,352.13,140.85,145.55,34.04,0.0,43.77,150.24,0.0,1524.75,True,False,none
PR003304,EMP0206,2026-05-31,2400.97,360.15,144.06,148.86,34.81,0.0,0.0,153.66,0.0,1559.43,True,False,none
PR003305,EMP0206,2026-06-14,2433.07,364.96,145.98,150.85,35.28,0.0,0.0,155.72,0.0,1580.28,True,False,none
PR003306,EMP0206,2026-06-28,2366.8,355.02,142.01,146.74,34.32,0.0,0.0,151.48,0.0,1537.23,True,False,none
PR003307,EMP0206,2026-07-12,2462.38,369.36,147.74,152.67,35.7,0.0,0.0,157.59,315.18,1599.32,True,True,duplicate_deduction
PR003308,EMP0206,2026-07-26,2527.81,379.17,151.67,156.72,36.65,0.0,0.0,161.78,0.0,1641.82,True,False,none
PR003309,EMP0206,2026-08-09,2422.63,363.39,145.36,75.1,35.13,0.0,0.0,155.05,0.0,1573.5,True,True,tax_miscalculation
PR003310,EMP0206,2026-08-23,2403.94,360.59,144.24,149.04,34.86,0.0,0.0,153.85,0.0,1561.36,True,False,none
PR003311,EMP0206,2026-09-06,2412.8,361.92,144.77,149.59,34.99,0.0,0.0,154.42,0.0,1567.11,True,False,none
PR003312,EMP0207,2026-03-29,769.54,115.43,38.48,85.88,11.16,4.62,20.78,0.0,0.0,556.76,True,True,tax_miscalculation
PR003313,EMP0207,2026-04-05,817.83,122.67,89.96,50.71,11.86,4.91,22.08,0.0,0.0,591.7,True,True,tax_miscalculation
PR003314,EMP0207,2026-04-12,788.38,118.26,39.42,48.88,11.43,4.73,21.29,0.0,0.0,570.39,True,False,none
PR003315,EMP0207,2026-04-19,786.65,118.0,39.33,48.77,11.41,4.72,21.24,0.0,0.0,569.14,True,False,none
PR003316,EMP0207,2026-04-26,803.77,120.57,40.19,49.83,11.65,4.82,21.7,0.0,0.0,581.53,True,False,none
PR003317,EMP0207,2026-05-03,790.09,118.51,39.5,48.99,11.46,4.74,21.33,0.0,0.0,571.63,True,False,none
PR003318,EMP0207,2026-05-10,803.05,120.46,40.15,49.79,11.64,4.82,21.68,0.0,0.0,581.01,True,False,none
PR003319,EMP0207,2026-05-17,766.16,114.92,38.31,47.5,11.11,4.6,20.69,0.0,0.0,554.32,True,False,none
PR003320,EMP0207,2026-05-24,813.46,122.02,40.67,50.43,11.8,4.05,21.96,0.0,0.0,588.54,True,False,none
PR003321,EMP0207,2026-05-31,821.43,123.21,41.07,50.93,11.91,0.0,22.18,0.0,0.0,594.31,True,False,none
PR003322,EMP0207,2026-06-07,803.09,120.46,40.15,49.79,11.64,0.0,21.68,0.0,0.0,581.05,True,False,none
PR003323,EMP0207,2026-06-14,822.31,123.35,41.12,50.98,11.92,0.0,6.39,0.0,0.0,594.94,True,False,none
PR003324,EMP0207,2026-06-21,771.82,115.77,38.59,47.85,11.19,0.0,0.0,0.0,0.0,558.42,True,False,none
PR003325,EMP0207,2026-06-28,792.32,118.85,39.62,49.12,11.49,0.0,0.0,0.0,0.0,573.24,True,False,none
PR003326,EMP0207,2026-07-05,800.14,120.02,40.01,49.61,11.6,0.0,0.0,0.0,0.0,578.9,True,False,none
PR003327,EMP0207,2026-07-12,798.87,119.83,39.94,49.53,11.58,0.0,0.0,0.0,0.0,577.99,True,False,none
PR003328,EMP0207,2026-07-19,787.54,118.13,39.38,48.83,11.42,0.0,0.0,0.0,0.0,569.78,True,False,none
PR003329,EMP0207,2026-07-26,783.56,117.53,39.18,48.58,11.36,0.0,0.0,0.0,0.0,566.91,True,False,none
PR003330,EMP0207,2026-08-02,770.27,115.54,38.51,47.76,11.17,0.0,0.0,0.0,0.0,557.29,True,False,none
PR003331,EMP0207,2026-08-09,786.93,118.04,39.35,48.79,11.41,0.0,0.0,0.0,0.0,569.34,True,False,none
PR003332,EMP0207,2026-08-16,772.53,115.88,38.63,47.9,11.2,0.0,0.0,0.0,0.0,558.92,True,False,none
PR003333,EMP0207,2026-08-23,808.47,121.27,40.42,50.13,11.72,0.0,0.0,0.0,0.0,584.93,True,False,none
PR003334,EMP0207,2026-08-30,775.43,186.1,38.77,48.08,11.24,0.0,0.0,0.0,0.0,561.03,True,True,tax_miscalculation
PR003335,EMP0207,2026-09-06,765.98,114.9,38.3,47.49,11.11,0.0,0.0,0.0,0.0,554.18,True,False,none
PR003336,EMP0207,2026-09-13,797.03,119.55,39.85,49.42,11.56,0.0,0.0,0.0,0.0,576.65,True,False,none
PR003337,EMP0208,2026-03-31,1478.29,221.74,73.91,91.65,21.44,8.87,39.91,0.0,0.0,1069.55,True,False,none
PR003338,EMP0208,2026-04-15,1510.44,226.57,75.52,93.65,21.9,9.06,40.78,0.0,0.0,1092.8,True,False,none
PR003339,EMP0208,2026-04-30,1476.17,221.43,73.81,91.52,21.4,8.86,39.86,0.0,0.0,1068.01,False,True,late_journal_posting
PR003340,EMP0208,2026-05-15,1449.26,217.39,72.46,89.85,21.01,8.7,39.13,0.0,0.0,1048.55,True,False,none
PR003341,EMP0208,2026-05-31,1502.43,225.36,75.12,93.15,21.79,6.52,40.57,0.0,0.0,1087.01,True,False,none
PR003342,EMP0208,2026-06-15,1471.9,220.78,73.6,91.26,21.34,0.0,39.74,0.0,0.0,1064.92,True,False,none
PR003343,EMP0208,2026-06-30,1418.33,212.75,70.92,87.94,20.57,0.0,3.01,0.0,0.0,1026.15,True,False,none
PR003344,EMP0208,2026-07-15,1474.87,221.23,73.74,91.44,21.39,0.0,0.0,0.0,0.0,1067.07,True,False,none
PR003345,EMP0208,2026-07-31,1514.64,227.2,75.73,93.91,21.96,0.0,0.0,0.0,0.0,1095.84,True,False,none
PR003346,EMP0208,2026-08-15,1455.17,218.28,72.76,90.22,21.1,0.0,0.0,0.0,0.0,1052.81,True,False,none
PR003347,EMP0208,2026-08-31,1443.55,216.53,72.18,89.5,20.93,0.0,0.0,0.0,0.0,1044.41,True,False,none
PR003348,EMP0209,2026-04-05,5314.3,797.14,265.72,329.49,77.06,31.89,143.49,552.69,0.0,3292.2,True,False,none
PR003349,EMP0209,2026-04-19,5317.75,797.66,265.89,329.7,77.11,10.11,99.51,553.05,0.0,3294.34,True,False,none
PR003350,EMP0209,2026-05-03,5439.61,815.94,271.98,337.26,78.87,0.0,0.0,565.72,0.0,3369.84,True,False,none
PR003351,EMP0209,2026-05-17,5510.18,826.53,275.51,341.63,79.9,0.0,0.0,573.06,0.0,3413.55,True,False,none
PR003352,EMP0209,2026-05-31,5287.07,793.06,264.35,327.8,76.66,0.0,0.0,549.86,0.0,3275.34,True,False,none
PR003353,EMP0209,2026-06-14,5659.14,848.87,282.96,350.87,82.06,0.0,0.0,588.55,0.0,3505.83,True,False,none
PR003354,EMP0209,2026-06-28,5579.25,836.89,278.96,345.91,80.9,0.0,0.0,580.24,0.0,3456.35,True,False,none
PR003355,EMP0209,2026-07-12,5506.26,825.94,275.31,341.39,79.84,0.0,0.0,572.65,0.0,3411.13,True,False,none
PR003356,EMP0209,2026-07-26,5611.0,841.65,280.55,347.88,81.36,0.0,0.0,583.54,0.0,3476.02,True,False,none
PR003357,EMP0209,2026-08-09,5286.88,793.03,264.34,327.79,76.66,0.0,0.0,549.84,0.0,3275.22,True,False,none
PR003358,EMP0209,2026-08-23,5458.7,818.8,272.94,338.44,79.15,0.0,0.0,567.7,0.0,3381.67,True,False,none
PR003359,EMP0209,2026-09-06,5525.09,828.76,276.25,342.56,80.11,0.0,0.0,574.61,0.0,3422.8,True,False,none
PR003360,EMP0210,2026-03-31,4777.53,716.63,143.33,296.21,69.27,28.67,128.99,291.43,0.0,3260.66,True,False,none
PR003361,EMP0210,2026-04-15,4760.86,714.13,314.23,295.17,69.03,13.33,114.01,290.41,0.0,3249.29,True,True,tax_miscalculation
PR003362,EMP0210,2026-04-30,4574.09,686.11,137.22,283.59,66.32,0.0,0.0,279.02,0.0,3121.83,True,False,none
PR003363,EMP0210,2026-05-15,4818.92,722.84,144.57,298.77,69.87,0.0,0.0,293.95,0.0,3288.92,True,False,none
PR003364,EMP0210,2026-05-31,4517.77,677.67,135.53,280.1,65.51,0.0,0.0,275.58,0.0,3083.38,True,False,none
PR003365,EMP0210,2026-06-15,4794.67,719.2,143.84,297.27,69.52,0.0,0.0,292.47,0.0,3272.37,True,False,none
PR003366,EMP0210,2026-06-30,4830.0,724.5,144.9,299.46,70.03,0.0,0.0,294.63,0.0,3296.48,True,False,none
PR003367,EMP0210,2026-07-15,4537.24,680.59,136.12,281.31,65.79,0.0,0.0,276.77,0.0,3096.66,True,False,none
PR003368,EMP0210,2026-07-31,4738.22,710.73,142.15,293.77,68.7,0.0,0.0,289.03,0.0,3233.84,True,False,none
PR003369,EMP0210,2026-08-15,4486.76,673.01,134.6,278.18,65.06,0.0,0.0,273.69,0.0,3062.22,True,False,none
PR003370,EMP0210,2026-08-31,4621.43,693.21,138.64,286.53,67.01,0.0,0.0,281.91,0.0,3154.13,True,False,none
PR003371,EMP0211,2026-04-05,2006.36,300.95,80.25,124.39,29.09,12.04,54.17,72.23,0.0,1399.45,True,False,none
PR003372,EMP0211,2026-04-19,2016.57,302.49,80.66,125.03,29.24,12.1,54.45,72.6,0.0,1406.55,True,False,none
PR003373,EMP0211,2026-05-03,2072.96,310.94,82.92,128.52,30.06,12.44,55.97,74.63,0.0,1445.89,True,False,none
PR003374,EMP0211,2026-05-17,2031.11,304.67,81.24,125.93,29.45,5.42,54.84,73.12,0.0,1416.7,True,False,none
PR003375,EMP0211,2026-05-31,2000.8,300.12,80.03,124.05,29.01,0.0,23.57,72.03,0.0,1395.56,True,False,none
PR003376,EMP0211,2026-06-14,2052.92,307.94,82.12,127.28,29.77,0.0,0.0,73.91,0.0,1431.9,True,False,none
PR003377,EMP0211,2026-06-28,2075.28,311.29,83.01,128.67,30.09,0.0,0.0,74.71,0.0,1447.51,False,True,late_journal_posting
PR003378,EMP0211,2026-07-12,1927.92,289.19,77.12,119.53,27.95,0.0,0.0,69.41,0.0,1344.72,True,False,none
PR003379,EMP0211,2026-07-26,2080.36,312.05,83.21,128.98,30.17,0.0,0.0,74.89,0.0,1451.06,True,False,none
PR003380,EMP0211,2026-08-09,1938.09,290.71,77.52,120.16,28.1,0.0,0.0,69.77,0.0,1351.83,True,False,none
PR003381,EMP0211,2026-08-23,2053.67,308.05,82.15,127.33,29.78,0.0,0.0,73.93,0.0,1432.43,True,False,none
PR003382,EMP0211,2026-09-06,1968.91,295.34,78.76,122.07,28.55,0.0,0.0,70.88,0.0,1373.31,True,False,none
PR003383,EMP0212,2026-03-31,2462.77,369.42,98.51,152.69,35.71,14.78,66.49,0.0,0.0,1806.44,True,False,none
PR003384,EMP0212,2026-04-15,2524.59,378.69,100.98,156.52,36.61,15.15,68.16,0.0,0.0,1851.79,True,False,none
PR003385,EMP0212,2026-04-30,2565.6,384.84,102.62,159.07,37.2,12.08,69.27,0.0,0.0,1881.87,True,False,none
PR003386,EMP0212,2026-05-15,2512.76,376.91,100.51,155.79,36.44,0.0,39.07,0.0,0.0,1843.11,True,False,none
PR003387,EMP0212,2026-05-31,2447.18,367.08,97.89,151.73,35.48,0.0,0.0,0.0,0.0,1795.0,True,False,none
PR003388,EMP0212,2026-06-15,2556.66,383.5,102.27,158.51,37.07,0.0,0.0,0.0,0.0,1875.31,True,False,none
PR003389,EMP0212,2026-06-30,2617.53,392.63,104.7,162.29,37.95,0.0,0.0,0.0,0.0,1919.96,True,False,none
PR003390,EMP0212,2026-07-15,2513.21,376.98,100.53,155.82,36.44,0.0,0.0,0.0,0.0,1843.44,True,False,none
PR003391,EMP0212,2026-07-31,2479.68,371.95,99.19,153.74,35.96,0.0,0.0,0.0,0.0,1818.84,True,False,none
PR003392,EMP0212,2026-08-15,2525.14,378.77,101.01,156.56,36.61,0.0,0.0,0.0,0.0,1852.19,True,False,none
PR003393,EMP0212,2026-08-31,2445.93,366.89,97.84,151.65,35.47,0.0,0.0,0.0,0.0,1794.08,True,False,none
PR003394,EMP0213,2026-03-29,1873.36,281.0,93.67,116.15,27.16,11.24,50.58,0.0,0.0,1355.38,True,False,none
PR003395,EMP0213,2026-04-05,1874.21,281.13,93.71,116.2,27.18,11.25,50.6,0.0,0.0,1355.99,True,False,none
PR003396,EMP0213,2026-04-12,1839.72,275.96,91.99,114.06,26.68,11.04,49.67,0.0,0.0,1331.03,True,False,none
PR003397,EMP0213,2026-04-19,1805.73,270.86,90.29,111.96,26.18,8.48,48.75,0.0,0.0,1306.44,True,False,none
PR003398,EMP0213,2026-04-26,1870.37,280.56,93.52,115.96,27.12,0.0,43.39,0.0,0.0,1353.21,True,False,none
PR003399,EMP0213,2026-05-03,1834.9,275.24,91.75,113.76,26.61,0.0,0.0,0.0,0.0,1327.54,True,False,none
PR003400,EMP0213,2026-05-10,1874.15,281.12,93.71,116.2,27.18,0.0,0.0,0.0,0.0,1355.94,True,False,none
PR003401,EMP0213,2026-05-17,1846.01,276.9,92.3,114.45,26.77,0.0,0.0,0.0,0.0,1335.59,True,False,none
PR003402,EMP0213,2026-05-24,1868.14,280.22,93.41,115.82,27.09,0.0,0.0,0.0,0.0,1351.6,True,False,none
PR003403,EMP0213,2026-05-31,1841.25,276.19,92.06,114.16,26.7,0.0,0.0,0.0,0.0,1332.14,True,False,none
PR003404,EMP0213,2026-06-07,1814.56,272.18,90.73,112.5,26.31,0.0,0.0,0.0,0.0,1312.84,True,False,none
PR003405,EMP0213,2026-06-14,1893.26,283.99,94.66,117.38,27.45,0.0,0.0,0.0,0.0,1369.78,True,False,none
PR003406,EMP0213,2026-06-21,1832.93,274.94,91.65,113.64,26.58,0.0,0.0,0.0,0.0,1326.12,True,False,none
PR003407,EMP0213,2026-06-28,1842.19,276.33,92.11,114.22,26.71,0.0,0.0,0.0,0.0,1332.82,True,False,none
PR003408,EMP0213,2026-07-05,1786.54,267.98,89.33,110.77,25.9,0.0,0.0,0.0,0.0,1292.56,True,False,none
PR003409,EMP0213,2026-07-12,1845.17,276.78,92.26,114.4,26.75,0.0,0.0,0.0,0.0,1334.98,True,False,none
PR003410,EMP0213,2026-07-19,1837.35,275.6,91.87,113.92,26.64,0.0,0.0,0.0,0.0,1329.32,True,False,none
PR003411,EMP0213,2026-07-26,1781.38,267.21,89.07,110.45,25.83,0.0,0.0,0.0,0.0,1288.82,True,False,none
PR003412,EMP0213,2026-08-02,1763.25,264.49,88.16,109.32,25.57,0.0,0.0,0.0,0.0,1275.71,True,False,none
PR003413,EMP0213,2026-08-09,1842.09,276.31,92.1,114.21,26.71,0.0,0.0,0.0,0.0,1332.76,True,False,none
PR003414,EMP0213,2026-08-16,1865.14,279.77,93.26,115.64,27.04,0.0,0.0,0.0,0.0,1349.43,True,False,none
PR003415,EMP0213,2026-08-23,1830.37,274.56,91.52,113.48,26.54,0.0,0.0,0.0,0.0,1324.27,True,False,none
PR003416,EMP0213,2026-08-30,1787.45,268.12,89.37,199.48,25.92,0.0,0.0,0.0,0.0,1293.22,True,True,tax_miscalculation
PR003417,EMP0213,2026-09-06,1851.08,277.66,92.55,114.77,26.84,0.0,0.0,0.0,0.0,1339.26,True,False,none
PR003418,EMP0213,2026-09-13,1766.22,264.93,88.31,109.51,25.61,0.0,0.0,0.0,0.0,1277.86,True,False,none
PR003419,EMP0214,2026-03-29,2179.85,326.98,87.19,135.15,31.61,13.08,58.86,187.47,0.0,1411.45,True,False,none
PR003420,EMP0214,2026-04-05,2131.55,319.73,85.26,132.16,30.91,12.79,57.55,183.31,0.0,1380.18,True,False,none
PR003421,EMP0214,2026-04-12,2135.21,320.28,85.41,132.38,30.96,12.81,57.65,183.63,0.0,1382.55,True,False,none
PR003422,EMP0214,2026-04-19,2138.3,320.75,85.53,132.57,31.01,3.32,57.73,183.89,0.0,1384.55,True,False,none
PR003423,EMP0214,2026-04-26,2170.29,325.54,86.81,134.56,31.47,0.0,11.21,186.64,0.0,1405.27,True,False,none
PR003424,EMP0214,2026-05-03,2112.08,316.81,84.48,130.95,30.63,0.0,0.0,181.64,0.0,1367.57,True,False,none
PR003425,EMP0214,2026-05-10,2172.21,325.83,86.89,134.68,31.5,0.0,0.0,186.81,0.0,1406.5,True,False,none
PR003426,EMP0214,2026-05-17,2191.97,328.8,87.68,135.9,31.78,0.0,0.0,188.51,0.0,1419.3,True,False,none
PR003427,EMP0214,2026-05-24,2187.04,328.06,87.48,135.6,31.71,0.0,0.0,188.09,0.0,1416.1,True,False,none
PR003428,EMP0214,2026-05-31,2169.61,325.44,86.78,134.52,31.46,0.0,0.0,186.59,0.0,1404.82,True,False,none
PR003429,EMP0214,2026-06-07,2248.77,337.32,89.95,139.42,32.61,0.0,0.0,193.39,0.0,1456.08,True,False,none
PR003430,EMP0214,2026-06-14,2128.42,319.26,85.14,131.96,30.86,0.0,0.0,183.04,0.0,1378.16,True,False,none
PR003431,EMP0214,2026-06-21,2190.93,328.64,87.64,135.84,31.77,0.0,0.0,188.42,0.0,1418.62,True,False,none
PR003432,EMP0214,2026-06-28,2113.97,317.1,84.56,131.07,30.65,0.0,0.0,181.8,0.0,1368.79,True,False,none
PR003433,EMP0214,2026-07-05,2115.55,317.33,84.62,131.16,30.68,0.0,0.0,181.94,0.0,1369.82,True,False,none
PR003434,EMP0214,2026-07-12,2202.75,330.41,88.11,136.57,31.94,0.0,0.0,189.44,0.0,1426.28,True,False,none
PR003435,EMP0214,2026-07-19,2201.39,330.21,88.06,136.49,31.92,0.0,0.0,189.32,0.0,1425.39,True,False,none
PR003436,EMP0214,2026-07-26,2255.51,338.33,90.22,139.84,32.7,0.0,0.0,193.97,387.94,1460.45,True,True,duplicate_deduction
PR003437,EMP0214,2026-08-02,2199.98,330.0,88.0,136.4,31.9,0.0,0.0,189.2,0.0,1424.48,True,False,none
PR003438,EMP0214,2026-08-09,2269.69,340.45,90.79,140.72,32.91,0.0,0.0,195.19,0.0,1469.63,True,False,none
PR003439,EMP0214,2026-08-16,2111.66,316.75,84.47,130.92,30.62,0.0,0.0,181.6,0.0,1367.3,True,False,none
PR003440,EMP0214,2026-08-23,2120.21,318.03,84.81,131.45,30.74,0.0,0.0,182.34,0.0,1372.84,True,False,none
PR003441,EMP0214,2026-08-30,2110.85,316.63,84.43,130.87,30.61,0.0,0.0,181.53,0.0,1366.78,True,False,none
PR003442,EMP0214,2026-09-06,2135.35,320.3,85.41,132.39,30.96,0.0,0.0,0.0,0.0,1382.65,True,True,missing_401k
PR003443,EMP0214,2026-09-13,2197.1,329.56,87.88,136.22,31.86,0.0,0.0,188.95,0.0,1422.63,True,False,none
PR003444,EMP0215,2026-03-31,2708.75,406.31,108.35,167.94,39.28,16.25,73.14,0.0,0.0,1986.87,True,False,none
PR003445,EMP0215,2026-04-15,2581.48,387.22,103.26,160.05,37.43,15.49,69.7,0.0,0.0,1893.52,True,False,none
PR003446,EMP0215,2026-04-30,2772.46,415.87,110.9,171.89,40.2,10.26,74.86,0.0,0.0,2033.6,True,False,none
PR003447,EMP0215,2026-05-15,2750.45,412.57,110.02,170.53,39.88,0.0,25.31,0.0,0.0,2017.45,True,False,none
PR003448,EMP0215,2026-05-31,2634.73,395.21,105.39,163.35,38.2,0.0,0.0,0.0,0.0,1932.58,True,False,none
PR003449,EMP0215,2026-06-15,2588.19,388.23,103.53,160.47,37.53,0.0,0.0,0.0,0.0,1898.43,True,False,none
PR003450,EMP0215,2026-06-30,2607.85,391.18,104.31,161.69,37.81,0.0,0.0,0.0,0.0,1912.86,True,False,none
PR003451,EMP0215,2026-07-15,2598.74,389.81,103.95,161.12,37.68,0.0,0.0,0.0,0.0,1906.18,True,False,none
PR003452,EMP0215,2026-07-31,2597.96,389.69,103.92,161.07,37.67,0.0,0.0,0.0,0.0,1905.61,True,False,none
PR003453,EMP0215,2026-08-15,2681.81,402.27,107.27,166.27,38.89,0.0,0.0,0.0,0.0,1967.11,True,False,none
PR003454,EMP0215,2026-08-31,2623.96,393.59,104.96,162.69,38.05,0.0,0.0,0.0,0.0,1924.67,True,False,none
PR003455,EMP0216,2026-03-31,5821.3,873.2,291.06,360.92,84.41,34.93,157.18,547.2,0.0,3664.51,True,False,none
PR003456,EMP0216,2026-04-15,6115.72,917.36,305.79,379.17,88.68,7.07,85.82,574.88,0.0,3849.84,True,False,none
PR003457,EMP0216,2026-04-30,5973.4,896.01,298.67,370.35,86.61,0.0,0.0,561.5,0.0,3760.26,True,False,none
PR003458,EMP0216,2026-05-15,6096.82,914.52,304.84,378.0,88.4,0.0,0.0,573.1,0.0,3837.96,True,False,none
PR003459,EMP0216,2026-05-31,5720.76,858.11,286.04,354.69,82.95,0.0,0.0,537.75,0.0,3601.22,True,False,none
PR003460,EMP0216,2026-06-15,5832.49,874.87,291.62,361.61,84.57,0.0,0.0,548.25,0.0,3671.57,True,False,none
PR003461,EMP0216,2026-06-30,5912.97,886.95,295.65,366.6,85.74,0.0,0.0,555.82,0.0,3722.21,True,False,none
PR003462,EMP0216,2026-07-15,5690.08,853.51,284.5,352.78,82.51,0.0,0.0,534.87,0.0,3581.91,True,False,none
PR003463,EMP0216,2026-07-31,5656.24,848.44,282.81,350.69,82.02,0.0,0.0,531.69,0.0,3560.59,True,False,none
PR003464,EMP0216,2026-08-15,5966.93,895.04,298.35,369.95,86.52,0.0,0.0,560.89,0.0,3756.18,True,False,none
PR003465,EMP0216,2026-08-31,5953.58,893.04,297.68,369.12,86.33,0.0,0.0,559.64,0.0,3747.77,True,False,none
PR003466,EMP0217,2026-03-31,3954.71,593.21,0.0,122.59,57.34,23.73,106.78,0.0,0.0,3058.97,True,True,tax_miscalculation
PR003467,EMP0217,2026-04-15,3979.58,596.94,0.0,246.73,57.7,18.27,107.45,0.0,0.0,3078.21,True,False,none
PR003468,EMP0217,2026-04-30,3956.18,593.43,0.0,245.28,57.36,0.0,28.77,0.0,0.0,3060.11,True,False,none
PR003469,EMP0217,2026-05-15,3832.69,574.9,0.0,237.63,55.57,0.0,0.0,0.0,0.0,2964.59,True,False,none
PR003470,EMP0217,2026-05-31,3930.92,589.64,0.0,243.72,57.0,0.0,0.0,0.0,0.0,3040.56,False,True,late_journal_posting
PR003471,EMP0217,2026-06-15,3880.98,582.15,0.0,240.62,56.27,0.0,0.0,0.0,0.0,3001.94,True,False,none
PR003472,EMP0217,2026-06-30,3856.16,578.42,0.0,239.08,55.91,0.0,0.0,0.0,0.0,2982.75,True,False,none
PR003473,EMP0217,2026-07-15,4126.93,619.04,0.0,255.87,59.84,0.0,0.0,0.0,0.0,3192.18,True,False,none
PR003474,EMP0217,2026-07-31,4014.2,602.13,0.0,248.88,58.21,0.0,0.0,0.0,0.0,3104.98,True,False,none
PR003475,EMP0217,2026-08-15,4054.99,608.25,0.0,251.41,58.8,0.0,0.0,0.0,0.0,3136.53,True,False,none
PR003476,EMP0217,2026-08-31,3924.6,588.69,0.0,243.33,56.91,0.0,0.0,0.0,0.0,3035.67,True,False,none
PR003477,EMP0218,2026-04-05,3895.05,584.26,0.0,241.49,56.48,23.37,105.17,0.0,0.0,3012.82,True,False,none
PR003478,EMP0218,2026-04-19,3846.44,576.97,0.0,238.48,55.77,18.63,103.85,0.0,0.0,2975.22,True,False,none
PR003479,EMP0218,2026-05-03,3802.89,570.43,0.0,235.78,55.14,0.0,33.98,0.0,0.0,2941.54,True,False,none
PR003480,EMP0218,2026-05-17,3828.43,574.26,0.0,237.36,55.51,0.0,0.0,0.0,0.0,2961.3,True,False,none
PR003481,EMP0218,2026-05-31,4020.87,603.13,0.0,249.29,58.3,0.0,0.0,0.0,0.0,3110.15,True,False,none
PR003482,EMP0218,2026-06-14,3983.54,597.53,0.0,246.98,57.76,0.0,0.0,0.0,0.0,3081.27,True,False,none
PR003483,EMP0218,2026-06-28,3942.9,591.43,0.0,244.46,57.17,0.0,0.0,0.0,0.0,3049.84,True,False,none
PR003484,EMP0218,2026-07-12,3920.54,588.08,0.0,243.07,56.85,0.0,0.0,0.0,0.0,3032.54,True,True,tax_miscalculation
PR003485,EMP0218,2026-07-26,4059.74,608.96,0.0,251.7,58.87,0.0,0.0,0.0,0.0,3140.21,False,True,late_journal_posting
PR003486,EMP0218,2026-08-09,3795.35,569.3,0.0,235.31,55.03,0.0,0.0,0.0,0.0,2935.71,True,False,none
PR003487,EMP0218,2026-08-23,3860.03,579.0,0.0,239.32,55.97,0.0,0.0,0.0,0.0,2985.74,True,False,none
PR003488,EMP0218,2026-09-06,3881.6,582.24,0.0,240.66,56.28,0.0,0.0,0.0,0.0,3002.42,True,False,none
PR003489,EMP0219,2026-04-05,3153.97,473.1,0.0,195.55,45.73,18.92,85.16,141.93,0.0,2297.66,True,False,none
PR003490,EMP0219,2026-04-19,3205.31,480.8,0.0,198.73,46.48,19.23,86.54,144.24,0.0,2335.06,True,False,none
PR003491,EMP0219,2026-05-03,3021.59,453.24,0.0,187.34,43.81,3.84,71.3,135.97,0.0,2201.23,True,False,none
PR003492,EMP0219,2026-05-17,3176.42,476.46,0.0,196.94,46.06,0.0,0.0,142.94,0.0,2314.02,True,False,none
PR003493,EMP0219,2026-05-31,3165.75,474.86,0.0,196.28,45.9,0.0,0.0,142.46,0.0,2306.25,True,False,none
PR003494,EMP0219,2026-06-14,3017.68,452.65,0.0,187.1,43.76,0.0,0.0,135.8,0.0,2198.37,True,False,none
PR003495,EMP0219,2026-06-28,3060.36,459.05,0.0,189.74,44.38,0.0,0.0,137.72,0.0,2229.47,True,False,none
PR003496,EMP0219,2026-07-12,3062.89,459.43,0.0,189.9,44.41,0.0,0.0,137.83,0.0,2231.32,True,False,none
PR003497,EMP0219,2026-07-26,3201.81,480.27,0.0,198.51,46.43,0.0,0.0,144.08,0.0,2332.52,True,False,none
PR003498,EMP0219,2026-08-09,3006.98,451.05,0.0,186.43,43.6,0.0,0.0,135.31,0.0,2190.59,True,False,none
PR003499,EMP0219,2026-08-23,3158.06,473.71,0.0,195.8,45.79,0.0,0.0,142.11,0.0,2300.65,True,False,none
PR003500,EMP0219,2026-09-06,3044.44,456.67,0.0,188.76,44.14,0.0,0.0,137.0,0.0,2217.87,True,False,none
PR003501,EMP0220,2026-03-29,1428.48,214.27,71.42,88.57,20.71,8.57,38.57,0.0,0.0,1033.51,True,False,none
PR003502,EMP0220,2026-04-05,1393.94,209.09,69.7,86.42,20.21,8.36,37.64,0.0,0.0,1008.52,True,False,none
PR003503,EMP0220,2026-04-12,1411.54,211.73,70.58,87.52,20.47,8.47,38.11,0.0,0.0,1021.24,True,False,none
PR003504,EMP0220,2026-04-19,1439.79,215.97,71.99,89.27,20.88,8.64,38.87,0.0,0.0,1041.68,True,False,none
PR003505,EMP0220,2026-04-26,1436.63,215.49,71.83,89.07,20.83,7.96,38.79,0.0,0.0,1039.41,True,False,none
PR003506,EMP0220,2026-05-03,1443.55,216.53,72.18,89.5,20.93,0.0,38.98,0.0,0.0,1044.41,True,False,none
PR003507,EMP0220,2026-05-10,1353.9,203.09,67.7,83.94,19.63,0.0,12.04,0.0,0.0,979.54,True,False,none
PR003508,EMP0220,2026-05-17,1424.17,213.63,71.21,88.3,20.65,0.0,0.0,0.0,0.0,1030.38,True,False,none
PR003509,EMP0220,2026-05-24,1362.83,204.42,68.14,84.5,19.76,0.0,0.0,0.0,0.0,986.01,True,False,none
PR003510,EMP0220,2026-05-31,1393.48,209.02,69.67,86.4,20.21,0.0,0.0,0.0,0.0,1008.18,True,False,none
PR003511,EMP0220,2026-06-07,1408.23,211.23,70.41,87.31,20.42,0.0,0.0,0.0,0.0,1018.86,True,False,none
PR003512,EMP0220,2026-06-14,1392.02,208.8,69.6,86.31,20.18,0.0,0.0,0.0,0.0,1187.03,True,True,net_pay_mismatch
PR003513,EMP0220,2026-06-21,1458.0,218.7,72.9,90.4,21.14,0.0,0.0,0.0,0.0,1054.86,True,False,none
PR003514,EMP0220,2026-06-28,1362.3,204.34,68.11,84.46,19.75,0.0,0.0,0.0,0.0,985.64,True,False,none
PR003515,EMP0220,2026-07-05,1422.33,213.35,71.12,88.18,20.62,0.0,0.0,0.0,0.0,1029.06,True,False,none
PR003516,EMP0220,2026-07-12,1391.27,208.69,69.56,86.26,20.17,0.0,0.0,0.0,0.0,1006.59,True,False,none
PR003517,EMP0220,2026-07-19,1362.05,204.31,68.1,84.45,19.75,0.0,0.0,0.0,0.0,985.44,True,False,none
PR003518,EMP0220,2026-07-26,1364.91,204.74,68.25,84.62,19.79,0.0,0.0,0.0,0.0,987.51,True,False,none
PR003519,EMP0220,2026-08-02,1452.75,217.91,72.64,90.07,21.06,0.0,0.0,0.0,0.0,1051.07,True,False,none
PR003520,EMP0220,2026-08-09,1445.01,216.75,72.25,89.59,20.95,0.0,0.0,0.0,0.0,1045.47,True,False,none
PR003521,EMP0220,2026-08-16,1448.06,217.21,72.4,89.78,21.0,0.0,0.0,0.0,0.0,1047.67,True,False,none
PR003522,EMP0220,2026-08-23,1457.45,218.62,72.87,90.36,21.13,0.0,0.0,0.0,0.0,1054.47,True,False,none
PR003523,EMP0220,2026-08-30,1370.42,205.56,68.52,84.97,19.87,0.0,0.0,0.0,0.0,991.5,True,False,none
PR003524,EMP0220,2026-09-06,1386.77,208.02,69.34,85.98,20.11,0.0,0.0,0.0,0.0,1003.32,True,False,none
PR003525,EMP0220,2026-09-13,1421.63,213.24,71.08,88.14,20.61,0.0,0.0,0.0,0.0,1028.56,True,False,none
PR003526,EMP0221,2026-04-05,4563.87,684.58,182.55,282.96,66.18,27.38,123.22,0.0,0.0,3347.6,True,False,none
PR003527,EMP0221,2026-04-19,4540.19,681.03,181.61,281.49,65.83,14.62,119.78,0.0,0.0,3330.23,True,False,none
PR003528,EMP0221,2026-05-03,4518.26,677.74,180.73,280.13,65.51,0.0,0.0,0.0,0.0,3314.15,True,False,none
PR003529,EMP0221,2026-05-17,4603.67,690.55,184.15,285.43,66.75,0.0,0.0,0.0,0.0,3376.79,True,False,none
PR003530,EMP0221,2026-05-31,4597.09,689.56,183.88,285.02,66.66,0.0,0.0,0.0,0.0,3371.97,True,False,none
PR003531,EMP0221,2026-06-14,4447.19,667.08,177.89,275.73,64.48,0.0,0.0,0.0,0.0,3262.01,True,False,none
PR003532,EMP0221,2026-06-28,4559.5,683.92,182.38,282.69,66.11,0.0,0.0,0.0,0.0,3344.4,True,False,none
PR003533,EMP0221,2026-07-12,4589.08,688.36,183.56,284.52,66.54,0.0,0.0,0.0,0.0,3366.1,True,False,none
PR003534,EMP0221,2026-07-26,4595.17,689.28,183.81,284.9,66.63,0.0,0.0,0.0,0.0,3370.55,True,False,none
PR003535,EMP0221,2026-08-09,4464.8,669.72,178.59,276.82,64.74,0.0,0.0,0.0,0.0,3274.93,True,False,none
PR003536,EMP0221,2026-08-23,4657.42,698.61,186.3,288.76,67.53,0.0,0.0,0.0,0.0,3416.22,True,False,none
PR003537,EMP0221,2026-09-06,4397.87,659.68,175.91,272.67,63.77,0.0,0.0,0.0,0.0,3225.84,True,False,none
PR003538,EMP0222,2026-03-29,645.62,96.84,32.28,40.03,9.36,3.87,17.43,0.0,0.0,467.11,True,False,none
PR003539,EMP0222,2026-04-05,667.63,100.14,33.38,41.39,9.68,4.01,18.03,0.0,0.0,483.04,True,False,none
PR003540,EMP0222,2026-04-12,656.43,98.46,32.82,40.7,9.52,3.94,17.72,0.0,0.0,474.93,True,False,none
PR003541,EMP0222,2026-04-19,640.77,96.12,32.04,39.73,9.29,3.84,17.3,0.0,0.0,463.59,True,False,none
PR003542,EMP0222,2026-04-26,663.21,99.48,33.16,41.12,9.62,3.98,17.91,0.0,0.0,479.83,True,False,none
PR003543,EMP0222,2026-05-03,656.62,98.49,32.83,40.71,9.52,3.94,17.73,0.0,0.0,475.07,True,False,none
PR003544,EMP0222,2026-05-10,668.45,100.27,33.42,41.44,9.69,4.01,18.05,0.0,0.0,483.63,True,False,none
PR003545,EMP0222,2026-05-17,665.29,99.79,33.26,41.25,9.65,3.99,17.96,0.0,0.0,481.34,True,False,none
PR003546,EMP0222,2026-05-24,658.83,98.82,32.94,40.85,9.55,3.95,17.79,0.0,0.0,476.67,True,False,none
PR003547,EMP0222,2026-05-31,652.52,97.88,32.63,40.46,9.46,3.92,17.62,0.0,0.0,472.09,True,False,none
PR003548,EMP0222,2026-06-07,634.15,95.12,31.71,39.32,9.2,2.55,17.12,0.0,0.0,458.8,True,False,none
PR003549,EMP0222,2026-06-14,640.78,96.12,32.04,39.73,9.29,0.0,17.3,0.0,0.0,463.6,True,False,none
PR003550,EMP0222,2026-06-21,648.94,155.74,32.45,40.23,9.41,0.0,17.52,0.0,0.0,469.51,True,True,tax_miscalculation
PR003551,EMP0222,2026-06-28,658.27,98.74,32.91,40.81,9.54,0.0,13.52,0.0,0.0,476.27,True,False,none
PR003552,EMP0222,2026-07-05,653.84,98.08,32.69,40.54,9.48,0.0,0.0,0.0,0.0,473.05,True,False,none
PR003553,EMP0222,2026-07-12,642.17,96.33,32.11,39.81,9.31,0.0,0.0,0.0,0.0,464.61,True,False,none
PR003554,EMP0222,2026-07-19,627.6,94.14,31.38,38.91,9.1,0.0,0.0,0.0,0.0,454.07,True,False,none
PR003555,EMP0222,2026-07-26,652.93,97.94,32.65,40.48,9.47,0.0,0.0,0.0,0.0,472.39,True,False,none
PR003556,EMP0222,2026-08-02,642.04,96.31,32.1,39.81,9.31,0.0,0.0,0.0,0.0,464.51,True,False,none
PR003557,EMP0222,2026-08-09,665.27,99.79,33.26,41.25,9.65,0.0,0.0,0.0,0.0,481.32,True,False,none
PR003558,EMP0222,2026-08-16,628.5,94.27,31.43,38.97,9.11,0.0,0.0,0.0,0.0,454.72,True,False,none
PR003559,EMP0222,2026-08-23,657.52,98.63,32.88,40.77,9.53,0.0,0.0,0.0,0.0,475.71,True,False,none
PR003560,EMP0222,2026-08-30,675.97,101.4,33.8,41.91,9.8,0.0,0.0,0.0,0.0,489.06,True,False,none
PR003561,EMP0222,2026-09-06,636.29,95.44,31.81,39.45,9.23,0.0,0.0,0.0,0.0,460.36,True,False,none
PR003562,EMP0222,2026-09-13,651.66,97.75,32.58,40.4,9.45,0.0,0.0,0.0,0.0,471.48,True,False,none
PR003563,EMP0223,2026-04-05,1695.87,254.38,84.79,105.14,24.59,10.18,45.79,42.4,0.0,1184.57,True,False,none
PR003564,EMP0223,2026-04-19,1770.04,265.51,88.5,109.74,25.67,10.62,47.79,44.25,0.0,1236.37,True,False,none
PR003565,EMP0223,2026-05-03,1759.61,263.94,87.98,109.1,25.51,10.56,47.51,43.99,0.0,1229.09,True,False,none
PR003566,EMP0223,2026-05-17,1739.73,260.96,86.99,107.86,25.23,10.44,46.97,43.49,0.0,1215.2,True,False,none
PR003567,EMP0223,2026-05-31,1755.56,263.33,87.78,108.84,25.46,0.21,47.4,43.89,0.0,1226.26,True,False,none
PR003568,EMP0223,2026-06-14,1807.64,271.15,90.38,112.07,26.21,0.0,7.54,45.19,0.0,1262.64,True,False,none
PR003569,EMP0223,2026-06-28,1710.43,256.56,85.52,106.05,24.8,0.0,0.0,42.76,0.0,1194.74,True,False,none
PR003570,EMP0223,2026-07-12,1686.31,252.95,84.32,104.55,24.45,0.0,0.0,42.16,0.0,1177.88,True,False,none
PR003571,EMP0223,2026-07-26,1802.8,270.42,90.14,111.77,26.14,0.0,0.0,45.07,0.0,1259.26,True,False,none
PR003572,EMP0223,2026-08-09,1763.3,264.5,88.17,109.32,25.57,0.0,0.0,44.08,0.0,1231.66,True,False,none
PR003573,EMP0223,2026-08-23,1806.82,271.02,90.34,112.02,26.2,0.0,0.0,45.17,0.0,1262.07,True,False,none
PR003574,EMP0223,2026-09-06,1766.05,264.91,88.3,109.5,25.61,0.0,0.0,44.15,0.0,1233.58,True,False,none
PR003575,EMP0224,2026-03-31,1578.19,236.73,63.13,97.85,22.88,9.47,42.61,0.0,0.0,990.31,True,True,missing_401k
PR003576,EMP0224,2026-04-15,1531.77,229.77,61.27,94.97,22.21,9.19,41.36,162.37,0.0,961.18,True,False,none
PR003577,EMP0224,2026-04-30,1570.83,235.62,62.83,97.39,22.78,9.42,42.41,166.51,0.0,985.7,True,True,wage_base_cap_error
PR003578,EMP0224,2026-05-15,1590.74,238.61,63.63,98.63,23.07,9.54,42.95,168.62,0.0,998.18,True,False,none
PR003579,EMP0224,2026-05-31,1549.15,232.37,61.97,96.05,22.46,4.37,41.83,164.21,0.0,972.09,True,False,none
PR003580,EMP0224,2026-06-15,1501.4,225.21,60.06,93.09,21.77,0.0,31.84,159.15,0.0,942.12,True,False,none
PR003581,EMP0224,2026-06-30,1512.14,226.82,60.49,93.75,21.93,0.0,0.0,160.29,0.0,948.86,True,False,none
PR003582,EMP0224,2026-07-15,1503.58,225.54,60.14,93.22,21.8,0.0,0.0,159.38,0.0,943.5,True,False,none
PR003583,EMP0224,2026-07-31,1509.46,226.42,60.38,93.59,21.89,0.0,0.0,160.0,0.0,947.18,True,False,none
PR003584,EMP0224,2026-08-15,1516.73,227.51,60.67,94.04,21.99,0.0,0.0,160.77,0.0,951.75,True,True,wage_base_cap_error
PR003585,EMP0224,2026-08-31,1547.08,232.06,61.88,95.92,22.43,0.0,0.0,163.99,0.0,970.8,True,False,none
PR003586,EMP0225,2026-03-29,2181.03,327.15,0.0,135.22,31.62,13.09,58.89,0.0,0.0,1687.04,True,False,none
PR003587,EMP0225,2026-04-05,2153.32,323.0,0.0,133.51,31.22,12.92,58.14,0.0,0.0,1665.59,True,False,none
PR003588,EMP0225,2026-04-12,2185.73,327.86,0.0,135.52,31.69,13.11,59.01,0.0,0.0,1690.66,True,False,none
PR003589,EMP0225,2026-04-19,2094.15,314.12,0.0,129.84,30.37,2.88,56.54,0.0,0.0,1619.82,True,False,none
PR003590,EMP0225,2026-04-26,2095.21,314.28,0.0,129.9,30.38,0.0,10.42,0.0,0.0,1620.65,True,False,none
PR003591,EMP0225,2026-05-03,2109.63,316.44,0.0,130.8,30.59,0.0,0.0,0.0,0.0,1631.8,True,False,none
PR003592,EMP0225,2026-05-10,2169.03,325.35,0.0,134.48,31.45,0.0,0.0,0.0,0.0,1677.75,True,False,none
PR003593,EMP0225,2026-05-17,2116.87,317.53,0.0,131.25,30.69,0.0,0.0,0.0,0.0,1637.4,True,False,none
PR003594,EMP0225,2026-05-24,2128.75,319.31,0.0,131.98,30.87,0.0,0.0,0.0,0.0,1646.59,True,False,none
PR003595,EMP0225,2026-05-31,2148.83,322.32,0.0,133.23,31.16,0.0,0.0,0.0,0.0,1662.12,True,False,none
PR003596,EMP0225,2026-06-07,2219.44,332.92,0.0,137.61,32.18,0.0,0.0,0.0,0.0,1716.73,True,False,none
PR003597,EMP0225,2026-06-14,2082.53,312.38,0.0,129.12,30.2,0.0,0.0,0.0,0.0,1610.83,True,False,none
PR003598,EMP0225,2026-06-21,2191.56,328.73,0.0,135.88,31.78,0.0,0.0,0.0,0.0,1695.17,True,False,none
PR003599,EMP0225,2026-06-28,2194.9,329.24,0.0,136.08,31.83,0.0,0.0,0.0,0.0,1697.75,True,False,none
PR003600,EMP0225,2026-07-05,2217.17,332.58,0.0,137.46,32.15,0.0,0.0,0.0,0.0,1714.98,True,False,none
PR003601,EMP0225,2026-07-12,2240.17,336.03,0.0,138.89,32.48,0.0,0.0,0.0,0.0,1732.77,True,False,none
PR003602,EMP0225,2026-07-19,2083.61,312.54,0.0,129.18,30.21,0.0,0.0,0.0,0.0,1611.68,True,False,none
PR003603,EMP0225,2026-07-26,2106.54,315.98,0.0,130.61,30.54,0.0,0.0,0.0,0.0,1629.41,True,False,none
PR003604,EMP0225,2026-08-02,2232.18,334.83,0.0,138.4,32.37,0.0,0.0,0.0,0.0,1726.58,True,False,none
PR003605,EMP0225,2026-08-09,2158.82,323.82,0.0,133.85,31.3,0.0,0.0,0.0,0.0,1669.85,True,False,none
PR003606,EMP0225,2026-08-16,2177.01,326.55,0.0,134.97,31.57,0.0,0.0,0.0,0.0,1683.92,True,False,none
PR003607,EMP0225,2026-08-23,2193.9,329.08,0.0,136.02,31.81,0.0,0.0,0.0,0.0,1696.99,True,False,none
PR003608,EMP0225,2026-08-30,2196.65,329.5,0.0,136.19,31.85,0.0,0.0,0.0,0.0,1699.11,True,False,none
PR003609,EMP0225,2026-09-06,2240.0,336.0,0.0,138.88,32.48,0.0,0.0,0.0,0.0,1732.64,True,False,none
PR003610,EMP0225,2026-09-13,2251.19,337.68,0.0,139.57,32.64,0.0,0.0,0.0,0.0,1741.3,True,False,none
PR003611,EMP0226,2026-03-31,3664.37,549.66,183.22,227.19,53.13,21.99,98.94,109.93,0.0,2541.24,True,False,none
PR003612,EMP0226,2026-04-15,3540.86,531.13,177.04,219.53,51.34,20.01,95.6,106.23,0.0,2455.59,True,False,none
PR003613,EMP0226,2026-04-30,3709.89,556.48,185.49,230.01,53.79,0.0,48.46,111.3,0.0,2572.82,True,False,none
PR003614,EMP0226,2026-05-15,3472.97,520.95,173.65,215.32,50.36,0.0,0.0,104.19,0.0,2408.5,True,False,none
PR003615,EMP0226,2026-05-31,3524.85,528.73,176.24,218.54,51.11,0.0,0.0,105.75,0.0,2444.48,True,False,none
PR003616,EMP0226,2026-06-15,3714.92,557.24,185.75,230.33,53.87,0.0,0.0,111.45,0.0,2576.28,True,False,none
PR003617,EMP0226,2026-06-30,3532.01,529.8,176.6,218.98,51.21,0.0,0.0,105.96,0.0,2449.46,True,False,none
PR003618,EMP0226,2026-07-15,3521.87,528.28,176.09,218.36,51.07,0.0,0.0,105.66,0.0,2442.41,True,False,none
PR003619,EMP0226,2026-07-31,3498.33,524.75,174.92,216.9,50.73,0.0,0.0,104.95,0.0,2426.08,True,False,none
PR003620,EMP0226,2026-08-15,3704.01,555.6,185.2,229.65,53.71,0.0,0.0,111.12,0.0,2743.74,True,True,net_pay_mismatch
PR003621,EMP0226,2026-08-31,3651.45,547.72,182.57,226.39,52.95,0.0,0.0,109.54,0.0,2532.28,True,False,none
PR003622,EMP0227,2026-04-05,3330.79,499.62,0.0,206.51,48.3,19.98,89.93,223.16,0.0,2353.2,True,False,none
PR003623,EMP0227,2026-04-19,3470.6,520.59,0.0,215.18,50.32,20.82,93.71,232.53,0.0,2451.98,True,False,none
PR003624,EMP0227,2026-05-03,3471.12,520.67,0.0,215.21,50.33,1.19,59.36,232.57,0.0,2452.34,True,False,none
PR003625,EMP0227,2026-05-17,3350.6,502.59,0.0,207.74,48.58,0.0,0.0,224.49,0.0,2367.2,True,False,none
PR003626,EMP0227,2026-05-31,3377.02,506.55,0.0,209.38,48.97,0.0,0.0,226.26,0.0,2385.86,True,False,none
PR003627,EMP0227,2026-06-14,3322.87,498.43,0.0,206.02,48.18,0.0,0.0,222.63,0.0,2347.61,True,False,none
PR003628,EMP0227,2026-06-28,3529.46,529.42,0.0,218.83,51.18,0.0,0.0,236.47,0.0,2493.56,True,False,none
PR003629,EMP0227,2026-07-12,3440.31,516.05,0.0,213.3,49.88,0.0,0.0,230.5,0.0,2430.58,True,False,none
PR003630,EMP0227,2026-07-26,3518.14,527.72,0.0,218.12,51.01,0.0,0.0,235.72,0.0,2485.57,True,False,none
PR003631,EMP0227,2026-08-09,3348.11,502.22,0.0,207.58,48.55,0.0,0.0,224.32,0.0,2365.44,True,False,none
PR003632,EMP0227,2026-08-23,3477.02,521.55,0.0,215.58,50.42,0.0,0.0,232.96,0.0,2456.51,True,False,none
PR003633,EMP0227,2026-09-06,3472.7,520.9,0.0,215.31,50.35,0.0,0.0,232.67,0.0,2453.47,True,False,none
PR003634,EMP0228,2026-03-31,2203.26,330.49,110.16,136.6,31.95,13.22,59.49,138.81,0.0,1455.25,False,True,late_journal_posting
PR003635,EMP0228,2026-04-15,2250.36,337.55,112.52,139.52,32.63,13.5,60.76,141.77,0.0,1486.37,True,False,none
PR003636,EMP0228,2026-04-30,2152.02,322.8,107.6,133.43,31.2,12.91,58.1,135.58,0.0,1421.41,True,False,none
PR003637,EMP0228,2026-05-15,2106.83,316.02,105.34,130.62,30.55,2.37,56.88,132.73,0.0,1391.57,True,False,none
PR003638,EMP0228,2026-05-31,2199.83,329.97,109.99,136.39,31.9,0.0,7.76,138.59,0.0,1452.99,True,False,none
PR003639,EMP0228,2026-06-15,2209.73,331.46,110.49,137.0,32.04,0.0,0.0,139.21,0.0,1459.53,True,False,none
PR003640,EMP0228,2026-06-30,2183.22,327.48,109.16,135.36,31.66,0.0,0.0,137.54,0.0,1442.02,True,False,none
PR003641,EMP0228,2026-07-15,2119.91,317.99,106.0,131.43,30.74,0.0,0.0,133.55,0.0,1400.2,True,False,none
PR003642,EMP0228,2026-07-31,2171.08,325.66,108.55,134.61,31.48,0.0,0.0,136.78,0.0,1434.0,True,False,none
PR003643,EMP0228,2026-08-15,2138.03,320.7,106.9,132.56,31.0,0.0,0.0,134.7,0.0,1412.17,True,False,none
PR003644,EMP0228,2026-08-31,2157.84,323.68,107.89,133.79,31.29,0.0,0.0,135.94,0.0,1425.25,True,False,none
PR003645,EMP0229,2026-03-29,1513.39,227.01,0.0,93.83,21.94,9.08,40.86,124.1,0.0,1046.51,True,False,none
PR003646,EMP0229,2026-04-05,1525.24,228.79,0.0,94.56,22.12,9.15,41.18,125.07,0.0,1054.7,True,False,none
PR003647,EMP0229,2026-04-12,1464.45,219.67,0.0,90.8,21.23,8.79,39.54,120.08,0.0,1012.67,True,False,none
PR003648,EMP0229,2026-04-19,1484.96,222.74,0.0,92.07,21.53,8.91,40.09,121.77,0.0,1026.85,True,False,none
PR003649,EMP0229,2026-04-26,1468.82,220.32,0.0,91.07,21.3,6.07,39.66,120.44,0.0,1015.69,True,False,none
PR003650,EMP0229,2026-05-03,1460.46,219.07,0.0,90.55,21.18,0.0,39.43,119.76,0.0,1009.9,True,False,none
PR003651,EMP0229,2026-05-10,1529.76,229.46,0.0,94.85,22.18,0.0,2.23,125.44,0.0,1057.83,True,False,none
PR003652,EMP0229,2026-05-17,1544.68,231.7,0.0,95.77,22.4,0.0,0.0,126.66,0.0,1068.15,True,False,none
PR003653,EMP0229,2026-05-24,1480.8,222.12,0.0,91.81,21.47,0.0,0.0,121.43,0.0,1023.97,True,False,none
PR003654,EMP0229,2026-05-31,1525.96,228.89,0.0,94.61,22.13,0.0,0.0,125.13,0.0,1055.2,True,False,none
PR003655,EMP0229,2026-06-07,1543.23,231.48,0.0,95.68,22.38,0.0,0.0,126.54,0.0,1067.15,True,False,none
PR003656,EMP0229,2026-06-14,1537.2,230.58,0.0,95.31,22.29,0.0,0.0,126.05,0.0,1062.97,True,False,none
PR003657,EMP0229,2026-06-21,1458.59,218.79,0.0,90.43,21.15,0.0,0.0,119.6,0.0,1008.62,True,False,none
PR003658,EMP0229,2026-06-28,1550.25,232.54,0.0,96.12,22.48,0.0,0.0,127.12,0.0,1071.99,True,False,none
PR003659,EMP0229,2026-07-05,1481.56,222.23,0.0,91.86,21.48,0.0,0.0,121.49,0.0,1024.5,True,False,none
PR003660,EMP0229,2026-07-12,1477.13,221.57,0.0,91.58,21.42,0.0,0.0,121.12,0.0,1021.44,True,False,none
PR003661,EMP0229,2026-07-19,1444.32,216.65,0.0,89.55,20.94,0.0,0.0,118.43,0.0,998.75,True,False,none
PR003662,EMP0229,2026-07-26,1494.54,224.18,0.0,92.66,21.67,0.0,0.0,122.55,0.0,1033.48,True,False,none
PR003663,EMP0229,2026-08-02,1449.84,217.48,0.0,89.89,21.02,0.0,0.0,118.89,0.0,1002.56,True,True,wage_base_cap_error
PR003664,EMP0229,2026-08-09,1466.38,219.96,0.0,90.92,21.26,0.0,0.0,120.24,0.0,1014.0,True,False,none
PR003665,EMP0229,2026-08-16,1474.49,221.17,0.0,91.42,21.38,0.0,0.0,120.91,0.0,1019.61,True,False,none
PR003666,EMP0229,2026-08-23,1532.78,229.92,0.0,95.03,22.23,0.0,0.0,125.69,0.0,1059.91,True,False,none
PR003667,EMP0229,2026-08-30,1540.68,231.1,0.0,95.52,22.34,0.0,0.0,126.34,0.0,1065.38,True,False,none
PR003668,EMP0229,2026-09-06,1472.77,220.92,0.0,91.31,21.36,0.0,0.0,120.77,0.0,1018.41,True,False,none
PR003669,EMP0229,2026-09-13,1538.69,230.8,0.0,95.4,22.31,0.0,0.0,126.17,0.0,1064.01,True,False,none
PR003670,EMP0230,2026-04-05,4144.95,621.74,248.7,256.99,60.1,24.87,111.91,103.62,0.0,2853.8,True,False,none
PR003671,EMP0230,2026-04-19,4115.39,617.31,246.92,255.15,59.67,17.13,111.12,102.88,0.0,2833.46,True,False,none
PR003672,EMP0230,2026-05-03,3918.09,587.71,235.09,242.92,56.81,0.0,19.97,97.95,0.0,2697.61,True,False,none
PR003673,EMP0230,2026-05-17,4091.66,613.75,245.5,253.68,59.33,0.0,0.0,102.29,0.0,2817.11,True,False,none
PR003674,EMP0230,2026-05-31,4172.98,625.95,250.38,258.72,60.51,0.0,0.0,104.32,0.0,2873.1,True,False,none
PR003675,EMP0230,2026-06-14,4089.17,613.38,245.35,253.53,59.29,0.0,0.0,102.23,0.0,2815.39,True,False,none
PR003676,EMP0230,2026-06-28,3977.13,596.57,238.63,246.58,57.67,0.0,0.0,99.43,0.0,2738.25,True,False,none
PR003677,EMP0230,2026-07-12,4031.08,604.66,241.86,249.93,58.45,0.0,0.0,100.78,0.0,2775.4,True,False,none
PR003678,EMP0230,2026-07-26,4077.42,611.61,244.65,252.8,59.12,0.0,0.0,101.94,0.0,2807.3,True,False,none
PR003679,EMP0230,2026-08-09,4034.27,605.14,242.06,250.12,58.5,0.0,0.0,100.86,0.0,2777.59,True,False,none
PR003680,EMP0230,2026-08-23,3909.55,586.43,234.57,242.39,56.69,0.0,0.0,97.74,0.0,2691.73,True,False,none
PR003681,EMP0230,2026-09-06,3970.89,595.63,238.25,246.2,57.58,0.0,0.0,99.27,0.0,2733.96,True,False,none
PR003682,EMP0231,2026-03-29,1478.32,221.75,73.92,91.66,21.44,8.87,39.91,122.7,0.0,946.85,True,False,none
PR003683,EMP0231,2026-04-05,1485.07,222.76,74.25,92.07,21.53,8.91,40.1,123.26,0.0,951.2,True,False,none
PR003684,EMP0231,2026-04-12,1402.26,210.34,70.11,86.94,20.33,8.41,37.86,116.39,0.0,898.15,True,False,none
PR003685,EMP0231,2026-04-19,1495.47,224.32,74.77,92.72,21.68,8.97,40.38,124.12,0.0,957.86,True,False,none
PR003686,EMP0231,2026-04-26,1424.17,213.63,71.21,88.3,20.65,6.83,38.45,0.0,0.0,912.17,True,True,missing_401k
PR003687,EMP0231,2026-05-03,1462.3,219.34,73.11,90.66,21.2,0.0,39.48,121.37,0.0,936.62,True,False,none
PR003688,EMP0231,2026-05-10,1472.54,220.88,73.63,91.3,21.35,0.0,6.82,122.22,0.0,943.16,True,False,none
PR003689,EMP0231,2026-05-17,1479.41,221.91,73.97,91.72,21.45,0.0,0.0,122.79,0.0,947.57,True,False,none
PR003690,EMP0231,2026-05-24,1494.72,224.21,74.74,92.67,21.67,0.0,0.0,124.06,0.0,957.37,True,False,none
PR003691,EMP0231,2026-05-31,1422.35,213.35,71.12,88.19,20.62,0.0,0.0,118.06,0.0,911.01,True,False,none
PR003692,EMP0231,2026-06-07,1484.74,222.71,74.24,92.05,21.53,0.0,0.0,123.23,0.0,950.98,True,False,none
PR003693,EMP0231,2026-06-14,1401.62,210.24,70.08,86.9,20.32,0.0,0.0,116.33,0.0,897.75,True,False,none
PR003694,EMP0231,2026-06-21,1467.19,220.08,73.36,90.97,21.27,0.0,0.0,121.78,0.0,939.73,True,False,none
PR003695,EMP0231,2026-06-28,1471.41,220.71,73.57,91.23,21.34,0.0,0.0,122.13,0.0,942.43,True,False,none
PR003696,EMP0231,2026-07-05,1464.06,219.61,73.2,90.77,21.23,0.0,0.0,121.52,0.0,937.73,True,False,none
PR003697,EMP0231,2026-07-12,1415.42,212.31,70.77,87.76,20.52,0.0,0.0,117.48,0.0,906.58,True,False,none
PR003698,EMP0231,2026-07-19,1486.4,222.96,74.32,92.16,21.55,0.0,0.0,123.37,0.0,952.04,True,False,none
PR003699,EMP0231,2026-07-26,1405.87,210.88,70.29,87.16,20.39,0.0,0.0,116.69,0.0,900.46,True,False,none
PR003700,EMP0231,2026-08-02,1392.7,208.91,69.64,86.35,20.19,0.0,0.0,115.59,0.0,892.02,True,False,none
PR003701,EMP0231,2026-08-09,1468.61,220.29,73.43,91.05,21.29,0.0,0.0,121.89,0.0,940.66,True,False,none
PR003702,EMP0231,2026-08-16,1440.94,216.14,72.05,89.34,20.89,0.0,0.0,119.6,0.0,922.92,True,False,none
PR003703,EMP0231,2026-08-23,1483.66,222.55,74.18,91.99,21.51,0.0,0.0,123.14,0.0,950.29,True,False,none
PR003704,EMP0231,2026-08-30,1430.41,214.56,71.52,88.69,20.74,0.0,0.0,118.72,0.0,916.18,True,False,none
PR003705,EMP0231,2026-09-06,1405.81,210.87,70.29,87.16,20.38,0.0,0.0,116.68,0.0,900.43,True,False,none
PR003706,EMP0231,2026-09-13,1482.22,222.33,74.11,91.9,21.49,0.0,0.0,123.02,0.0,949.37,True,False,none
PR003707,EMP0232,2026-03-31,3753.78,563.07,112.61,232.73,54.43,22.52,101.35,397.9,0.0,2393.04,True,False,none
PR003708,EMP0232,2026-04-15,3647.23,547.08,109.42,226.13,52.88,19.48,98.48,386.61,0.0,2325.11,True,False,none
PR003709,EMP0232,2026-04-30,3804.56,570.68,114.14,235.88,55.17,0.0,43.17,403.28,0.0,2425.41,True,False,none
PR003710,EMP0232,2026-05-15,3742.58,561.39,112.28,232.04,54.27,0.0,0.0,396.71,0.0,2385.89,True,False,none
PR003711,EMP0232,2026-05-31,3770.18,565.53,113.11,233.75,54.67,0.0,0.0,399.64,0.0,2403.48,True,False,none
PR003712,EMP0232,2026-06-15,3727.71,559.16,111.83,231.12,54.05,0.0,0.0,395.14,0.0,2376.41,True,False,none
PR003713,EMP0232,2026-06-30,3836.65,575.5,115.1,237.87,55.63,0.0,0.0,406.68,0.0,2445.87,True,False,none
PR003714,EMP0232,2026-07-15,3836.9,575.53,115.11,237.89,55.64,0.0,0.0,406.71,0.0,2446.02,True,False,none
PR003715,EMP0232,2026-07-31,3801.31,570.2,114.04,235.68,55.12,0.0,0.0,402.94,0.0,2423.33,True,False,none
PR003716,EMP0232,2026-08-15,3622.42,543.36,108.67,224.59,52.53,0.0,0.0,383.98,0.0,2309.29,True,False,none
PR003717,EMP0232,2026-08-31,3839.65,575.95,115.19,238.06,55.67,0.0,0.0,407.0,0.0,2447.78,True,False,none
PR003718,EMP0233,2026-03-29,2095.25,314.29,104.76,129.91,30.38,12.57,56.57,75.43,0.0,1440.48,True,False,none
PR003719,EMP0233,2026-04-05,2099.51,314.93,104.98,130.17,30.44,12.6,56.69,75.58,0.0,1443.41,True,False,none
PR003720,EMP0233,2026-04-12,2044.81,306.72,102.24,126.78,29.65,12.27,55.21,73.61,0.0,1405.81,True,False,none
PR003721,EMP0233,2026-04-19,2129.35,319.4,106.47,132.02,30.88,4.56,57.49,76.66,0.0,1463.92,True,False,none
PR003722,EMP0233,2026-04-26,2104.15,315.62,105.21,130.46,30.51,0.0,17.04,75.75,0.0,1446.6,True,False,none
PR003723,EMP0233,2026-05-03,2003.81,300.57,100.19,124.24,29.06,0.0,0.0,72.14,0.0,1377.61,True,False,none
PR003724,EMP0233,2026-05-10,2052.14,307.82,102.61,127.23,29.76,0.0,0.0,73.88,0.0,1410.84,True,False,none
PR003725,EMP0233,2026-05-17,2130.51,319.58,106.53,132.09,30.89,0.0,0.0,76.7,0.0,1464.72,True,False,none
PR003726,EMP0233,2026-05-24,1993.1,298.96,99.66,123.57,28.9,0.0,0.0,71.75,0.0,1370.26,True,False,none
PR003727,EMP0233,2026-05-31,2142.8,321.42,107.14,132.85,31.07,0.0,0.0,77.14,0.0,1473.18,True,False,none
PR003728,EMP0233,2026-06-07,2096.58,314.49,104.83,129.99,30.4,0.0,0.0,75.48,0.0,1441.39,True,False,none
PR003729,EMP0233,2026-06-14,2088.76,313.31,104.44,129.5,30.29,0.0,0.0,75.2,0.0,1436.02,True,False,none
PR003730,EMP0233,2026-06-21,2029.68,304.45,101.48,125.84,29.43,0.0,0.0,73.07,0.0,1395.41,True,False,none
PR003731,EMP0233,2026-06-28,2026.11,303.92,101.31,125.62,29.38,0.0,0.0,72.94,0.0,1392.94,True,False,none
PR003732,EMP0233,2026-07-05,2139.63,320.94,106.98,132.66,31.02,0.0,0.0,77.03,0.0,1471.0,True,False,none
PR003733,EMP0233,2026-07-12,2034.21,305.13,101.71,126.12,29.5,0.0,0.0,73.23,0.0,1398.52,True,False,none
PR003734,EMP0233,2026-07-19,2112.36,316.85,105.62,130.97,30.63,0.0,0.0,76.04,0.0,1452.25,True,False,none
PR003735,EMP0233,2026-07-26,2049.74,307.46,102.49,127.08,29.72,0.0,0.0,73.79,0.0,1409.2,True,False,none
PR003736,EMP0233,2026-08-02,2008.17,301.23,100.41,124.51,29.12,0.0,0.0,72.29,0.0,1380.61,True,False,none
PR003737,EMP0233,2026-08-09,1987.13,298.07,99.36,123.2,28.81,0.0,0.0,71.54,0.0,1366.15,True,False,none
PR003738,EMP0233,2026-08-16,2074.49,311.17,103.72,128.62,30.08,0.0,0.0,74.68,0.0,1426.22,True,False,none
PR003739,EMP0233,2026-08-23,2145.15,321.77,107.26,133.0,31.1,0.0,0.0,77.23,0.0,1474.79,True,False,none
PR003740,EMP0233,2026-08-30,2045.82,306.87,102.29,126.84,29.66,0.0,0.0,73.65,0.0,1406.51,True,False,none
PR003741,EMP0233,2026-09-06,2043.86,306.58,102.19,126.72,29.64,0.0,0.0,73.58,0.0,1405.15,True,False,none
PR003742,EMP0233,2026-09-13,2041.72,306.26,102.09,126.59,29.6,0.0,0.0,73.5,0.0,1403.68,True,False,none
PR003743,EMP0234,2026-04-05,1555.37,233.31,0.0,96.43,22.55,9.33,41.99,0.0,0.0,1203.08,True,False,none
PR003744,EMP0234,2026-04-19,1545.55,231.83,0.0,95.82,22.41,9.27,41.73,0.0,0.0,1195.49,True,False,none
PR003745,EMP0234,2026-05-03,1599.58,239.94,0.0,99.17,23.19,9.6,43.19,0.0,0.0,1237.28,True,False,none
PR003746,EMP0234,2026-05-17,1553.53,233.03,0.0,96.32,22.53,9.32,41.95,0.0,0.0,1201.65,True,False,none
PR003747,EMP0234,2026-05-31,1553.8,233.07,0.0,96.34,22.53,4.48,41.95,0.0,0.0,1201.86,True,False,none
PR003748,EMP0234,2026-06-14,1508.37,226.26,0.0,93.52,21.87,0.0,32.19,0.0,0.0,1166.72,True,False,none
PR003749,EMP0234,2026-06-28,1612.22,241.83,0.0,99.96,23.38,0.0,0.0,0.0,0.0,1247.05,True,False,none
PR003750,EMP0234,2026-07-12,1522.09,228.31,0.0,94.37,22.07,0.0,0.0,0.0,0.0,1177.34,True,False,none
PR003751,EMP0234,2026-07-26,1500.37,225.06,0.0,93.02,21.76,0.0,0.0,0.0,0.0,1160.53,True,False,none
PR003752,EMP0234,2026-08-09,1572.91,235.94,0.0,97.52,22.81,0.0,0.0,0.0,0.0,1216.64,True,False,none
PR003753,EMP0234,2026-08-23,1564.58,234.69,0.0,97.0,22.69,0.0,0.0,0.0,0.0,1210.2,True,False,none
PR003754,EMP0234,2026-09-06,1542.41,231.36,0.0,95.63,22.36,0.0,0.0,0.0,0.0,1193.06,True,False,none
PR003755,EMP0235,2026-03-29,2019.0,302.85,80.76,125.18,29.28,12.11,54.51,46.44,0.0,1434.49,True,False,none
PR003756,EMP0235,2026-04-05,2077.4,311.61,83.1,128.8,30.12,12.46,56.09,0.0,0.0,1475.99,True,True,missing_401k
PR003757,EMP0235,2026-04-12,1982.56,297.38,79.3,122.92,28.75,11.9,53.53,45.6,0.0,1408.61,True,False,none
PR003758,EMP0235,2026-04-19,2083.06,312.46,83.32,129.15,30.2,5.53,56.24,47.91,0.0,1480.02,True,False,none
PR003759,EMP0235,2026-04-26,2055.46,308.32,82.22,127.44,29.8,0.0,22.63,47.28,0.0,1460.4,True,False,none
PR003760,EMP0235,2026-05-03,2018.49,302.77,80.74,125.15,29.27,0.0,0.0,46.43,0.0,1434.13,True,False,none
PR003761,EMP0235,2026-05-10,2024.77,303.72,80.99,125.54,29.36,0.0,0.0,46.57,0.0,1438.59,True,False,none
PR003762,EMP0235,2026-05-17,1992.37,298.86,79.69,123.53,28.89,0.0,0.0,45.82,0.0,1415.58,True,False,none
PR003763,EMP0235,2026-05-24,2072.09,310.81,82.88,128.47,30.05,0.0,0.0,47.66,0.0,1472.22,True,False,none
PR003764,EMP0235,2026-05-31,2033.6,305.04,81.34,126.08,29.49,0.0,0.0,46.77,0.0,1444.88,True,False,none
PR003765,EMP0235,2026-06-07,2002.7,300.4,80.11,124.17,29.04,0.0,0.0,46.06,0.0,1422.92,True,False,none
PR003766,EMP0235,2026-06-14,2046.98,307.05,81.88,126.91,29.68,0.0,0.0,0.0,0.0,1454.38,True,True,missing_401k
PR003767,EMP0235,2026-06-21,2111.3,316.69,84.45,130.9,30.61,0.0,0.0,48.56,0.0,1500.09,True,False,none
PR003768,EMP0235,2026-06-28,2021.11,303.17,80.84,125.31,29.31,0.0,0.0,46.49,0.0,1435.99,True,False,none
PR003769,EMP0235,2026-07-05,2099.22,314.88,83.97,130.15,30.44,0.0,0.0,48.28,0.0,1491.5,True,False,none
PR003770,EMP0235,2026-07-12,2006.59,300.99,80.26,124.41,29.1,0.0,0.0,46.15,0.0,1425.68,True,False,none
PR003771,EMP0235,2026-07-19,1959.88,293.98,78.4,121.51,28.42,0.0,0.0,45.08,0.0,1392.49,True,False,none
PR003772,EMP0235,2026-07-26,1983.93,297.59,79.36,123.0,28.77,0.0,0.0,45.63,0.0,1409.58,True,False,none
PR003773,EMP0235,2026-08-02,2018.44,302.77,80.74,125.14,29.27,0.0,0.0,46.42,0.0,1434.1,True,False,none
PR003774,EMP0235,2026-08-09,1986.41,297.96,79.46,123.16,28.8,0.0,0.0,45.69,0.0,1461.4,True,True,net_pay_mismatch
PR003775,EMP0235,2026-08-16,2098.3,314.75,83.93,130.09,30.43,0.0,0.0,48.26,0.0,1490.84,True,False,none
PR003776,EMP0235,2026-08-23,2086.86,313.03,83.47,129.39,30.26,0.0,0.0,48.0,0.0,1482.71,True,False,none
PR003777,EMP0235,2026-08-30,2070.51,310.58,82.82,128.37,30.02,0.0,0.0,47.62,0.0,1471.1,True,False,none
PR003778,EMP0235,2026-09-06,1978.07,296.71,79.12,122.64,28.68,0.0,0.0,45.5,0.0,1405.42,True,False,none
PR003779,EMP0235,2026-09-13,1970.44,295.57,78.82,122.17,28.57,0.0,0.0,45.32,0.0,1399.99,True,False,none
PR003780,EMP0236,2026-04-05,3683.77,552.57,0.0,228.39,53.41,22.1,99.46,0.0,0.0,2849.4,True,False,none
PR003781,EMP0236,2026-04-19,3882.09,582.31,0.0,240.69,56.29,19.9,104.82,0.0,0.0,3002.8,True,False,none
PR003782,EMP0236,2026-05-03,3943.96,591.59,0.0,244.53,57.19,0.0,38.72,0.0,0.0,3050.65,True,False,none
PR003783,EMP0236,2026-05-17,3793.42,569.01,0.0,235.19,55.0,0.0,0.0,0.0,0.0,2934.22,True,False,none
PR003784,EMP0236,2026-05-31,3699.34,554.9,0.0,229.36,53.64,0.0,0.0,0.0,0.0,2861.44,True,False,none
PR003785,EMP0236,2026-06-14,3818.15,572.72,0.0,236.73,55.36,0.0,0.0,0.0,0.0,2953.34,True,False,none
PR003786,EMP0236,2026-06-28,3768.73,565.31,0.0,233.66,54.65,0.0,0.0,0.0,0.0,2915.11,True,False,none
PR003787,EMP0236,2026-07-12,3776.59,566.49,0.0,234.15,54.76,0.0,0.0,0.0,0.0,2921.19,True,False,none
PR003788,EMP0236,2026-07-26,3851.06,577.66,0.0,238.77,55.84,0.0,0.0,0.0,0.0,2978.79,True,False,none
PR003789,EMP0236,2026-08-09,3880.49,582.07,0.0,240.59,56.27,0.0,0.0,0.0,0.0,3001.56,True,False,none
PR003790,EMP0236,2026-08-23,3696.76,887.22,0.0,229.2,53.6,0.0,0.0,0.0,0.0,2859.45,True,True,tax_miscalculation
PR003791,EMP0236,2026-09-06,3674.09,551.11,0.0,227.79,53.27,0.0,0.0,0.0,0.0,2841.92,True,False,none
PR003792,EMP0237,2026-04-05,5580.6,837.09,0.0,346.0,80.92,33.48,150.68,435.29,0.0,3881.3,True,False,none
PR003793,EMP0237,2026-04-19,5256.64,788.5,0.0,325.91,76.22,8.52,92.32,410.02,0.0,3655.99,True,False,none
PR003794,EMP0237,2026-05-03,5180.54,777.08,0.0,321.19,75.12,0.0,0.0,404.08,0.0,3603.07,True,False,none
PR003795,EMP0237,2026-05-17,5238.41,785.76,0.0,324.78,75.96,0.0,0.0,408.6,0.0,3643.31,True,False,none
PR003796,EMP0237,2026-05-31,5174.21,776.13,0.0,320.8,75.03,0.0,0.0,403.59,0.0,3598.66,True,False,none
PR003797,EMP0237,2026-06-14,5324.31,798.65,0.0,330.11,77.2,0.0,0.0,415.3,0.0,3703.05,True,False,none
PR003798,EMP0237,2026-06-28,5498.96,824.84,0.0,340.94,79.73,0.0,0.0,428.92,0.0,3824.53,True,False,none
PR003799,EMP0237,2026-07-12,5302.8,795.42,0.0,328.77,76.89,0.0,0.0,413.62,0.0,3688.1,True,False,none
PR003800,EMP0237,2026-07-26,5346.58,801.99,0.0,331.49,77.53,0.0,0.0,417.03,0.0,3718.54,True,False,none
PR003801,EMP0237,2026-08-09,5445.02,816.75,0.0,337.59,78.95,0.0,0.0,424.71,0.0,3787.02,True,False,none
PR003802,EMP0237,2026-08-23,5374.11,806.12,0.0,333.19,77.92,0.0,0.0,419.18,0.0,3737.7,True,False,none
PR003803,EMP0237,2026-09-06,5524.08,828.61,0.0,342.49,80.1,0.0,0.0,430.88,0.0,3842.0,True,False,none
PR003804,EMP0238,2026-03-31,3285.14,492.77,0.0,203.68,47.63,19.71,88.7,275.95,0.0,2265.11,True,False,none
PR003805,EMP0238,2026-04-15,3068.64,460.3,0.0,190.26,44.5,18.41,82.85,257.77,0.0,2115.81,True,False,none
PR003806,EMP0238,2026-04-30,3262.89,489.43,0.0,202.3,47.31,3.88,71.45,274.08,0.0,2249.77,True,False,none
PR003807,EMP0238,2026-05-15,3182.65,477.4,0.0,197.32,46.15,0.0,0.0,267.34,0.0,2194.44,True,False,none
PR003808,EMP0238,2026-05-31,3316.19,497.43,0.0,205.6,48.08,0.0,0.0,278.56,0.0,2286.52,True,False,none
PR003809,EMP0238,2026-06-15,3188.34,478.25,0.0,197.68,46.23,0.0,0.0,267.82,0.0,2198.36,True,False,none
PR003810,EMP0238,2026-06-30,3315.7,497.35,0.0,205.57,48.08,0.0,0.0,278.52,0.0,2286.18,True,False,none
PR003811,EMP0238,2026-07-15,3256.95,488.54,0.0,201.93,47.23,0.0,0.0,0.0,0.0,2245.67,True,True,missing_401k
PR003812,EMP0238,2026-07-31,3129.0,469.35,0.0,194.0,45.37,0.0,0.0,262.84,0.0,2157.44,True,True,tax_miscalculation
PR003813,EMP0238,2026-08-15,3202.29,480.34,0.0,198.54,46.43,0.0,0.0,268.99,0.0,2207.99,True,False,none
PR003814,EMP0238,2026-08-31,3317.03,497.55,0.0,205.66,48.1,0.0,0.0,278.63,0.0,2287.09,True,False,none
PR003815,EMP0239,2026-04-05,3346.8,502.02,133.87,207.5,48.53,20.08,90.36,251.01,0.0,2203.87,True,False,none
PR003816,EMP0239,2026-04-19,3150.84,472.63,126.03,195.35,45.69,18.91,85.07,236.31,0.0,2074.83,True,False,none
PR003817,EMP0239,2026-05-03,3307.83,496.17,132.31,205.09,47.96,3.01,67.56,248.09,0.0,2178.21,True,False,none
PR003818,EMP0239,2026-05-17,3214.82,482.22,128.59,199.32,46.61,0.0,0.0,241.11,0.0,2116.97,True,False,none
PR003819,EMP0239,2026-05-31,3127.53,469.13,125.1,193.91,45.35,0.0,0.0,234.56,0.0,2059.48,True,False,none
PR003820,EMP0239,2026-06-14,3229.75,484.46,129.19,200.24,46.83,0.0,0.0,242.23,0.0,2126.8,True,False,none
PR003821,EMP0239,2026-06-28,3186.25,477.94,127.45,197.55,46.2,0.0,0.0,238.97,0.0,2098.14,True,False,none
PR003822,EMP0239,2026-07-12,3336.83,500.52,133.47,206.88,48.38,0.0,0.0,250.26,0.0,2197.32,True,False,none
PR003823,EMP0239,2026-07-26,3212.7,481.9,128.51,199.19,46.58,0.0,0.0,240.95,0.0,2115.57,True,False,none
PR003824,EMP0239,2026-08-09,3339.06,500.86,133.56,207.02,48.42,0.0,0.0,250.43,0.0,2198.77,True,False,none
PR003825,EMP0239,2026-08-23,3125.89,468.88,125.04,193.81,45.33,0.0,0.0,234.44,0.0,2058.39,True,False,none
PR003826,EMP0239,2026-09-06,3205.09,480.76,128.2,198.72,46.47,0.0,0.0,240.38,0.0,2110.56,True,False,none
PR003827,EMP0240,2026-03-29,2632.77,394.92,0.0,163.23,38.18,15.8,71.08,155.33,0.0,1881.11,True,False,none
PR003828,EMP0240,2026-04-05,2631.15,394.67,0.0,163.13,38.15,15.79,71.04,155.24,0.0,1879.96,True,False,none
PR003829,EMP0240,2026-04-12,2595.94,389.39,0.0,160.95,37.64,10.42,70.09,153.16,0.0,1854.8,True,False,none
PR003830,EMP0240,2026-04-19,2621.26,393.19,0.0,162.52,38.01,0.0,30.78,154.65,0.0,1872.89,True,False,none
PR003831,EMP0240,2026-04-26,2699.7,404.95,0.0,167.38,39.15,0.0,0.0,159.28,0.0,1928.94,True,False,none
PR003832,EMP0240,2026-05-03,2643.45,396.52,0.0,163.89,38.33,0.0,0.0,155.96,0.0,1888.75,True,False,none
PR003833,EMP0240,2026-05-10,2670.29,400.54,0.0,165.56,38.72,0.0,0.0,157.55,0.0,1907.92,True,False,none
PR003834,EMP0240,2026-05-17,2661.66,399.25,0.0,165.02,38.59,0.0,0.0,157.04,0.0,1901.76,True,False,none
PR003835,EMP0240,2026-05-24,2767.9,415.19,0.0,171.61,40.13,0.0,0.0,163.31,0.0,1977.66,True,True,wage_base_cap_error
PR003836,EMP0240,2026-05-31,2774.16,416.12,0.0,172.0,40.23,0.0,0.0,163.68,0.0,1982.13,True,False,none
PR003837,EMP0240,2026-06-07,2686.37,402.96,0.0,166.55,38.95,0.0,0.0,158.5,0.0,1919.41,True,False,none
PR003838,EMP0240,2026-06-14,2651.71,397.76,0.0,164.41,38.45,0.0,0.0,156.45,0.0,1894.64,True,False,none
PR003839,EMP0240,2026-06-21,2604.16,390.62,0.0,161.46,37.76,0.0,0.0,153.65,0.0,1860.67,True,False,none
PR003840,EMP0240,2026-06-28,2784.4,417.66,0.0,172.63,40.37,0.0,0.0,164.28,0.0,1989.46,True,False,none
PR003841,EMP0240,2026-07-05,2594.24,389.14,0.0,160.84,37.62,0.0,0.0,153.06,0.0,1853.58,True,False,none
PR003842,EMP0240,2026-07-12,2644.79,396.72,0.0,163.98,38.35,0.0,0.0,156.04,0.0,1889.7,False,True,late_journal_posting
PR003843,EMP0240,2026-07-19,2644.88,396.73,0.0,163.98,38.35,0.0,0.0,156.05,0.0,1889.77,True,False,none
PR003844,EMP0240,2026-07-26,2649.64,397.45,0.0,164.28,38.42,0.0,0.0,156.33,0.0,1893.16,True,False,none
PR003845,EMP0240,2026-08-02,2616.4,392.46,0.0,162.22,37.94,0.0,0.0,154.37,0.0,1869.41,True,False,none
PR003846,EMP0240,2026-08-09,2748.16,412.22,0.0,170.39,39.85,0.0,0.0,162.14,0.0,1963.56,True,False,none
PR003847,EMP0240,2026-08-16,2607.5,391.12,0.0,161.66,37.81,0.0,0.0,153.84,0.0,1863.07,True,False,none
PR003848,EMP0240,2026-08-23,2716.59,407.49,0.0,168.43,39.39,0.0,0.0,160.28,0.0,1941.0,True,False,none
PR003849,EMP0240,2026-08-30,2607.79,391.17,0.0,161.68,37.81,0.0,0.0,153.86,307.72,1863.27,True,True,duplicate_deduction
PR003850,EMP0240,2026-09-06,2596.44,389.47,0.0,160.98,37.65,0.0,0.0,153.19,0.0,1855.15,True,False,none
PR003851,EMP0240,2026-09-13,2775.04,416.26,0.0,172.05,40.24,0.0,0.0,163.73,0.0,1982.76,True,False,none
PR003852,EMP0241,2026-03-31,5772.29,865.84,346.34,357.88,83.7,34.63,155.85,0.0,0.0,4118.53,True,False,none
PR003853,EMP0241,2026-04-15,6068.1,910.22,364.09,376.22,87.99,7.37,87.15,0.0,0.0,4329.58,True,False,none
PR003854,EMP0241,2026-04-30,5938.45,890.77,356.31,368.18,86.11,0.0,0.0,0.0,0.0,4237.08,True,False,none
PR003855,EMP0241,2026-05-15,5719.66,857.95,343.18,638.32,82.94,0.0,0.0,0.0,0.0,4080.97,True,True,tax_miscalculation
PR003856,EMP0241,2026-05-31,6131.0,919.65,367.86,380.12,88.9,0.0,0.0,0.0,0.0,4374.47,True,False,none
PR003857,EMP0241,2026-06-15,5798.93,869.84,347.94,359.53,84.08,0.0,0.0,0.0,0.0,4137.54,True,False,none
PR003858,EMP0241,2026-06-30,6086.1,912.92,365.17,377.34,88.25,0.0,0.0,0.0,0.0,4342.42,True,False,none
PR003859,EMP0241,2026-07-15,5762.29,864.34,345.74,357.26,83.55,0.0,0.0,0.0,0.0,4111.4,True,False,none
PR003860,EMP0241,2026-07-31,6083.43,912.51,365.01,377.17,88.21,0.0,0.0,0.0,0.0,4340.53,True,False,none
PR003861,EMP0241,2026-08-15,5689.37,853.41,341.36,352.74,82.5,0.0,0.0,0.0,0.0,4059.36,True,False,none
PR003862,EMP0241,2026-08-31,5923.05,888.46,355.38,367.23,85.88,0.0,0.0,0.0,0.0,4226.1,False,True,late_journal_posting
PR003863,EMP0242,2026-03-31,5772.61,865.89,288.63,357.9,83.7,34.64,155.86,0.0,0.0,4176.49,True,False,none
PR003864,EMP0242,2026-04-15,5846.64,877.0,292.33,362.49,84.78,7.36,87.14,0.0,0.0,4230.04,True,False,none
PR003865,EMP0242,2026-04-30,5835.18,875.28,291.76,361.78,84.61,0.0,0.0,0.0,0.0,4221.75,True,False,none
PR003866,EMP0242,2026-05-15,5795.08,869.26,289.75,359.29,84.03,0.0,0.0,0.0,0.0,4192.75,True,False,none
PR003867,EMP0242,2026-05-31,5825.77,873.87,291.29,361.2,84.47,0.0,0.0,0.0,0.0,4214.94,True,False,none
PR003868,EMP0242,2026-06-15,5517.33,827.6,275.87,342.07,80.0,0.0,0.0,0.0,0.0,3991.79,True,False,none
PR003869,EMP0242,2026-06-30,5555.37,833.31,277.77,344.43,80.55,0.0,0.0,0.0,0.0,4019.31,True,False,none
PR003870,EMP0242,2026-07-15,5557.51,833.63,277.88,344.57,80.58,0.0,0.0,0.0,0.0,4020.85,True,False,none
PR003871,EMP0242,2026-07-31,5596.95,839.54,279.85,347.01,81.16,0.0,0.0,0.0,0.0,4049.39,True,False,none
PR003872,EMP0242,2026-08-15,5604.23,840.63,280.21,347.46,81.26,0.0,0.0,0.0,0.0,4054.67,True,False,none
PR003873,EMP0242,2026-08-31,5671.93,1361.26,283.6,351.66,82.24,0.0,0.0,0.0,0.0,4103.64,True,True,tax_miscalculation
PR003874,EMP0243,2026-04-05,2045.88,306.88,122.75,126.84,29.67,12.28,55.24,0.0,0.0,1459.74,True,False,none
PR003875,EMP0243,2026-04-19,2134.37,320.16,128.06,132.33,30.95,12.81,57.63,0.0,0.0,1522.87,True,False,none
PR003876,EMP0243,2026-05-03,2047.16,307.07,122.83,126.92,29.68,12.28,55.27,0.0,0.0,1460.66,True,False,none
PR003877,EMP0243,2026-05-17,2070.93,310.64,124.26,128.4,30.03,4.64,55.92,0.0,0.0,1477.6,True,False,none
PR003878,EMP0243,2026-05-31,2103.08,315.46,126.18,130.39,30.49,0.0,18.94,0.0,0.0,1500.56,True,False,none
PR003879,EMP0243,2026-06-14,2151.89,322.78,129.11,133.42,31.2,0.0,0.0,0.0,0.0,1535.38,True,False,none
PR003880,EMP0243,2026-06-28,2142.41,321.36,128.54,132.83,31.06,0.0,0.0,0.0,0.0,1528.62,True,False,none
PR003881,EMP0243,2026-07-12,2126.76,319.01,127.61,131.86,30.84,0.0,0.0,0.0,0.0,1517.44,True,False,none
PR003882,EMP0243,2026-07-26,2045.2,306.78,122.71,126.8,29.66,0.0,0.0,0.0,0.0,1459.25,True,False,none
PR003883,EMP0243,2026-08-09,2110.36,316.55,126.62,130.84,30.6,0.0,0.0,0.0,0.0,1505.75,True,False,none
PR003884,EMP0243,2026-08-23,2033.82,305.07,122.03,126.1,29.49,0.0,0.0,0.0,0.0,1451.13,True,False,none
PR003885,EMP0243,2026-09-06,2082.1,312.31,124.93,129.09,30.19,0.0,0.0,0.0,0.0,1485.58,True,False,none
PR003886,EMP0244,2026-03-31,1665.02,249.75,83.25,103.23,24.14,9.99,44.96,49.95,0.0,1154.7,True,False,none
PR003887,EMP0244,2026-04-15,1615.4,242.31,80.77,100.15,23.42,9.69,43.62,48.46,0.0,1120.29,True,False,none
PR003888,EMP0244,2026-04-30,1646.5,246.97,82.33,102.08,23.87,9.88,44.46,49.39,0.0,1141.86,True,False,none
PR003889,EMP0244,2026-05-15,1737.02,260.55,86.85,107.7,25.19,10.42,46.9,52.11,0.0,1204.62,True,False,none
PR003890,EMP0244,2026-05-31,1736.75,260.51,86.84,107.68,25.18,2.02,46.89,52.1,0.0,1204.44,True,False,none
PR003891,EMP0244,2026-06-15,1656.9,248.53,82.85,102.73,24.03,0.0,16.18,49.71,0.0,1149.05,True,False,none
PR003892,EMP0244,2026-06-30,1615.84,242.38,80.79,100.18,23.43,0.0,0.0,48.48,0.0,1120.58,True,False,none
PR003893,EMP0244,2026-07-15,1633.89,245.08,81.69,101.3,23.69,0.0,0.0,49.02,0.0,1133.11,True,False,none
PR003894,EMP0244,2026-07-31,1662.2,249.33,83.11,103.06,24.1,0.0,0.0,49.87,0.0,1152.73,True,False,none
PR003895,EMP0244,2026-08-15,1735.97,260.4,86.8,107.63,25.17,0.0,0.0,52.08,0.0,1203.89,True,False,none
PR003896,EMP0244,2026-08-31,1628.86,244.33,81.44,100.99,23.62,0.0,0.0,48.87,0.0,1129.61,True,False,none
PR003897,EMP0245,2026-03-29,675.34,101.3,33.77,41.87,9.79,4.05,18.23,19.58,0.0,469.03,True,False,none
PR003898,EMP0245,2026-04-05,641.03,96.15,32.05,39.74,9.29,3.85,17.31,18.59,0.0,445.21,True,False,none
PR003899,EMP0245,2026-04-12,686.75,103.01,75.55,42.58,9.96,4.12,18.54,19.92,0.0,476.94,True,True,tax_miscalculation
PR003900,EMP0245,2026-04-19,655.33,98.3,32.77,40.63,9.5,3.93,17.69,19.0,0.0,455.13,True,False,none
PR003901,EMP0245,2026-04-26,675.95,101.39,33.8,41.91,9.8,4.06,18.25,19.6,0.0,469.45,True,False,none
PR003902,EMP0245,2026-05-03,653.28,97.99,32.66,40.5,9.47,3.92,17.64,18.95,0.0,453.71,True,False,none
PR003903,EMP0245,2026-05-10,668.22,100.23,33.41,41.43,9.69,4.01,18.04,19.38,0.0,464.08,True,False,none
PR003904,EMP0245,2026-05-17,645.39,96.81,32.27,40.01,9.36,3.87,17.43,18.72,0.0,448.22,True,False,none
PR003905,EMP0245,2026-05-24,642.98,96.45,32.15,39.86,9.32,3.86,17.36,18.65,0.0,446.55,True,False,none
PR003906,EMP0245,2026-05-31,684.49,102.67,34.22,42.44,9.93,4.11,18.48,19.85,0.0,475.38,True,False,none
PR003907,EMP0245,2026-06-07,683.42,102.51,34.17,42.37,9.91,2.23,18.45,19.82,0.0,474.64,True,False,none
PR003908,EMP0245,2026-06-14,681.83,102.27,34.09,42.27,9.89,0.0,18.41,19.77,0.0,473.54,True,False,none
PR003909,EMP0245,2026-06-21,668.1,100.22,33.41,41.42,9.69,0.0,18.04,19.37,0.0,463.99,True,False,none
PR003910,EMP0245,2026-06-28,677.68,101.65,33.88,42.02,9.83,0.0,9.12,19.65,0.0,470.65,True,False,none
PR003911,EMP0245,2026-07-05,638.95,95.84,31.95,39.61,9.26,0.0,0.0,18.53,0.0,443.76,True,False,none
PR003912,EMP0245,2026-07-12,652.88,97.93,32.64,40.48,9.47,0.0,0.0,18.93,0.0,453.43,True,False,none
PR003913,EMP0245,2026-07-19,651.77,97.77,32.59,40.41,9.45,0.0,0.0,18.9,0.0,452.65,True,False,none
PR003914,EMP0245,2026-07-26,668.64,100.3,33.43,41.46,9.7,0.0,0.0,19.39,0.0,464.36,True,False,none
PR003915,EMP0245,2026-08-02,653.98,98.1,32.7,40.55,9.48,0.0,0.0,18.97,0.0,454.18,True,False,none
PR003916,EMP0245,2026-08-09,643.11,96.47,32.16,39.87,9.33,0.0,0.0,18.65,0.0,446.63,True,False,none
PR003917,EMP0245,2026-08-16,666.59,99.99,33.33,41.33,9.67,0.0,0.0,19.33,0.0,462.94,True,False,none
PR003918,EMP0245,2026-08-23,678.01,101.7,33.9,42.04,9.83,0.0,0.0,19.66,0.0,470.88,True,False,none
PR003919,EMP0245,2026-08-30,655.36,98.3,32.77,40.63,9.5,0.0,0.0,19.01,0.0,455.15,True,False,none
PR003920,EMP0245,2026-09-06,642.26,96.34,32.11,39.82,9.31,0.0,0.0,18.63,0.0,446.05,True,False,none
PR003921,EMP0245,2026-09-13,645.64,96.85,32.28,40.03,9.36,0.0,0.0,18.72,0.0,448.4,True,False,none
PR003922,EMP0246,2026-03-31,4499.11,674.87,0.0,278.94,65.24,26.99,121.48,0.0,0.0,3480.06,True,False,none
PR003923,EMP0246,2026-04-15,4521.82,678.27,0.0,280.35,65.57,15.01,121.52,0.0,0.0,3497.63,True,False,none
PR003924,EMP0246,2026-04-30,4646.62,696.99,0.0,288.09,67.38,0.0,0.0,0.0,0.0,3594.16,True,False,none
PR003925,EMP0246,2026-05-15,4631.39,694.71,0.0,287.15,67.16,0.0,0.0,0.0,0.0,3582.37,True,False,none
PR003926,EMP0246,2026-05-31,4666.01,699.9,0.0,289.29,67.66,0.0,0.0,0.0,0.0,3609.16,True,False,none
PR003927,EMP0246,2026-06-15,4544.61,681.69,0.0,281.77,65.9,0.0,0.0,0.0,0.0,3515.25,True,False,none
PR003928,EMP0246,2026-06-30,4712.56,706.88,0.0,292.18,68.33,0.0,0.0,0.0,0.0,3645.17,True,False,none
PR003929,EMP0246,2026-07-15,4486.96,673.04,0.0,278.19,65.06,0.0,0.0,0.0,0.0,3470.67,False,True,late_journal_posting
PR003930,EMP0246,2026-07-31,4583.38,687.51,0.0,284.17,66.46,0.0,0.0,0.0,0.0,3545.24,True,False,none
PR003931,EMP0246,2026-08-15,4704.17,705.63,0.0,291.66,68.21,0.0,0.0,0.0,0.0,3638.67,True,False,none
PR003932,EMP0246,2026-08-31,4478.25,671.74,0.0,277.65,64.93,0.0,0.0,0.0,0.0,3463.93,True,False,none
PR003933,EMP0247,2026-04-05,1507.5,226.12,90.45,93.47,21.86,9.04,40.7,78.39,0.0,997.21,True,False,none
PR003934,EMP0247,2026-04-19,1602.84,240.43,96.17,99.38,23.24,9.62,43.28,83.35,0.0,1060.27,True,False,none
PR003935,EMP0247,2026-05-03,1536.21,230.43,92.17,95.25,22.28,9.22,41.48,79.88,0.0,1016.2,True,False,none
PR003936,EMP0247,2026-05-17,1578.22,236.73,94.69,97.85,22.88,9.47,42.61,82.07,0.0,1044.0,True,False,none
PR003937,EMP0247,2026-05-31,1497.08,224.56,89.82,92.82,21.71,4.65,40.42,77.85,0.0,990.32,True,False,none
PR003938,EMP0247,2026-06-14,1578.98,236.85,94.74,97.9,22.9,0.0,34.51,82.11,0.0,1044.48,True,False,none
PR003939,EMP0247,2026-06-28,1532.91,229.94,91.97,95.04,22.23,0.0,0.0,79.71,0.0,1014.02,True,False,none
PR003940,EMP0247,2026-07-12,1500.83,225.12,90.05,93.05,21.76,0.0,0.0,78.04,0.0,992.81,True,False,none
PR003941,EMP0247,2026-07-26,1569.1,235.36,94.15,97.28,22.75,0.0,0.0,81.59,0.0,1037.97,True,False,none
PR003942,EMP0247,2026-08-09,1523.63,228.54,91.42,94.47,22.09,0.0,0.0,79.23,0.0,1007.88,True,False,none
PR003943,EMP0247,2026-08-23,1541.62,231.24,92.5,95.58,22.35,0.0,0.0,80.16,0.0,1019.79,True,False,none
PR003944,EMP0247,2026-09-06,1503.89,225.58,90.23,93.24,21.81,0.0,0.0,78.2,0.0,994.83,True,False,none
PR003945,EMP0248,2026-03-29,2406.68,361.0,144.4,149.21,34.9,14.44,64.98,52.95,0.0,1664.22,True,False,none
PR003946,EMP0248,2026-04-05,2436.26,365.44,146.18,151.05,35.33,14.62,65.78,53.6,0.0,1684.66,True,False,none
PR003947,EMP0248,2026-04-12,2395.43,359.31,143.73,148.52,34.73,12.94,64.68,52.7,0.0,1656.44,True,False,none
PR003948,EMP0248,2026-04-19,2556.44,383.47,153.39,158.5,37.07,0.0,47.56,56.24,0.0,1767.77,True,False,none
PR003949,EMP0248,2026-04-26,2379.01,356.85,142.74,147.5,34.5,0.0,0.0,52.34,0.0,1645.08,True,False,none
PR003950,EMP0248,2026-05-03,2472.71,370.91,148.36,153.31,35.85,0.0,0.0,54.4,0.0,1709.88,True,False,none
PR003951,EMP0248,2026-05-10,2401.99,360.3,144.12,74.46,34.83,0.0,0.0,52.84,0.0,1660.98,True,True,tax_miscalculation
PR003952,EMP0248,2026-05-17,2438.16,365.72,146.29,151.17,35.35,0.0,0.0,53.64,0.0,1685.99,True,False,none
PR003953,EMP0248,2026-05-24,2559.43,383.91,153.57,158.68,37.11,0.0,0.0,56.31,0.0,1769.85,True,False,none
PR003954,EMP0248,2026-05-31,2409.53,361.43,144.57,149.39,34.94,0.0,0.0,53.01,0.0,1666.19,True,False,none
PR003955,EMP0248,2026-06-07,2567.23,385.08,154.03,159.17,37.22,0.0,0.0,56.48,0.0,1775.25,True,False,none
PR003956,EMP0248,2026-06-14,2418.18,362.73,145.09,149.93,35.06,0.0,0.0,53.2,0.0,1672.17,True,False,none
PR003957,EMP0248,2026-06-21,2523.25,378.49,151.39,156.44,36.59,0.0,0.0,55.51,0.0,1744.83,True,False,none
PR003958,EMP0248,2026-06-28,2485.03,372.75,149.1,154.07,36.03,0.0,0.0,54.67,0.0,1718.41,True,False,none
PR003959,EMP0248,2026-07-05,2551.28,382.69,153.08,158.18,36.99,0.0,0.0,56.13,0.0,1764.21,True,False,none
PR003960,EMP0248,2026-07-12,2486.47,372.97,149.19,154.16,36.05,0.0,0.0,54.7,0.0,1719.4,True,False,none
PR003961,EMP0248,2026-07-19,2482.65,372.4,148.96,153.92,36.0,0.0,0.0,54.62,0.0,1716.75,True,False,none
PR003962,EMP0248,2026-07-26,2416.15,362.42,144.97,149.8,35.03,0.0,0.0,53.16,0.0,1670.77,True,False,none
PR003963,EMP0248,2026-08-02,2410.42,361.56,144.63,149.45,34.95,0.0,0.0,53.03,0.0,1666.8,True,False,none
PR003964,EMP0248,2026-08-09,2557.55,383.63,153.45,158.57,37.08,0.0,0.0,56.27,0.0,1768.55,True,False,none
PR003965,EMP0248,2026-08-16,2442.11,366.32,146.53,151.41,35.41,0.0,0.0,53.73,0.0,1688.71,True,False,none
PR003966,EMP0248,2026-08-23,2450.79,367.62,147.05,151.95,35.54,0.0,0.0,53.92,0.0,1694.71,True,False,none
PR003967,EMP0248,2026-08-30,2526.83,379.02,151.61,78.33,36.64,0.0,0.0,55.59,0.0,1747.31,True,True,tax_miscalculation
PR003968,EMP0248,2026-09-06,2444.27,366.64,146.66,151.54,35.44,0.0,0.0,53.77,0.0,1690.22,True,False,none
PR003969,EMP0248,2026-09-13,2564.53,384.68,153.87,159.0,37.19,0.0,0.0,56.42,0.0,1773.37,True,False,none
PR003970,EMP0249,2026-03-31,5318.17,797.73,0.0,329.73,77.11,31.91,143.59,0.0,0.0,4113.6,True,True,duplicate_deduction
PR003971,EMP0249,2026-04-15,5260.09,789.01,0.0,326.13,76.27,10.09,99.41,0.0,0.0,4068.68,True,False,none
PR003972,EMP0249,2026-04-30,5377.28,806.59,0.0,333.39,77.97,0.0,0.0,0.0,0.0,4159.33,True,False,none
PR003973,EMP0249,2026-05-15,5033.59,755.04,0.0,312.08,72.99,0.0,0.0,0.0,0.0,3893.48,True,False,none
PR003974,EMP0249,2026-05-31,5119.36,767.9,0.0,317.4,74.23,0.0,0.0,0.0,0.0,3959.83,True,False,none
PR003975,EMP0249,2026-06-15,5205.35,780.8,0.0,322.73,75.48,0.0,0.0,0.0,0.0,4026.34,True,False,none
PR003976,EMP0249,2026-06-30,5106.92,766.04,0.0,316.63,74.05,0.0,0.0,0.0,0.0,3950.2,True,False,none
PR003977,EMP0249,2026-07-15,5320.65,798.1,0.0,329.88,77.15,0.0,0.0,0.0,0.0,4115.52,True,False,none
PR003978,EMP0249,2026-07-31,5393.13,808.97,0.0,334.37,78.2,0.0,0.0,0.0,0.0,4171.59,True,False,none
PR003979,EMP0249,2026-08-15,5188.29,778.24,0.0,321.67,75.23,0.0,0.0,0.0,0.0,4013.15,True,False,none
PR003980,EMP0249,2026-08-31,5154.53,1237.09,0.0,319.58,74.74,0.0,0.0,0.0,0.0,3987.03,True,True,tax_miscalculation
PR003981,EMP0250,2026-03-31,2785.24,417.79,139.26,172.68,40.39,16.71,75.2,89.13,0.0,1925.99,True,False,none
PR003982,EMP0250,2026-04-15,2675.27,401.29,133.76,165.87,38.79,16.05,72.23,85.61,0.0,1849.95,True,False,none
PR003983,EMP0250,2026-04-30,2684.67,402.7,134.23,166.45,38.93,9.24,72.49,85.91,0.0,1856.45,True,False,none
PR003984,EMP0250,2026-05-15,2655.43,398.31,132.77,164.64,38.5,0.0,23.08,84.97,0.0,1836.24,True,False,none
PR003985,EMP0250,2026-05-31,2774.17,416.13,138.71,172.0,40.23,0.0,0.0,88.77,177.54,1918.33,True,True,duplicate_deduction
PR003986,EMP0250,2026-06-15,2701.68,405.25,135.08,167.5,39.17,0.0,0.0,86.45,0.0,1868.23,True,False,none
PR003987,EMP0250,2026-06-30,2742.8,411.42,137.14,170.05,39.77,0.0,0.0,87.77,0.0,1896.65,True,False,none
PR003988,EMP0250,2026-07-15,2753.37,413.01,137.67,170.71,39.92,0.0,0.0,88.11,0.0,1903.95,True,False,none
PR003989,EMP0250,2026-07-31,2653.34,398.0,132.67,164.51,38.47,0.0,0.0,84.91,0.0,1834.78,True,False,none
PR003990,EMP0250,2026-08-15,2672.89,400.93,133.64,82.86,38.76,0.0,0.0,85.53,0.0,1848.31,True,True,tax_miscalculation
PR003991,EMP0250,2026-08-31,2761.17,414.18,138.06,171.19,40.04,0.0,0.0,88.36,0.0,1909.34,True,False,none
PR003992,EMP0251,2026-04-05,4254.89,638.23,212.74,263.8,61.7,25.53,114.88,353.16,0.0,2725.26,True,False,none
PR003993,EMP0251,2026-04-19,4401.63,660.24,220.08,272.9,63.82,16.47,118.84,365.34,0.0,2819.25,True,False,none
PR003994,EMP0251,2026-05-03,4451.74,667.76,222.59,276.01,64.55,0.0,9.27,369.49,0.0,2851.34,True,False,none
PR003995,EMP0251,2026-05-17,4343.46,651.52,217.17,269.29,62.98,0.0,0.0,360.51,0.0,2781.99,True,False,none
PR003996,EMP0251,2026-05-31,4383.81,657.57,219.19,271.8,63.57,0.0,0.0,363.86,0.0,2807.82,True,False,none
PR003997,EMP0251,2026-06-14,4405.44,660.82,220.27,273.14,63.88,0.0,0.0,365.65,0.0,2821.68,True,False,none
PR003998,EMP0251,2026-06-28,4419.04,662.86,220.95,273.98,64.08,0.0,0.0,366.78,0.0,2830.39,True,False,none
PR003999,EMP0251,2026-07-12,4265.73,639.86,213.29,264.48,61.85,0.0,0.0,354.06,0.0,2732.19,True,False,none
PR004000,EMP0251,2026-07-26,4148.6,622.29,207.43,257.21,60.15,0.0,0.0,344.33,0.0,2657.19,True,False,none
PR004001,EMP0251,2026-08-09,4268.05,640.21,213.4,264.62,61.89,0.0,0.0,354.25,0.0,2733.68,True,False,none
PR004002,EMP0251,2026-08-23,4360.69,654.1,218.03,270.36,63.23,0.0,0.0,361.94,0.0,2793.03,True,False,none
PR004003,EMP0251,2026-09-06,4284.57,642.69,214.23,265.64,62.13,0.0,0.0,355.62,0.0,2744.26,True,False,none
PR004004,EMP0252,2026-04-05,5195.31,779.3,0.0,322.11,75.33,31.17,140.27,0.0,0.0,4018.57,True,False,none
PR004005,EMP0252,2026-04-19,5037.13,755.57,0.0,312.3,73.04,10.83,102.73,0.0,0.0,3896.22,True,False,none
PR004006,EMP0252,2026-05-03,5149.22,772.38,0.0,319.25,74.66,0.0,0.0,0.0,0.0,3982.93,True,False,none
PR004007,EMP0252,2026-05-17,4968.3,745.25,0.0,308.03,72.04,0.0,0.0,0.0,0.0,3842.98,True,False,none
PR004008,EMP0252,2026-05-31,5195.48,779.32,0.0,322.12,75.33,0.0,0.0,0.0,0.0,4018.71,True,False,none
PR004009,EMP0252,2026-06-14,5113.28,766.99,0.0,317.02,74.14,0.0,0.0,0.0,0.0,3955.13,True,False,none
PR004010,EMP0252,2026-06-28,4975.42,746.31,0.0,308.48,72.14,0.0,0.0,0.0,0.0,3848.49,True,False,none
PR004011,EMP0252,2026-07-12,5010.87,751.63,0.0,310.67,72.66,0.0,0.0,0.0,0.0,3875.91,True,False,none
PR004012,EMP0252,2026-07-26,5195.17,779.28,0.0,322.1,75.33,0.0,0.0,0.0,0.0,4018.46,True,False,none
PR004013,EMP0252,2026-08-09,5087.82,763.17,0.0,315.44,73.77,0.0,0.0,0.0,0.0,3935.44,True,False,none
PR004014,EMP0252,2026-08-23,4980.25,747.04,0.0,308.78,72.21,0.0,0.0,0.0,0.0,3852.22,True,False,none
PR004015,EMP0252,2026-09-06,5283.41,792.51,0.0,327.57,76.61,0.0,0.0,0.0,0.0,4086.72,True,False,none
PR004016,EMP0253,2026-03-29,2272.96,340.94,0.0,140.92,32.96,13.64,61.37,227.3,0.0,1530.84,True,False,none
PR004017,EMP0253,2026-04-05,2315.8,347.37,0.0,143.58,33.58,13.89,62.53,231.58,0.0,1559.69,True,False,none
PR004018,EMP0253,2026-04-12,2221.97,333.3,0.0,137.76,32.22,13.33,59.99,222.2,0.0,1496.49,True,True,tax_miscalculation
PR004019,EMP0253,2026-04-19,2230.47,334.57,0.0,138.29,32.34,1.14,59.11,223.05,0.0,1502.22,True,False,none
PR004020,EMP0253,2026-04-26,2305.32,345.8,0.0,142.93,33.43,0.0,0.0,230.53,0.0,1552.63,True,False,none
PR004021,EMP0253,2026-05-03,2239.31,335.9,0.0,138.84,32.47,0.0,0.0,223.93,0.0,1508.17,True,False,none
PR004022,EMP0253,2026-05-10,2271.57,340.74,0.0,140.84,32.94,0.0,0.0,227.16,0.0,1529.89,True,False,none
PR004023,EMP0253,2026-05-17,2191.01,328.65,0.0,135.84,31.77,0.0,0.0,219.1,0.0,1475.65,True,False,none
PR004024,EMP0253,2026-05-24,2225.45,333.82,0.0,137.98,32.27,0.0,0.0,222.54,0.0,1498.84,True,False,none
PR004025,EMP0253,2026-05-31,2168.22,325.23,0.0,134.43,31.44,0.0,0.0,216.82,0.0,1460.3,True,False,none
PR004026,EMP0253,2026-06-07,2182.83,327.42,0.0,135.34,31.65,0.0,0.0,218.28,0.0,1470.14,True,False,none
PR004027,EMP0253,2026-06-14,2146.54,321.98,0.0,133.09,31.12,0.0,0.0,214.65,0.0,1445.7,True,False,none
PR004028,EMP0253,2026-06-21,2153.32,323.0,0.0,133.51,31.22,0.0,0.0,215.33,0.0,1450.26,True,False,none
PR004029,EMP0253,2026-06-28,2319.37,347.91,0.0,143.8,33.63,0.0,0.0,231.94,0.0,1562.09,True,False,none
PR004030,EMP0253,2026-07-05,2189.27,328.39,0.0,135.73,31.74,0.0,0.0,218.93,0.0,1474.48,True,False,none
PR004031,EMP0253,2026-07-12,2263.79,339.57,0.0,140.35,32.82,0.0,0.0,226.38,0.0,1524.67,True,False,none
PR004032,EMP0253,2026-07-19,2294.91,344.24,0.0,142.28,33.28,0.0,0.0,229.49,0.0,1545.62,True,False,none
PR004033,EMP0253,2026-07-26,2243.85,336.58,0.0,139.12,32.54,0.0,0.0,224.38,0.0,1511.23,True,False,none
PR004034,EMP0253,2026-08-02,2173.48,326.02,0.0,134.76,31.52,0.0,0.0,217.35,0.0,1463.83,True,False,none
PR004035,EMP0253,2026-08-09,2275.26,341.29,0.0,141.07,32.99,0.0,0.0,227.53,0.0,1532.38,True,False,none
PR004036,EMP0253,2026-08-16,2252.62,337.89,0.0,139.66,32.66,0.0,0.0,225.26,0.0,1517.15,True,False,none
PR004037,EMP0253,2026-08-23,2275.81,341.37,0.0,141.1,33.0,0.0,0.0,227.58,0.0,1532.76,True,False,none
PR004038,EMP0253,2026-08-30,2282.63,342.39,0.0,141.52,33.1,0.0,0.0,228.26,0.0,1537.36,True,False,none
PR004039,EMP0253,2026-09-06,2319.04,347.86,0.0,143.78,33.63,0.0,0.0,231.9,0.0,1561.87,True,False,none
PR004040,EMP0253,2026-09-13,2247.9,337.19,0.0,139.37,32.59,0.0,0.0,224.79,0.0,1513.96,True,False,none
PR004041,EMP0254,2026-04-05,2449.98,367.5,98.0,151.9,35.52,14.7,66.15,0.0,0.0,1797.06,True,False,none
PR004042,EMP0254,2026-04-19,2510.28,376.54,100.41,155.64,36.4,15.06,67.78,0.0,0.0,1841.29,True,False,none
PR004043,EMP0254,2026-05-03,2396.29,359.44,95.85,148.57,34.75,12.24,64.7,0.0,0.0,1757.68,True,False,none
PR004044,EMP0254,2026-05-17,2559.2,383.88,102.37,158.67,37.11,0.0,44.37,0.0,0.0,1877.17,True,False,none
PR004045,EMP0254,2026-05-31,2406.3,360.94,96.25,149.19,34.89,0.0,0.0,0.0,0.0,1765.03,True,False,none
PR004046,EMP0254,2026-06-14,2447.27,367.09,97.89,151.73,35.49,0.0,0.0,0.0,0.0,1795.07,True,False,none
PR004047,EMP0254,2026-06-28,2543.15,381.47,101.73,157.68,36.88,0.0,0.0,0.0,0.0,1865.39,True,False,none
PR004048,EMP0254,2026-07-12,2500.22,375.03,100.01,155.01,36.25,0.0,0.0,0.0,0.0,1833.92,True,False,none
PR004049,EMP0254,2026-07-26,2460.2,369.03,98.41,152.53,35.67,0.0,0.0,0.0,0.0,1804.56,True,False,none
PR004050,EMP0254,2026-08-09,2475.88,371.38,99.04,153.5,35.9,0.0,0.0,0.0,0.0,1816.06,True,False,none
PR004051,EMP0254,2026-08-23,2550.78,382.62,102.03,158.15,36.99,0.0,0.0,0.0,0.0,1870.99,True,False,none
PR004052,EMP0254,2026-09-06,2449.66,367.45,97.99,151.88,35.52,0.0,0.0,0.0,0.0,1796.82,True,False,none
PR004053,EMP0255,2026-04-05,2081.17,312.18,0.0,129.03,30.18,12.49,56.19,197.71,0.0,1412.07,True,False,none
PR004054,EMP0255,2026-04-19,1956.01,293.4,0.0,121.27,28.36,11.74,52.81,185.82,0.0,1327.16,True,False,none
PR004055,EMP0255,2026-05-03,2066.3,309.94,0.0,128.11,29.96,12.4,55.79,196.3,0.0,1401.99,True,False,none
PR004056,EMP0255,2026-05-17,2077.63,311.64,0.0,128.81,30.13,5.38,56.1,197.37,0.0,1409.68,True,False,none
PR004057,EMP0255,2026-05-31,1971.01,295.65,0.0,122.2,28.58,0.0,22.11,187.25,0.0,1337.33,True,False,none
PR004058,EMP0255,2026-06-14,2010.81,301.62,0.0,124.67,29.16,0.0,0.0,191.03,0.0,1364.33,True,False,none
PR004059,EMP0255,2026-06-28,1968.4,295.26,0.0,122.04,28.54,0.0,0.0,187.0,0.0,1335.56,True,False,none
PR004060,EMP0255,2026-07-12,2055.06,308.26,0.0,127.41,29.8,0.0,0.0,195.23,0.0,1394.36,True,False,none
PR004061,EMP0255,2026-07-26,2027.63,304.14,0.0,125.71,29.4,0.0,0.0,192.62,0.0,1375.76,True,False,none
PR004062,EMP0255,2026-08-09,2043.64,306.55,0.0,126.71,29.63,0.0,0.0,194.15,0.0,1386.6,True,False,none
PR004063,EMP0255,2026-08-23,1973.36,296.0,0.0,122.35,28.61,0.0,0.0,187.47,0.0,1338.93,True,False,none
PR004064,EMP0255,2026-09-06,1975.8,296.37,0.0,122.5,28.65,0.0,0.0,187.7,0.0,1340.58,True,False,none
PR004065,EMP0256,2026-03-31,4995.25,749.29,299.71,309.71,72.43,29.97,134.87,0.0,0.0,3564.11,True,False,none
PR004066,EMP0256,2026-04-15,5110.45,766.57,306.63,316.85,74.1,12.03,108.13,0.0,0.0,3646.3,True,False,none
PR004067,EMP0256,2026-04-30,5208.03,781.2,312.48,322.9,75.52,0.0,0.0,0.0,0.0,3715.93,True,False,none
PR004068,EMP0256,2026-05-15,5330.46,799.57,319.83,330.49,77.29,0.0,0.0,0.0,0.0,3803.28,True,False,none
PR004069,EMP0256,2026-05-31,5252.04,787.81,315.12,325.63,76.15,0.0,0.0,0.0,0.0,3747.33,True,False,none
PR004070,EMP0256,2026-06-15,5156.98,773.55,309.42,319.73,74.78,0.0,0.0,0.0,0.0,3679.5,True,False,none
PR004071,EMP0256,2026-06-30,5369.54,805.43,322.17,332.91,77.86,0.0,0.0,0.0,0.0,3831.17,True,False,none
PR004072,EMP0256,2026-07-15,5273.52,791.03,316.41,326.96,76.47,0.0,0.0,0.0,0.0,3762.65,True,False,none
PR004073,EMP0256,2026-07-31,5360.12,804.02,321.61,332.33,77.72,0.0,0.0,0.0,0.0,3824.44,True,False,none
PR004074,EMP0256,2026-08-15,5194.83,779.22,311.69,322.08,75.33,0.0,0.0,0.0,0.0,3706.51,True,True,duplicate_deduction
PR004075,EMP0256,2026-08-31,5084.51,762.68,305.07,315.24,73.73,0.0,0.0,0.0,0.0,3627.79,True,False,none
PR004076,EMP0257,2026-03-29,2696.49,404.47,107.86,167.18,39.1,16.18,72.81,0.0,0.0,1977.88,True,False,none
PR004077,EMP0257,2026-04-05,2845.57,426.84,113.82,176.43,41.26,17.07,76.83,0.0,0.0,2087.22,True,False,none
PR004078,EMP0257,2026-04-12,2711.65,406.75,108.47,168.12,39.32,8.75,73.21,0.0,0.0,1988.99,True,False,none
PR004079,EMP0257,2026-04-19,2751.84,412.78,110.07,170.61,39.9,0.0,20.15,0.0,0.0,2018.48,True,False,none
PR004080,EMP0257,2026-04-26,2802.7,420.4,112.11,173.77,40.64,0.0,0.0,0.0,0.0,2055.78,True,False,none
PR004081,EMP0257,2026-05-03,2809.77,421.47,112.39,174.21,40.74,0.0,0.0,0.0,0.0,2060.96,True,False,none
PR004082,EMP0257,2026-05-10,2817.78,422.67,112.71,174.7,40.86,0.0,0.0,0.0,0.0,2066.84,True,False,none
PR004083,EMP0257,2026-05-17,2721.61,408.24,108.86,168.74,39.46,0.0,0.0,0.0,0.0,1996.31,True,False,none
PR004084,EMP0257,2026-05-24,2768.88,415.33,110.76,171.67,40.15,0.0,0.0,0.0,0.0,2030.97,True,False,none
PR004085,EMP0257,2026-05-31,2821.46,423.22,112.86,174.93,40.91,0.0,0.0,0.0,0.0,2069.54,True,False,none
PR004086,EMP0257,2026-06-07,2899.54,434.93,115.98,179.77,42.04,0.0,0.0,0.0,0.0,2126.82,True,False,none
PR004087,EMP0257,2026-06-14,2845.91,426.89,113.84,176.45,41.27,0.0,0.0,0.0,0.0,2087.46,True,False,none
PR004088,EMP0257,2026-06-21,2889.08,433.36,115.56,179.12,41.89,0.0,0.0,0.0,0.0,2119.15,True,False,none
PR004089,EMP0257,2026-06-28,2853.57,428.04,114.14,176.92,41.38,0.0,0.0,0.0,0.0,2093.09,True,False,none
PR004090,EMP0257,2026-07-05,2815.82,422.37,112.63,174.58,40.83,0.0,0.0,0.0,0.0,2065.41,True,False,none
PR004091,EMP0257,2026-07-12,2727.31,409.1,109.09,169.09,39.55,0.0,0.0,0.0,0.0,2000.48,True,False,none
PR004092,EMP0257,2026-07-19,2832.42,424.86,113.3,175.61,41.07,0.0,0.0,0.0,0.0,2077.58,True,False,none
PR004093,EMP0257,2026-07-26,2822.83,423.42,112.91,175.02,40.93,0.0,0.0,0.0,0.0,2070.55,True,False,none
PR004094,EMP0257,2026-08-02,2818.2,422.73,112.73,174.73,40.86,0.0,0.0,0.0,0.0,2067.15,True,False,none
PR004095,EMP0257,2026-08-09,2793.25,418.99,111.73,173.18,40.5,0.0,0.0,0.0,0.0,2048.85,True,False,none
PR004096,EMP0257,2026-08-16,2801.85,420.28,112.07,173.71,40.63,0.0,0.0,0.0,0.0,2055.16,True,False,none
PR004097,EMP0257,2026-08-23,2758.85,413.83,110.35,171.05,40.0,0.0,0.0,0.0,0.0,2023.62,True,False,none
PR004098,EMP0257,2026-08-30,2799.78,419.97,111.99,173.59,40.6,0.0,0.0,0.0,0.0,2053.63,True,False,none
PR004099,EMP0257,2026-09-06,2728.54,409.28,109.14,169.17,39.56,0.0,0.0,0.0,0.0,2001.39,True,False,none
PR004100,EMP0257,2026-09-13,2863.08,429.46,114.52,177.51,41.51,0.0,0.0,0.0,0.0,2100.08,True,False,none
PR004101,EMP0258,2026-03-29,1489.15,223.37,74.46,92.33,21.59,8.93,40.21,84.88,0.0,992.52,True,True,wage_base_cap_error
PR004102,EMP0258,2026-04-05,1476.95,221.54,73.85,91.57,21.42,8.86,39.88,84.19,0.0,984.38,True,False,none
PR004103,EMP0258,2026-04-12,1519.44,227.92,75.97,94.21,22.03,9.12,41.02,86.61,0.0,1012.7,True,False,none
PR004104,EMP0258,2026-04-19,1546.3,231.94,77.31,95.87,22.42,9.28,41.75,88.14,0.0,1030.62,True,False,none
PR004105,EMP0258,2026-04-26,1519.62,227.94,75.98,94.22,22.03,5.81,41.03,86.62,0.0,1012.83,True,False,none
PR004106,EMP0258,2026-05-03,1500.15,225.02,75.01,93.01,21.75,0.0,39.11,85.51,0.0,999.85,True,False,none
PR004107,EMP0258,2026-05-10,1534.19,230.13,76.71,95.12,22.25,0.0,0.0,87.45,0.0,1022.53,True,False,none
PR004108,EMP0258,2026-05-17,1508.65,226.3,75.43,93.54,21.88,0.0,0.0,85.99,0.0,1005.51,True,False,none
PR004109,EMP0258,2026-05-24,1579.52,236.93,78.98,97.93,22.9,0.0,0.0,90.03,0.0,1052.75,True,False,none
PR004110,EMP0258,2026-05-31,1578.28,236.74,78.91,97.85,22.89,0.0,0.0,89.96,0.0,1051.93,True,False,none
PR004111,EMP0258,2026-06-07,1527.44,229.12,76.37,94.7,22.15,0.0,0.0,87.06,0.0,1018.04,True,False,none
PR004112,EMP0258,2026-06-14,1506.34,225.95,75.32,93.39,21.84,0.0,0.0,85.86,0.0,1003.98,True,False,none
PR004113,EMP0258,2026-06-21,1555.84,233.38,77.79,96.46,22.56,0.0,0.0,88.68,0.0,1036.97,True,False,none
PR004114,EMP0258,2026-06-28,1471.11,220.67,73.56,91.21,21.33,0.0,0.0,83.85,0.0,980.49,True,False,none
PR004115,EMP0258,2026-07-05,1524.1,228.61,76.2,94.49,22.1,0.0,0.0,86.87,0.0,1015.83,True,False,none
PR004116,EMP0258,2026-07-12,1507.36,226.1,75.37,93.46,21.86,0.0,0.0,85.92,0.0,1004.65,True,False,none
PR004117,EMP0258,2026-07-19,1578.02,236.7,78.9,97.84,22.88,0.0,0.0,89.95,0.0,1051.75,True,False,none
PR004118,EMP0258,2026-07-26,1468.13,220.22,73.41,91.02,21.29,0.0,0.0,83.68,0.0,978.51,True,False,none
PR004119,EMP0258,2026-08-02,1533.54,230.03,76.68,95.08,22.24,0.0,0.0,87.41,0.0,1022.1,True,False,none
PR004120,EMP0258,2026-08-09,1556.27,233.44,77.81,96.49,22.57,0.0,0.0,88.71,0.0,1037.25,True,False,none
PR004121,EMP0258,2026-08-16,1525.34,228.8,76.27,94.57,22.12,0.0,0.0,0.0,0.0,1016.64,True,True,missing_401k
PR004122,EMP0258,2026-08-23,1477.0,221.55,73.85,91.57,21.42,0.0,0.0,84.19,0.0,984.42,True,False,none
PR004123,EMP0258,2026-08-30,1584.31,237.65,79.22,98.23,22.97,0.0,0.0,90.31,0.0,1055.93,True,False,none
PR004124,EMP0258,2026-09-06,1529.33,229.4,76.47,94.82,22.18,0.0,0.0,87.17,0.0,1019.29,True,False,none
PR004125,EMP0258,2026-09-13,1540.97,231.15,77.05,95.54,22.34,0.0,0.0,87.84,0.0,1027.05,True,False,none
PR004126,EMP0259,2026-03-31,4933.71,740.06,0.0,305.89,71.54,29.6,133.21,266.42,0.0,3549.8,True,False,none
PR004127,EMP0259,2026-04-15,5032.25,754.84,0.0,312.0,72.97,12.4,109.79,271.74,0.0,3620.7,True,False,none
PR004128,EMP0259,2026-04-30,5010.56,751.58,0.0,310.65,72.65,0.0,0.0,270.57,0.0,3605.11,True,False,none
PR004129,EMP0259,2026-05-15,4869.17,730.38,0.0,301.89,70.6,0.0,0.0,262.94,0.0,3503.36,True,False,none
PR004130,EMP0259,2026-05-31,4881.65,732.25,0.0,302.66,70.78,0.0,0.0,263.61,0.0,3512.35,True,False,none
PR004131,EMP0259,2026-06-15,5173.52,776.03,0.0,320.76,75.02,0.0,0.0,279.37,0.0,3722.34,False,True,late_journal_posting
PR004132,EMP0259,2026-06-30,4934.99,740.25,0.0,305.97,71.56,0.0,0.0,266.49,0.0,3550.72,True,False,none
PR004133,EMP0259,2026-07-15,4917.09,737.56,0.0,304.86,71.3,0.0,0.0,265.52,0.0,3537.85,True,False,none
PR004134,EMP0259,2026-07-31,5040.79,756.12,0.0,312.53,73.09,0.0,0.0,272.2,0.0,3626.85,True,False,none
PR004135,EMP0259,2026-08-15,5146.09,771.91,0.0,319.06,74.62,0.0,0.0,277.89,0.0,3702.61,True,False,none
PR004136,EMP0259,2026-08-31,4864.0,729.6,0.0,301.57,70.53,0.0,0.0,262.66,0.0,3499.64,True,False,none
PR004137,EMP0260,2026-03-29,2680.58,402.09,0.0,166.2,38.87,16.08,72.38,0.0,0.0,2073.42,True,False,none
PR004138,EMP0260,2026-04-05,2584.01,387.6,0.0,160.21,37.47,15.5,69.77,0.0,0.0,1998.73,True,False,none
PR004139,EMP0260,2026-04-12,2566.55,384.98,0.0,159.13,37.21,10.41,69.3,0.0,0.0,1985.23,True,False,none
PR004140,EMP0260,2026-04-19,2569.98,385.5,0.0,159.34,37.26,0.0,31.56,0.0,0.0,1987.88,True,False,none
PR004141,EMP0260,2026-04-26,2734.89,410.23,0.0,169.56,39.66,0.0,0.0,0.0,0.0,2115.44,True,False,none
PR004142,EMP0260,2026-05-03,2583.75,387.56,0.0,160.19,37.46,0.0,0.0,0.0,0.0,1998.54,True,False,none
PR004143,EMP0260,2026-05-10,2568.38,385.26,0.0,159.24,37.24,0.0,0.0,0.0,0.0,1986.64,True,False,none
PR004144,EMP0260,2026-05-17,2651.27,397.69,0.0,164.38,38.44,0.0,0.0,0.0,0.0,2050.76,True,False,none
PR004145,EMP0260,2026-05-24,2736.97,410.55,0.0,169.69,39.69,0.0,0.0,0.0,0.0,2117.04,True,False,none
PR004146,EMP0260,2026-05-31,2614.23,392.13,0.0,162.08,37.91,0.0,0.0,0.0,0.0,2022.11,True,False,none
PR004147,EMP0260,2026-06-07,2647.85,397.18,0.0,164.17,38.39,0.0,0.0,0.0,0.0,2048.11,True,False,none
PR004148,EMP0260,2026-06-14,2567.28,385.09,0.0,159.17,37.23,0.0,0.0,0.0,0.0,1985.79,True,False,none
PR004149,EMP0260,2026-06-21,2653.63,398.04,0.0,164.53,38.48,0.0,0.0,0.0,0.0,2052.58,True,False,none
PR004150,EMP0260,2026-06-28,2680.75,402.11,0.0,166.21,38.87,0.0,0.0,0.0,0.0,2073.56,True,False,none
PR004151,EMP0260,2026-07-05,2679.34,401.9,0.0,166.12,38.85,0.0,0.0,0.0,0.0,2072.47,True,False,none
PR004152,EMP0260,2026-07-12,2629.01,394.35,0.0,163.0,38.12,0.0,0.0,0.0,0.0,2033.54,True,False,none
PR004153,EMP0260,2026-07-19,2625.44,393.82,0.0,162.78,38.07,0.0,0.0,0.0,0.0,2030.77,True,False,none
PR004154,EMP0260,2026-07-26,2581.35,387.2,0.0,160.04,37.43,0.0,0.0,0.0,0.0,1996.68,True,False,none
PR004155,EMP0260,2026-08-02,2636.26,395.44,0.0,163.45,38.23,0.0,0.0,0.0,0.0,2039.14,True,False,none
PR004156,EMP0260,2026-08-09,2579.85,386.98,0.0,159.95,37.41,0.0,0.0,0.0,0.0,1995.51,True,False,none
PR004157,EMP0260,2026-08-16,2720.63,408.09,0.0,168.68,39.45,0.0,0.0,0.0,0.0,2104.41,True,False,none
PR004158,EMP0260,2026-08-23,2762.77,414.42,0.0,171.29,40.06,0.0,0.0,0.0,0.0,2137.0,True,False,none
PR004159,EMP0260,2026-08-30,2763.58,414.54,0.0,171.34,40.07,0.0,0.0,0.0,0.0,2137.63,True,False,none
PR004160,EMP0260,2026-09-06,2741.42,411.21,0.0,169.97,39.75,0.0,0.0,0.0,0.0,2120.49,True,False,none
PR004161,EMP0260,2026-09-13,2685.64,402.85,0.0,166.51,38.94,0.0,0.0,0.0,0.0,2077.34,True,False,none
PR004162,EMP0261,2026-03-29,2545.45,381.82,0.0,157.82,36.91,15.27,68.73,160.36,0.0,1808.54,True,False,none
PR004163,EMP0261,2026-04-05,2462.96,369.44,0.0,152.7,35.71,14.78,66.5,155.17,0.0,1749.94,True,False,none
PR004164,EMP0261,2026-04-12,2531.54,379.73,0.0,156.96,36.71,11.95,68.35,159.49,0.0,1798.65,True,False,none
PR004165,EMP0261,2026-04-19,2496.79,374.52,0.0,154.8,36.2,0.0,39.42,157.3,0.0,1773.97,True,False,none
PR004166,EMP0261,2026-04-26,2502.02,375.3,0.0,155.13,36.28,0.0,0.0,157.63,0.0,1777.68,True,False,none
PR004167,EMP0261,2026-05-03,2556.75,383.51,0.0,158.52,37.07,0.0,0.0,161.08,0.0,1816.57,True,False,none
PR004168,EMP0261,2026-05-10,2462.31,369.35,0.0,152.66,35.7,0.0,0.0,155.13,0.0,1749.47,True,False,none
PR004169,EMP0261,2026-05-17,2469.48,370.42,0.0,153.11,35.81,0.0,0.0,155.58,0.0,1754.56,True,False,none
PR004170,EMP0261,2026-05-24,2589.86,388.48,0.0,160.57,37.55,0.0,0.0,163.16,0.0,1840.1,True,False,none
PR004171,EMP0261,2026-05-31,2417.52,362.63,0.0,149.89,35.05,0.0,0.0,152.3,0.0,1717.65,True,False,none
PR004172,EMP0261,2026-06-07,2502.74,375.41,0.0,155.17,36.29,0.0,0.0,157.67,0.0,1778.2,True,False,none
PR004173,EMP0261,2026-06-14,2587.51,388.13,0.0,160.43,37.52,0.0,0.0,163.01,0.0,1838.42,True,True,wage_base_cap_error
PR004174,EMP0261,2026-06-21,2527.49,379.12,0.0,156.7,36.65,0.0,0.0,159.23,0.0,1795.79,True,False,none
PR004175,EMP0261,2026-06-28,2514.8,377.22,0.0,155.92,36.46,0.0,0.0,158.43,0.0,1786.77,True,False,none
PR004176,EMP0261,2026-07-05,2455.92,368.39,0.0,152.27,35.61,0.0,0.0,154.72,0.0,1744.93,True,False,none
PR004177,EMP0261,2026-07-12,2474.49,371.17,0.0,153.42,35.88,0.0,0.0,155.89,0.0,1758.13,True,False,none
PR004178,EMP0261,2026-07-19,2575.46,386.32,0.0,159.68,37.34,0.0,0.0,162.25,0.0,1829.87,True,False,none
PR004179,EMP0261,2026-07-26,2517.34,377.6,0.0,156.08,36.5,0.0,0.0,158.59,0.0,1788.57,True,False,none
PR004180,EMP0261,2026-08-02,2508.52,376.28,0.0,155.53,36.37,0.0,0.0,158.04,0.0,1782.3,True,False,none
PR004181,EMP0261,2026-08-09,2426.12,363.92,0.0,150.42,35.18,0.0,0.0,152.85,0.0,1723.75,True,False,none
PR004182,EMP0261,2026-08-16,2409.54,361.43,0.0,149.39,34.94,0.0,0.0,151.8,0.0,1711.98,True,False,none
PR004183,EMP0261,2026-08-23,2597.61,389.64,0.0,161.05,37.67,0.0,0.0,163.65,0.0,1845.6,True,False,none
PR004184,EMP0261,2026-08-30,2481.18,372.18,0.0,153.83,35.98,0.0,0.0,156.31,0.0,1762.88,True,False,none
PR004185,EMP0261,2026-09-06,2526.07,378.91,0.0,156.62,36.63,0.0,0.0,159.14,0.0,1794.77,True,False,none
PR004186,EMP0261,2026-09-13,2422.18,363.33,0.0,150.18,35.12,0.0,0.0,152.6,0.0,1720.95,True,False,none
PR004187,EMP0262,2026-04-05,4604.95,690.74,0.0,285.51,66.77,27.63,124.33,437.47,0.0,3124.46,True,False,none
PR004188,EMP0262,2026-04-19,4694.63,704.19,0.0,291.07,68.07,14.37,118.67,445.99,0.0,3185.31,True,False,none
PR004189,EMP0262,2026-05-03,4566.32,684.95,0.0,283.11,66.21,0.0,0.0,433.8,0.0,3098.25,True,True,tax_miscalculation
PR004190,EMP0262,2026-05-17,4404.69,660.7,0.0,273.09,63.87,0.0,0.0,418.45,0.0,2988.58,True,False,none
PR004191,EMP0262,2026-05-31,4568.49,685.27,0.0,283.25,66.24,0.0,0.0,434.01,0.0,3099.72,True,False,none
PR004192,EMP0262,2026-06-14,4634.87,695.23,0.0,287.36,67.21,0.0,0.0,440.31,0.0,3144.76,True,False,none
PR004193,EMP0262,2026-06-28,4505.47,675.82,0.0,279.34,65.33,0.0,0.0,428.02,0.0,3056.96,True,False,none
PR004194,EMP0262,2026-07-12,4675.68,701.35,0.0,289.89,67.8,0.0,0.0,444.19,0.0,3172.45,True,False,none
PR004195,EMP0262,2026-07-26,4592.57,688.89,0.0,284.74,66.59,0.0,0.0,436.29,0.0,3116.06,True,False,none
PR004196,EMP0262,2026-08-09,4682.66,702.4,0.0,290.32,67.9,0.0,0.0,444.85,0.0,3177.19,True,False,none
PR004197,EMP0262,2026-08-23,4583.52,687.53,0.0,284.18,66.46,0.0,0.0,435.43,0.0,3109.92,True,False,none
PR004198,EMP0262,2026-09-06,4406.55,660.98,0.0,273.21,63.89,0.0,0.0,418.62,0.0,2989.85,True,False,none
PR004199,EMP0263,2026-03-31,1809.37,271.41,0.0,112.18,26.24,10.86,48.85,0.0,0.0,1399.54,True,False,none
PR004200,EMP0263,2026-04-15,1793.67,269.05,0.0,111.21,26.01,10.76,48.43,0.0,0.0,1387.4,True,False,none
PR004201,EMP0263,2026-04-30,1896.55,284.48,0.0,117.59,27.5,11.38,51.21,0.0,0.0,1466.98,True,False,none
PR004202,EMP0263,2026-05-15,1874.95,281.24,0.0,116.25,27.19,9.0,50.62,0.0,0.0,1450.27,True,False,none
PR004203,EMP0263,2026-05-31,1862.73,279.41,0.0,115.49,27.01,0.0,43.89,0.0,0.0,1440.82,True,False,none
PR004204,EMP0263,2026-06-15,1808.1,271.21,0.0,112.1,26.22,0.0,0.0,0.0,0.0,1398.57,True,False,none
PR004205,EMP0263,2026-06-30,1791.09,268.66,0.0,111.05,25.97,0.0,0.0,0.0,0.0,1385.41,True,False,none
PR004206,EMP0263,2026-07-15,1874.38,281.16,0.0,116.21,27.18,0.0,0.0,0.0,0.0,1449.83,True,False,none
PR004207,EMP0263,2026-07-31,1833.3,275.0,0.0,113.66,26.58,0.0,0.0,0.0,0.0,1418.06,True,False,none
PR004208,EMP0263,2026-08-15,1797.16,269.57,0.0,111.42,26.06,0.0,0.0,0.0,0.0,1390.11,True,False,none
PR004209,EMP0263,2026-08-31,1854.03,278.1,0.0,114.95,26.88,0.0,0.0,0.0,0.0,1434.1,True,False,none
PR004210,EMP0264,2026-04-05,5015.43,752.31,0.0,310.96,72.72,30.09,135.42,0.0,0.0,3879.44,True,False,none
PR004211,EMP0264,2026-04-19,5133.27,769.99,0.0,318.26,74.43,11.91,107.58,0.0,0.0,3970.59,True,False,none
PR004212,EMP0264,2026-05-03,5191.97,778.8,0.0,321.9,75.28,0.0,0.0,0.0,0.0,4015.99,True,False,none
PR004213,EMP0264,2026-05-17,5059.8,758.97,0.0,313.71,73.37,0.0,0.0,0.0,0.0,3913.75,True,False,none
PR004214,EMP0264,2026-05-31,5404.75,810.71,0.0,335.09,78.37,0.0,0.0,0.0,0.0,4180.58,True,False,none
PR004215,EMP0264,2026-06-14,5085.01,762.75,0.0,315.27,73.73,0.0,0.0,0.0,0.0,3933.26,True,False,none
PR004216,EMP0264,2026-06-28,5052.54,757.88,0.0,313.26,73.26,0.0,0.0,0.0,0.0,3908.14,True,False,none
PR004217,EMP0264,2026-07-12,5082.71,762.41,0.0,315.13,73.7,0.0,0.0,0.0,0.0,3931.47,True,False,none
PR004218,EMP0264,2026-07-26,5315.86,797.38,0.0,329.58,77.08,0.0,0.0,0.0,0.0,4111.82,True,False,none
PR004219,EMP0264,2026-08-09,5174.23,776.13,0.0,320.8,75.03,0.0,0.0,0.0,0.0,4002.27,True,False,none
PR004220,EMP0264,2026-08-23,5231.91,784.79,0.0,324.38,75.86,0.0,0.0,0.0,0.0,4046.88,True,False,none
PR004221,EMP0264,2026-09-06,5007.46,751.12,0.0,310.46,72.61,0.0,0.0,0.0,0.0,3873.27,True,False,none
PR004222,EMP0265,2026-03-31,3611.09,541.66,180.55,223.89,52.36,21.67,97.5,371.94,0.0,2240.69,True,False,none
PR004223,EMP0265,2026-04-15,3733.26,559.99,186.66,231.46,54.13,20.33,100.8,384.53,0.0,2316.49,True,False,none
PR004224,EMP0265,2026-04-30,3843.39,576.51,192.17,238.29,55.73,0.0,44.7,395.87,0.0,2384.82,True,False,none
PR004225,EMP0265,2026-05-15,3863.76,579.56,193.19,239.55,56.02,0.0,0.0,397.97,0.0,2397.47,True,False,none
PR004226,EMP0265,2026-05-31,3626.61,543.99,181.33,224.85,52.59,0.0,0.0,373.54,0.0,2250.31,True,False,none
PR004227,EMP0265,2026-06-15,3760.75,564.11,188.04,233.17,54.53,0.0,0.0,387.36,0.0,2333.54,True,False,none
PR004228,EMP0265,2026-06-30,3872.07,580.81,193.6,240.07,56.15,0.0,0.0,398.82,0.0,2402.62,True,False,none
PR004229,EMP0265,2026-07-15,3716.08,557.41,185.8,230.4,53.88,0.0,0.0,382.76,0.0,2305.83,True,False,none
PR004230,EMP0265,2026-07-31,3847.23,577.08,192.36,238.53,55.78,0.0,0.0,396.26,0.0,2387.22,True,False,none
PR004231,EMP0265,2026-08-15,3640.57,546.09,182.03,225.72,52.79,0.0,0.0,374.98,0.0,2258.96,True,False,none
PR004232,EMP0265,2026-08-31,3878.66,581.8,193.93,240.48,56.24,0.0,0.0,399.5,0.0,2406.71,True,False,none
PR004233,EMP0266,2026-03-29,1350.35,202.55,0.0,83.72,19.58,8.1,36.46,0.0,0.0,1044.5,True,False,none
PR004234,EMP0266,2026-04-05,1370.27,205.54,0.0,84.96,19.87,8.22,37.0,0.0,0.0,1059.9,True,False,none
PR004235,EMP0266,2026-04-12,1342.51,201.38,0.0,83.24,19.47,8.06,36.25,0.0,0.0,1038.42,True,False,none
PR004236,EMP0266,2026-04-19,1309.66,196.45,0.0,81.2,18.99,7.86,35.36,0.0,0.0,1013.02,True,False,none
PR004237,EMP0266,2026-04-26,1369.94,205.49,0.0,84.94,19.86,8.22,36.99,0.0,0.0,1059.65,True,False,none
PR004238,EMP0266,2026-05-03,1300.45,195.07,0.0,80.63,18.86,1.54,35.11,0.0,0.0,1005.89,True,False,none
PR004239,EMP0266,2026-05-10,1306.39,195.96,0.0,81.0,18.94,0.0,25.83,0.0,0.0,1010.49,True,False,none
PR004240,EMP0266,2026-05-17,1345.04,201.76,0.0,83.39,19.5,0.0,0.0,0.0,0.0,1040.39,True,False,none
PR004241,EMP0266,2026-05-24,1351.81,202.77,0.0,83.81,19.6,0.0,0.0,0.0,0.0,1045.63,True,False,none
PR004242,EMP0266,2026-05-31,1369.02,205.35,0.0,84.88,19.85,0.0,0.0,0.0,0.0,1058.94,True,False,none
PR004243,EMP0266,2026-06-07,1293.03,193.95,0.0,80.17,18.75,0.0,0.0,0.0,0.0,1000.16,True,False,none
PR004244,EMP0266,2026-06-14,1355.24,203.29,0.0,84.02,19.65,0.0,0.0,0.0,0.0,1048.28,True,False,none
PR004245,EMP0266,2026-06-21,1349.0,202.35,0.0,83.64,19.56,0.0,0.0,0.0,0.0,1043.45,True,False,none
PR004246,EMP0266,2026-06-28,1278.24,191.74,0.0,79.25,18.53,0.0,0.0,0.0,0.0,988.72,True,False,none
PR004247,EMP0266,2026-07-05,1312.16,196.82,0.0,81.35,19.03,0.0,0.0,0.0,0.0,1014.96,True,False,none
PR004248,EMP0266,2026-07-12,1301.2,312.29,0.0,80.67,18.87,0.0,0.0,0.0,0.0,1006.48,True,True,tax_miscalculation
PR004249,EMP0266,2026-07-19,1303.48,195.52,0.0,80.82,18.9,0.0,0.0,0.0,0.0,1008.24,True,False,none
PR004250,EMP0266,2026-07-26,1374.63,206.19,0.0,85.23,19.93,0.0,0.0,0.0,0.0,1063.28,True,False,none
PR004251,EMP0266,2026-08-02,1338.96,200.84,0.0,83.02,19.41,0.0,0.0,0.0,0.0,1035.69,True,False,none
PR004252,EMP0266,2026-08-09,1346.81,202.02,0.0,83.5,19.53,0.0,0.0,0.0,0.0,1041.76,True,False,none
PR004253,EMP0266,2026-08-16,1373.97,329.76,0.0,85.19,19.92,0.0,0.0,0.0,0.0,1062.76,True,True,tax_miscalculation
PR004254,EMP0266,2026-08-23,1311.11,196.67,0.0,81.29,19.01,0.0,0.0,0.0,0.0,1014.14,True,False,none
PR004255,EMP0266,2026-08-30,1355.64,203.35,0.0,84.05,19.66,0.0,0.0,0.0,0.0,1048.58,True,False,none
PR004256,EMP0266,2026-09-06,1317.12,197.57,0.0,81.66,19.1,0.0,0.0,0.0,0.0,1018.79,True,True,tax_miscalculation
PR004257,EMP0266,2026-09-13,1362.74,204.41,0.0,84.49,19.76,0.0,0.0,0.0,0.0,1054.08,True,False,none
PR004258,EMP0267,2026-03-29,2521.6,378.24,75.65,156.34,36.56,15.13,68.08,0.0,0.0,1874.81,True,False,none
PR004259,EMP0267,2026-04-05,2678.78,401.82,80.36,166.08,38.84,16.07,72.33,0.0,0.0,1991.68,True,False,none
PR004260,EMP0267,2026-04-12,2529.41,379.41,75.88,156.82,36.68,10.8,68.29,0.0,0.0,1880.62,True,False,none
PR004261,EMP0267,2026-04-19,2551.43,382.71,76.54,158.19,37.0,0.0,34.3,0.0,0.0,1896.99,True,False,none
PR004262,EMP0267,2026-04-26,2639.54,395.93,79.19,163.65,38.27,0.0,0.0,0.0,0.0,1962.5,True,False,none
PR004263,EMP0267,2026-05-03,2565.27,384.79,76.96,159.05,37.2,0.0,0.0,0.0,0.0,1907.27,True,False,none
PR004264,EMP0267,2026-05-10,2609.21,391.38,78.28,161.77,37.83,0.0,0.0,0.0,0.0,1939.95,True,False,none
PR004265,EMP0267,2026-05-17,2575.68,386.35,77.27,159.69,37.35,0.0,0.0,0.0,0.0,1915.02,True,False,none
PR004266,EMP0267,2026-05-24,2636.7,395.5,79.1,163.48,38.23,0.0,0.0,0.0,0.0,1960.39,True,False,none
PR004267,EMP0267,2026-05-31,2531.37,379.71,75.94,156.94,36.7,0.0,0.0,0.0,0.0,1882.08,True,False,none
PR004268,EMP0267,2026-06-07,2496.56,374.48,74.9,154.79,36.2,0.0,0.0,0.0,0.0,1856.19,True,False,none
PR004269,EMP0267,2026-06-14,2546.04,381.91,76.38,157.85,36.92,0.0,0.0,0.0,0.0,1892.98,True,False,none
PR004270,EMP0267,2026-06-21,2581.78,387.27,77.45,160.07,37.44,0.0,0.0,0.0,0.0,1919.55,True,False,none
PR004271,EMP0267,2026-06-28,2519.01,377.85,75.57,156.18,36.53,0.0,0.0,0.0,0.0,1872.88,True,False,none
PR004272,EMP0267,2026-07-05,2557.29,383.59,76.72,158.55,37.08,0.0,0.0,0.0,0.0,1901.35,True,False,none
PR004273,EMP0267,2026-07-12,2566.54,384.98,77.0,159.13,37.21,0.0,0.0,0.0,0.0,1908.22,True,False,none
PR004274,EMP0267,2026-07-19,2496.34,374.45,74.89,154.77,36.2,0.0,0.0,0.0,0.0,1856.03,True,False,none
PR004275,EMP0267,2026-07-26,2604.11,390.62,78.12,161.45,37.76,0.0,0.0,0.0,0.0,1936.16,True,False,none
PR004276,EMP0267,2026-08-02,2665.8,399.87,79.97,165.28,38.65,0.0,0.0,0.0,0.0,1982.03,True,False,none
PR004277,EMP0267,2026-08-09,2515.68,377.35,75.47,155.97,36.48,0.0,0.0,0.0,0.0,1870.41,True,False,none
PR004278,EMP0267,2026-08-16,2607.08,391.06,78.21,161.64,37.8,0.0,0.0,0.0,0.0,1938.37,True,False,none
PR004279,EMP0267,2026-08-23,2620.8,393.12,78.62,162.49,38.0,0.0,0.0,0.0,0.0,1948.57,True,False,none
PR004280,EMP0267,2026-08-30,2570.51,385.58,77.12,159.37,37.27,0.0,0.0,0.0,0.0,1911.17,True,False,none
PR004281,EMP0267,2026-09-06,2628.25,394.24,78.85,162.95,38.11,0.0,0.0,0.0,0.0,1954.1,True,False,none
PR004282,EMP0267,2026-09-13,2568.75,385.31,77.06,159.26,37.25,0.0,0.0,0.0,0.0,1909.87,True,False,none
PR004283,EMP0268,2026-04-05,2952.61,442.89,147.63,183.06,42.81,17.72,79.72,62.0,0.0,2074.22,True,False,none
PR004284,EMP0268,2026-04-19,2836.35,425.45,141.82,175.85,41.13,17.02,76.58,59.56,0.0,1992.54,True,False,none
PR004285,EMP0268,2026-05-03,2996.34,449.45,149.82,185.77,43.45,7.27,80.9,62.92,0.0,2104.93,True,False,none
PR004286,EMP0268,2026-05-17,2989.24,448.39,149.46,185.33,43.34,0.0,5.8,62.77,0.0,2099.95,True,False,none
PR004287,EMP0268,2026-05-31,2843.61,426.54,142.18,176.3,41.23,0.0,0.0,59.72,0.0,1997.64,True,False,none
PR004288,EMP0268,2026-06-14,2920.72,438.11,146.04,181.08,42.35,0.0,0.0,61.34,0.0,2051.8,True,False,none
PR004289,EMP0268,2026-06-28,3063.51,459.53,153.18,189.94,44.42,0.0,0.0,64.33,0.0,2152.11,True,False,none
PR004290,EMP0268,2026-07-12,2932.99,439.95,146.65,181.85,42.53,0.0,0.0,61.59,0.0,2060.42,True,False,none
PR004291,EMP0268,2026-07-26,2951.98,442.8,147.6,183.02,42.8,0.0,0.0,61.99,0.0,2073.77,True,False,none
PR004292,EMP0268,2026-08-09,3047.36,457.1,152.37,188.94,44.19,0.0,0.0,63.99,0.0,2140.77,True,False,none
PR004293,EMP0268,2026-08-23,3002.31,450.35,150.12,186.14,43.53,0.0,0.0,63.05,0.0,2109.12,True,False,none
PR004294,EMP0268,2026-09-06,2970.71,445.61,148.54,184.18,43.08,0.0,0.0,62.38,0.0,2086.92,True,False,none
PR004295,EMP0269,2026-04-05,5340.42,801.06,0.0,331.11,77.44,32.04,144.19,0.0,0.0,4130.81,True,False,none
PR004296,EMP0269,2026-04-19,5367.93,805.19,0.0,332.81,77.83,9.96,98.81,0.0,0.0,4152.1,True,False,none
PR004297,EMP0269,2026-05-03,5199.54,779.93,0.0,322.37,75.39,0.0,0.0,0.0,0.0,4021.85,True,False,none
PR004298,EMP0269,2026-05-17,5207.07,781.06,0.0,322.84,75.5,0.0,0.0,0.0,0.0,4027.67,True,False,none
PR004299,EMP0269,2026-05-31,5170.27,775.54,0.0,320.56,74.97,0.0,0.0,0.0,0.0,3999.2,True,False,none
PR004300,EMP0269,2026-06-14,5410.22,811.53,0.0,335.43,78.45,0.0,0.0,0.0,0.0,3960.52,True,True,net_pay_mismatch
PR004301,EMP0269,2026-06-28,5045.12,756.77,0.0,312.8,73.15,0.0,0.0,0.0,0.0,3902.4,True,False,none
PR004302,EMP0269,2026-07-12,5367.35,805.1,0.0,332.78,77.83,0.0,0.0,0.0,0.0,4151.64,True,False,none
PR004303,EMP0269,2026-07-26,5209.32,781.4,0.0,322.98,75.54,0.0,0.0,0.0,0.0,4029.4,False,True,late_journal_posting
PR004304,EMP0269,2026-08-09,5039.14,755.87,0.0,312.43,73.07,0.0,0.0,0.0,0.0,3897.77,True,False,none
PR004305,EMP0269,2026-08-23,5237.9,785.68,0.0,324.75,75.95,0.0,0.0,0.0,0.0,4051.52,True,False,none
PR004306,EMP0269,2026-09-06,5183.12,777.47,0.0,321.35,75.16,0.0,0.0,0.0,0.0,4009.14,True,True,wage_base_cap_error
PR004307,EMP0270,2026-03-29,846.49,126.97,33.86,52.48,12.27,5.08,22.86,44.02,0.0,576.89,True,False,none
PR004308,EMP0270,2026-04-05,802.62,120.39,32.1,49.76,11.64,4.82,21.67,41.74,0.0,546.99,True,False,none
PR004309,EMP0270,2026-04-12,843.15,126.47,33.73,52.28,12.23,5.06,22.77,43.84,0.0,574.6,True,False,none
PR004310,EMP0270,2026-04-19,825.65,123.85,33.03,51.19,11.97,4.95,22.29,42.93,0.0,562.68,True,False,none
PR004311,EMP0270,2026-04-26,792.9,118.93,31.72,49.16,11.5,4.76,21.41,41.23,0.0,540.36,True,False,none
PR004312,EMP0270,2026-05-03,852.61,127.89,34.1,52.86,12.36,5.12,23.02,44.34,0.0,581.06,True,False,none
PR004313,EMP0270,2026-05-10,822.72,123.41,32.91,51.01,11.93,4.94,22.21,42.78,0.0,560.68,True,False,none
PR004314,EMP0270,2026-05-17,808.28,121.24,32.33,50.11,11.72,4.85,21.82,42.03,0.0,550.85,True,False,none
PR004315,EMP0270,2026-05-24,819.9,122.98,32.8,50.83,11.89,2.43,22.14,42.63,0.0,558.77,True,False,none
PR004316,EMP0270,2026-05-31,845.19,126.78,33.81,52.4,12.26,0.0,22.82,43.95,0.0,575.99,True,False,none
PR004317,EMP0270,2026-06-07,809.19,121.38,32.37,50.17,11.73,0.0,19.99,42.08,0.0,551.46,True,False,none
PR004318,EMP0270,2026-06-14,801.89,120.28,32.08,49.72,11.63,0.0,0.0,41.7,0.0,546.48,True,False,none
PR004319,EMP0270,2026-06-21,797.75,119.66,31.91,49.46,11.57,0.0,0.0,41.48,0.0,668.13,True,True,net_pay_mismatch
PR004320,EMP0270,2026-06-28,840.13,126.02,33.61,52.09,12.18,0.0,0.0,43.69,0.0,572.54,True,False,none
PR004321,EMP0270,2026-07-05,820.05,123.01,32.8,50.84,11.89,0.0,0.0,42.64,0.0,558.87,True,False,none
PR004322,EMP0270,2026-07-12,804.15,120.62,32.17,49.86,11.66,0.0,0.0,41.82,0.0,548.02,True,False,none
PR004323,EMP0270,2026-07-19,800.16,120.02,32.01,49.61,11.6,0.0,0.0,41.61,0.0,545.31,True,False,none
PR004324,EMP0270,2026-07-26,811.01,121.65,32.44,50.28,11.76,0.0,0.0,42.17,0.0,552.71,True,False,none
PR004325,EMP0270,2026-08-02,850.53,127.58,34.02,52.73,12.33,0.0,0.0,44.23,0.0,579.64,True,False,none
PR004326,EMP0270,2026-08-09,811.68,121.75,32.47,50.32,11.77,0.0,0.0,42.21,0.0,553.16,True,False,none
PR004327,EMP0270,2026-08-16,853.67,128.05,34.15,52.93,12.38,0.0,0.0,44.39,0.0,581.77,True,False,none
PR004328,EMP0270,2026-08-23,820.93,123.14,32.84,50.9,11.9,0.0,0.0,42.69,0.0,559.46,True,False,none
PR004329,EMP0270,2026-08-30,801.01,120.15,32.04,49.66,11.61,0.0,0.0,41.65,0.0,545.9,True,False,none
PR004330,EMP0270,2026-09-06,847.36,127.1,74.56,52.54,12.29,0.0,0.0,44.06,0.0,577.48,True,True,tax_miscalculation
PR004331,EMP0270,2026-09-13,819.31,122.9,32.77,50.8,11.88,0.0,0.0,42.6,0.0,558.36,True,False,none
PR004332,EMP0271,2026-03-29,2751.69,412.75,110.07,170.6,39.9,16.51,74.3,316.44,898.4,803.53,True,False,none
PR004333,EMP0271,2026-04-05,2610.3,391.55,104.41,161.84,37.85,15.66,70.48,300.18,342.74,1271.73,True,False,none
PR004334,EMP0271,2026-04-12,2754.01,413.1,110.16,170.75,39.93,9.83,74.36,316.71,473.8,1229.56,True,False,none
PR004335,EMP0271,2026-04-19,2639.06,395.86,105.56,163.62,38.27,0.0,23.87,303.49,313.22,1319.04,True,False,none
PR004336,EMP0271,2026-04-26,2604.23,390.63,104.17,161.46,37.76,0.0,0.0,299.49,730.36,880.36,True,False,none
PR004337,EMP0271,2026-05-03,2628.37,394.26,105.13,162.96,38.11,0.0,0.0,302.26,559.7,1065.95,True,False,none
PR004338,EMP0271,2026-05-10,2729.45,409.42,109.18,169.23,39.58,0.0,0.0,313.89,557.58,1130.57,True,False,none
PR004339,EMP0271,2026-05-17,2605.36,390.8,104.21,161.53,37.78,0.0,0.0,299.62,735.85,875.57,True,False,none
PR004340,EMP0271,2026-05-24,2601.8,390.27,104.07,161.31,37.73,0.0,0.0,0.0,722.46,886.75,True,True,missing_401k
PR004341,EMP0271,2026-05-31,2791.06,418.66,111.64,173.05,40.47,0.0,0.0,320.97,572.92,1153.35,True,False,none
PR004342,EMP0271,2026-06-07,2714.36,407.15,108.57,168.29,39.36,0.0,0.0,312.15,583.55,1095.29,True,False,none
PR004343,EMP0271,2026-06-14,2682.99,402.45,107.32,166.35,38.9,0.0,0.0,308.54,819.12,840.31,True,False,none
PR004344,EMP0271,2026-06-21,2791.2,418.68,111.65,173.05,40.47,0.0,0.0,320.99,513.36,1213.0,True,False,none
PR004345,EMP0271,2026-06-28,2731.41,409.71,109.26,169.35,39.61,0.0,0.0,314.11,857.63,831.74,True,False,none
PR004346,EMP0271,2026-07-05,2805.8,420.87,112.23,173.96,40.68,0.0,0.0,322.67,622.95,1112.44,True,False,none
PR004347,EMP0271,2026-07-12,2696.63,404.49,107.87,167.19,39.1,0.0,0.0,310.11,462.07,1205.8,True,False,none
PR004348,EMP0271,2026-07-19,2805.12,420.77,112.2,173.92,40.67,0.0,0.0,322.59,396.79,1338.18,True,False,none
PR004349,EMP0271,2026-07-26,2723.86,408.58,108.95,168.88,39.5,0.0,0.0,313.24,469.05,1215.66,True,False,none
PR004350,EMP0271,2026-08-02,2659.36,398.9,106.37,164.88,38.56,0.0,0.0,305.83,529.58,1115.24,True,False,none
PR004351,EMP0271,2026-08-09,2813.68,422.05,112.55,174.45,40.8,0.0,0.0,323.57,343.61,1396.65,True,False,none
PR004352,EMP0271,2026-08-16,2723.58,408.54,108.94,168.86,39.49,0.0,0.0,313.21,349.15,1335.39,True,False,none
PR004353,EMP0271,2026-08-23,2632.67,394.9,105.31,163.23,38.17,0.0,0.0,302.76,544.31,1083.99,True,False,none
PR004354,EMP0271,2026-08-30,2708.98,406.35,108.36,167.96,39.28,0.0,0.0,311.53,452.32,1223.18,True,False,none
PR004355,EMP0271,2026-09-06,2667.39,400.11,106.7,165.38,38.68,0.0,0.0,306.75,344.52,1305.25,True,False,none
PR004356,EMP0271,2026-09-13,2664.55,399.68,106.58,165.2,38.64,0.0,0.0,306.42,859.89,788.14,True,False,none
PR004357,EMP0272,2026-03-31,4217.09,632.56,253.03,261.46,61.15,25.3,113.86,350.02,0.0,2658.87,True,False,none
PR004358,EMP0272,2026-04-15,4020.32,603.05,241.22,249.26,58.29,16.7,108.55,333.69,0.0,2534.81,True,False,none
PR004359,EMP0272,2026-04-30,4096.46,614.47,245.79,253.98,59.4,0.0,20.59,340.01,0.0,2582.81,True,False,none
PR004360,EMP0272,2026-05-15,4205.76,630.86,252.35,260.76,60.98,0.0,0.0,349.08,0.0,2651.73,True,False,none
PR004361,EMP0272,2026-05-31,3914.27,587.14,234.86,242.68,56.76,0.0,0.0,324.88,0.0,2467.95,True,False,none
PR004362,EMP0272,2026-06-15,4173.85,626.08,250.43,258.78,60.52,0.0,0.0,346.43,0.0,2631.61,True,False,none
PR004363,EMP0272,2026-06-30,4218.27,632.74,253.1,261.53,61.16,0.0,0.0,350.12,0.0,2659.62,True,False,none
PR004364,EMP0272,2026-07-15,3941.74,591.26,236.5,244.39,57.16,0.0,0.0,327.16,0.0,2485.27,True,False,none
PR004365,EMP0272,2026-07-31,3964.36,594.65,237.86,245.79,57.48,0.0,0.0,329.04,0.0,2499.54,True,False,none
PR004366,EMP0272,2026-08-15,4222.27,633.34,253.34,261.78,61.22,0.0,0.0,350.45,0.0,2662.14,True,False,none
PR004367,EMP0272,2026-08-31,4085.72,612.86,245.14,253.31,59.24,0.0,0.0,339.11,0.0,2576.06,True,False,none
PR004368,EMP0273,2026-04-05,3088.0,463.2,185.28,191.46,44.78,18.53,83.38,0.0,0.0,2203.28,True,False,none
PR004369,EMP0273,2026-04-19,3149.93,472.49,189.0,195.3,45.67,18.9,85.05,0.0,0.0,2247.47,True,False,none
PR004370,EMP0273,2026-05-03,3198.85,479.83,191.93,198.33,46.38,4.57,74.58,0.0,0.0,2282.38,True,False,none
PR004371,EMP0273,2026-05-17,3260.65,489.1,195.64,202.16,47.28,0.0,0.0,0.0,0.0,2326.47,True,False,none
PR004372,EMP0273,2026-05-31,3270.89,490.63,196.25,202.8,47.43,0.0,0.0,0.0,0.0,2333.78,True,False,none
PR004373,EMP0273,2026-06-14,3337.61,500.64,200.26,206.93,48.4,0.0,0.0,0.0,0.0,2381.38,True,True,duplicate_deduction
PR004374,EMP0273,2026-06-28,3157.53,473.63,189.45,195.77,45.78,0.0,0.0,0.0,0.0,2252.9,True,False,none
PR004375,EMP0273,2026-07-12,3221.3,483.19,193.28,199.72,46.71,0.0,0.0,0.0,0.0,2298.4,True,False,none
PR004376,EMP0273,2026-07-26,3220.06,483.01,193.2,199.64,46.69,0.0,0.0,0.0,0.0,2297.52,True,False,none
PR004377,EMP0273,2026-08-09,3187.58,478.14,191.25,197.63,46.22,0.0,0.0,0.0,0.0,2274.34,True,False,none
PR004378,EMP0273,2026-08-23,3127.42,469.11,187.65,193.9,45.35,0.0,0.0,0.0,0.0,2231.41,True,False,none
PR004379,EMP0273,2026-09-06,3333.04,499.96,199.98,206.65,48.33,0.0,0.0,0.0,0.0,2378.12,True,False,none
PR004380,EMP0274,2026-04-05,2600.97,390.15,78.03,161.26,37.71,15.61,70.23,137.85,0.0,1795.97,True,False,none
PR004381,EMP0274,2026-04-19,2529.83,379.47,75.89,156.85,36.68,15.18,68.31,134.08,0.0,1746.86,True,False,none
PR004382,EMP0274,2026-05-03,2550.85,382.63,76.53,158.15,36.99,11.22,68.87,135.2,0.0,1761.35,True,False,none
PR004383,EMP0274,2026-05-17,2475.5,371.32,74.27,153.48,35.89,0.0,35.6,131.2,0.0,1709.34,True,False,none
PR004384,EMP0274,2026-05-31,2538.93,380.84,76.17,157.41,36.81,0.0,0.0,134.56,0.0,1753.14,True,False,none
PR004385,EMP0274,2026-06-14,2569.23,385.38,77.08,159.29,37.25,0.0,0.0,136.17,0.0,1774.06,True,False,none
PR004386,EMP0274,2026-06-28,2533.2,379.98,76.0,157.06,36.73,0.0,0.0,134.26,0.0,1749.17,True,False,none
PR004387,EMP0274,2026-07-12,2628.42,394.26,78.85,162.96,38.11,0.0,0.0,139.31,0.0,1814.93,True,False,none
PR004388,EMP0274,2026-07-26,2552.47,382.87,76.57,158.25,37.01,0.0,0.0,135.28,0.0,1762.49,True,False,none
PR004389,EMP0274,2026-08-09,2504.3,375.65,75.13,155.27,36.31,0.0,0.0,132.73,0.0,1729.21,True,False,none
PR004390,EMP0274,2026-08-23,2584.7,387.7,77.54,160.25,37.48,0.0,0.0,136.99,0.0,1784.74,True,False,none
PR004391,EMP0274,2026-09-06,2464.12,369.62,73.92,152.78,35.73,0.0,0.0,130.6,0.0,1701.47,True,False,none
PR004392,EMP0275,2026-04-05,4156.8,623.52,0.0,257.72,60.27,24.94,112.23,394.9,0.0,2820.39,True,False,none
PR004393,EMP0275,2026-04-19,4144.32,621.65,0.0,256.95,60.09,17.06,111.9,393.71,0.0,2811.92,True,False,none
PR004394,EMP0275,2026-05-03,4172.51,625.88,0.0,258.7,60.5,0.0,18.87,396.39,0.0,2831.04,True,False,none
PR004395,EMP0275,2026-05-17,4288.81,643.32,0.0,265.91,62.19,0.0,0.0,407.44,0.0,2909.95,True,False,none
PR004396,EMP0275,2026-05-31,4189.92,628.49,0.0,259.78,60.75,0.0,0.0,398.04,0.0,2842.86,True,False,none
PR004397,EMP0275,2026-06-14,4292.87,643.93,0.0,266.16,62.25,0.0,0.0,407.82,0.0,2912.71,True,False,none
PR004398,EMP0275,2026-06-28,4220.59,633.09,0.0,261.68,61.2,0.0,0.0,400.96,0.0,2863.66,True,False,none
PR004399,EMP0275,2026-07-12,4142.7,621.4,0.0,256.85,60.07,0.0,0.0,393.56,0.0,2810.82,True,False,none
PR004400,EMP0275,2026-07-26,4298.18,644.73,0.0,266.49,62.32,0.0,0.0,408.33,0.0,2916.31,True,False,none
PR004401,EMP0275,2026-08-09,4108.21,616.23,0.0,254.71,59.57,0.0,0.0,390.28,0.0,2787.42,True,False,none
PR004402,EMP0275,2026-08-23,4103.59,615.54,0.0,254.42,59.5,0.0,0.0,389.84,0.0,2784.29,True,False,none
PR004403,EMP0275,2026-09-06,4196.67,629.5,0.0,260.19,60.85,0.0,0.0,398.68,0.0,2847.45,True,False,none
PR004404,EMP0276,2026-03-31,5014.14,752.12,250.71,310.88,72.71,30.08,135.38,496.4,0.0,3131.32,True,False,none
PR004405,EMP0276,2026-04-15,4912.22,736.83,245.61,304.56,71.23,11.92,107.62,486.31,0.0,3067.68,True,False,none
PR004406,EMP0276,2026-04-30,5170.99,775.65,258.55,320.6,74.98,0.0,0.0,511.93,0.0,3229.28,True,False,none
PR004407,EMP0276,2026-05-15,5115.45,767.32,255.77,317.16,74.17,0.0,0.0,506.43,0.0,3194.6,True,False,none
PR004408,EMP0276,2026-05-31,5088.9,763.33,254.44,315.51,73.79,0.0,0.0,503.8,0.0,3178.03,True,False,none
PR004409,EMP0276,2026-06-15,5300.0,795.0,265.0,328.6,76.85,0.0,0.0,524.7,0.0,3309.85,True,False,none
PR004410,EMP0276,2026-06-30,5139.78,770.97,256.99,318.67,74.53,0.0,0.0,508.84,0.0,3209.78,True,False,none
PR004411,EMP0276,2026-07-15,5258.08,788.71,262.9,326.0,76.24,0.0,0.0,520.55,0.0,3283.68,True,False,none
PR004412,EMP0276,2026-07-31,4964.99,744.75,248.25,307.83,71.99,0.0,0.0,491.53,0.0,3100.64,True,False,none
PR004413,EMP0276,2026-08-15,5138.97,770.85,256.95,318.62,74.52,0.0,0.0,508.76,0.0,3209.27,True,False,none
PR004414,EMP0276,2026-08-31,5259.92,788.99,263.0,326.12,76.27,0.0,0.0,520.73,0.0,3284.81,True,False,none
PR004415,EMP0277,2026-04-05,1654.25,248.14,99.25,51.28,23.99,9.93,44.66,0.0,0.0,1180.31,True,True,tax_miscalculation
PR004416,EMP0277,2026-04-19,1671.82,250.77,100.31,103.65,24.24,10.03,45.14,0.0,0.0,1192.85,True,False,none
PR004417,EMP0277,2026-05-03,1626.78,244.02,97.61,100.86,23.59,9.76,43.92,0.0,0.0,1160.7,True,False,none
PR004418,EMP0277,2026-05-17,1590.38,238.56,95.42,98.6,23.06,9.54,42.94,0.0,0.0,1134.74,True,False,none
PR004419,EMP0277,2026-05-31,1637.96,245.69,98.28,101.55,23.75,2.74,44.22,0.0,0.0,1168.69,True,False,none
PR004420,EMP0277,2026-06-14,1629.7,244.45,97.78,101.04,23.63,0.0,22.11,0.0,0.0,1162.8,True,False,none
PR004421,EMP0277,2026-06-28,1691.22,253.68,101.47,104.86,24.52,0.0,0.0,0.0,0.0,1206.69,True,False,none
PR004422,EMP0277,2026-07-12,1610.11,241.52,96.61,99.83,23.35,0.0,0.0,0.0,0.0,1148.8,True,False,none
PR004423,EMP0277,2026-07-26,1704.19,255.63,102.25,105.66,24.71,0.0,0.0,0.0,0.0,1215.94,True,False,none
PR004424,EMP0277,2026-08-09,1703.07,255.46,102.18,105.59,24.69,0.0,0.0,0.0,0.0,1215.15,True,True,wage_base_cap_error
PR004425,EMP0277,2026-08-23,1610.59,241.59,96.64,99.86,23.35,0.0,0.0,0.0,0.0,1149.15,True,False,none
PR004426,EMP0277,2026-09-06,1623.66,243.55,97.42,100.67,23.54,0.0,0.0,0.0,0.0,1158.48,True,False,none
PR004427,EMP0278,2026-03-29,1760.17,264.03,88.01,109.13,25.52,10.56,47.52,0.0,0.0,1273.48,True,False,none
PR004428,EMP0278,2026-04-05,1769.78,265.47,88.49,109.73,25.66,10.62,47.78,0.0,0.0,1280.43,True,False,none
PR004429,EMP0278,2026-04-12,1699.05,254.86,84.95,105.34,24.64,10.19,45.87,0.0,0.0,1229.26,True,False,none
PR004430,EMP0278,2026-04-19,1682.5,252.38,84.12,104.31,24.4,10.1,45.43,0.0,0.0,1217.29,True,False,none
PR004431,EMP0278,2026-04-26,1710.22,256.53,85.51,106.03,24.8,0.53,46.18,0.0,0.0,1237.35,True,False,none
PR004432,EMP0278,2026-05-03,1732.08,259.81,86.6,107.39,25.12,0.0,10.21,0.0,0.0,1253.16,True,False,none
PR004433,EMP0278,2026-05-10,1676.07,251.41,83.8,103.92,24.3,0.0,0.0,0.0,0.0,1212.64,True,False,none
PR004434,EMP0278,2026-05-17,1738.66,260.8,86.93,107.8,25.21,0.0,0.0,0.0,0.0,1257.92,True,False,none
PR004435,EMP0278,2026-05-24,1646.09,246.91,82.3,102.06,23.87,0.0,0.0,0.0,0.0,1190.95,True,False,none
PR004436,EMP0278,2026-05-31,1645.77,246.87,82.29,102.04,23.86,0.0,0.0,0.0,0.0,1190.71,True,False,none
PR004437,EMP0278,2026-06-07,1691.32,253.7,84.57,104.86,24.52,0.0,0.0,0.0,0.0,1223.67,True,False,none
PR004438,EMP0278,2026-06-14,1686.89,253.03,84.34,104.59,24.46,0.0,0.0,0.0,0.0,1220.47,False,True,late_journal_posting
PR004439,EMP0278,2026-06-21,1681.77,252.27,185.0,104.27,24.39,0.0,0.0,0.0,0.0,1216.75,True,True,tax_miscalculation
PR004440,EMP0278,2026-06-28,1705.48,255.82,85.27,105.74,24.73,0.0,0.0,0.0,0.0,1233.92,True,False,none
PR004441,EMP0278,2026-07-05,1682.46,252.37,84.12,104.31,24.4,0.0,0.0,0.0,0.0,1217.26,True,False,none
PR004442,EMP0278,2026-07-12,1665.09,249.76,83.25,103.24,24.14,0.0,0.0,0.0,0.0,1204.7,True,False,none
PR004443,EMP0278,2026-07-19,1680.94,252.14,84.05,104.22,24.37,0.0,0.0,0.0,0.0,1216.16,True,False,none
PR004444,EMP0278,2026-07-26,1770.9,265.63,88.55,109.8,25.68,0.0,0.0,0.0,0.0,1281.24,True,False,none
PR004445,EMP0278,2026-08-02,1694.68,254.2,84.73,105.07,24.57,0.0,0.0,0.0,0.0,1226.11,True,False,none
PR004446,EMP0278,2026-08-09,1699.22,254.88,84.96,105.35,24.64,0.0,0.0,0.0,0.0,1229.39,True,False,none
PR004447,EMP0278,2026-08-16,1717.04,257.56,85.85,106.46,24.9,0.0,0.0,0.0,0.0,1242.27,True,False,none
PR004448,EMP0278,2026-08-23,1772.04,265.81,88.6,109.87,25.69,0.0,0.0,0.0,0.0,1282.07,True,False,none
PR004449,EMP0278,2026-08-30,1671.76,250.76,83.59,103.65,24.24,0.0,0.0,0.0,0.0,1209.52,True,True,duplicate_deduction
PR004450,EMP0278,2026-09-06,1731.2,259.68,86.56,107.33,25.1,0.0,0.0,0.0,0.0,1252.53,True,False,none
PR004451,EMP0278,2026-09-13,1735.89,260.38,86.79,107.63,25.17,0.0,0.0,0.0,0.0,1255.92,True,False,none
PR004452,EMP0279,2026-03-31,1634.16,245.12,49.02,101.32,23.7,9.8,44.12,122.56,0.0,1092.44,True,False,none
PR004453,EMP0279,2026-04-15,1567.58,235.14,47.03,97.19,22.73,9.41,42.32,117.57,0.0,1047.92,True,False,none
PR004454,EMP0279,2026-04-30,1643.08,246.46,49.29,101.87,23.82,9.86,44.36,123.23,0.0,1098.41,True,False,none
PR004455,EMP0279,2026-05-15,1564.44,234.67,46.93,97.0,22.68,9.39,42.24,117.33,0.0,1045.83,True,False,none
PR004456,EMP0279,2026-05-31,1632.72,244.91,48.98,101.23,23.67,3.54,44.08,122.45,0.0,1091.48,True,False,none
PR004457,EMP0279,2026-06-15,1651.13,247.67,49.53,102.37,23.94,0.0,25.87,123.83,0.0,1103.79,True,False,none
PR004458,EMP0279,2026-06-30,1583.29,237.49,47.5,98.16,22.96,0.0,0.0,118.75,0.0,1058.43,True,False,none
PR004459,EMP0279,2026-07-15,1664.23,249.63,49.93,103.18,24.13,0.0,0.0,124.82,0.0,1112.54,True,False,none
PR004460,EMP0279,2026-07-31,1560.1,234.01,46.8,96.73,22.62,0.0,0.0,117.01,0.0,1042.93,True,False,none
PR004461,EMP0279,2026-08-15,1664.51,249.68,49.94,103.2,24.14,0.0,0.0,124.84,0.0,1112.71,True,False,none
PR004462,EMP0279,2026-08-31,1615.29,242.29,48.46,100.15,23.42,0.0,0.0,121.15,0.0,1079.82,True,False,none
PR004463,EMP0280,2026-04-05,3110.06,466.51,155.5,192.82,45.1,18.66,83.97,339.0,0.0,1911.13,True,False,none
PR004464,EMP0280,2026-04-19,3088.95,463.34,154.45,191.51,44.79,18.53,83.4,336.7,0.0,1898.16,True,False,none
PR004465,EMP0280,2026-05-03,3295.45,494.32,164.77,204.32,47.78,4.81,75.63,359.2,0.0,2025.06,True,False,none
PR004466,EMP0280,2026-05-17,3073.55,461.03,153.68,190.56,44.57,0.0,0.0,335.02,0.0,1888.69,True,False,none
PR004467,EMP0280,2026-05-31,3105.4,465.81,155.27,192.53,45.03,0.0,0.0,338.49,0.0,1908.27,True,False,none
PR004468,EMP0280,2026-06-14,3142.88,471.43,157.14,194.86,45.57,0.0,0.0,342.57,0.0,1931.31,True,False,none
PR004469,EMP0280,2026-06-28,3211.52,481.73,160.58,199.11,46.57,0.0,0.0,350.06,0.0,1973.47,True,False,none
PR004470,EMP0280,2026-07-12,3192.52,478.88,159.63,197.94,46.29,0.0,0.0,347.98,0.0,1961.8,True,False,none
PR004471,EMP0280,2026-07-26,3086.9,463.03,154.35,191.39,44.76,0.0,0.0,336.47,0.0,1896.9,True,False,none
PR004472,EMP0280,2026-08-09,3128.24,469.24,156.41,193.95,45.36,0.0,0.0,340.98,0.0,1922.3,True,False,none
PR004473,EMP0280,2026-08-23,3115.4,467.31,155.77,193.15,45.17,0.0,0.0,339.58,0.0,1914.42,True,False,none
PR004474,EMP0280,2026-09-06,3109.05,466.36,155.45,192.76,45.08,0.0,0.0,338.89,0.0,1910.51,True,False,none
PR004475,EMP0281,2026-03-31,2994.19,449.13,0.0,185.64,43.42,17.97,80.84,95.81,0.0,2220.19,True,False,none
PR004476,EMP0281,2026-04-15,3064.15,459.62,0.0,189.98,44.43,18.38,82.73,98.05,0.0,2272.07,True,False,none
PR004477,EMP0281,2026-04-30,2947.93,442.19,0.0,182.77,42.74,5.65,79.42,94.33,0.0,2185.9,True,False,none
PR004478,EMP0281,2026-05-15,2983.57,447.54,0.0,184.98,43.26,0.0,0.0,95.47,0.0,2212.32,True,False,none
PR004479,EMP0281,2026-05-31,2989.36,448.4,0.0,185.34,43.35,0.0,0.0,95.66,0.0,2216.61,True,False,none
PR004480,EMP0281,2026-06-15,3129.21,469.38,0.0,194.01,45.37,0.0,0.0,100.13,0.0,2320.32,True,False,none
PR004481,EMP0281,2026-06-30,3124.01,468.6,0.0,193.69,45.3,0.0,0.0,99.97,0.0,2316.45,True,False,none
PR004482,EMP0281,2026-07-15,3087.1,463.06,0.0,191.4,44.76,0.0,0.0,98.79,0.0,2289.09,True,False,none
PR004483,EMP0281,2026-07-31,2953.71,443.06,0.0,183.13,42.83,0.0,0.0,94.52,0.0,2190.17,True,True,tax_miscalculation
PR004484,EMP0281,2026-08-15,2912.24,436.84,0.0,180.56,42.23,0.0,0.0,93.19,0.0,2159.42,True,False,none
PR004485,EMP0281,2026-08-31,2971.68,445.75,0.0,184.24,43.09,0.0,0.0,95.09,0.0,2203.51,True,False,none
PR004486,EMP0282,2026-03-29,918.1,137.72,36.72,56.92,13.31,5.51,24.79,0.0,0.0,673.43,True,False,none
PR004487,EMP0282,2026-04-05,935.82,140.37,37.43,58.02,13.57,5.61,25.27,0.0,0.0,686.43,True,False,none
PR004488,EMP0282,2026-04-12,955.95,143.39,38.24,59.27,13.86,5.74,25.81,0.0,0.0,701.19,True,False,none
PR004489,EMP0282,2026-04-19,961.93,144.29,38.48,59.64,13.95,5.77,25.97,0.0,0.0,705.57,True,False,none
PR004490,EMP0282,2026-04-26,960.93,144.14,38.44,59.58,13.93,5.77,25.95,0.0,0.0,704.84,True,False,none
PR004491,EMP0282,2026-05-03,924.98,138.75,37.0,57.35,13.41,5.55,24.97,0.0,0.0,678.47,True,False,none
PR004492,EMP0282,2026-05-10,949.25,142.39,37.97,58.85,13.76,5.7,25.63,0.0,0.0,696.28,True,False,none
PR004493,EMP0282,2026-05-17,921.51,138.23,36.86,57.13,13.36,2.36,24.88,0.0,0.0,675.93,True,False,none
PR004494,EMP0282,2026-05-24,902.85,135.43,36.11,55.98,13.09,0.0,24.38,0.0,0.0,662.24,True,False,none
PR004495,EMP0282,2026-05-31,950.31,142.55,38.01,58.92,13.78,0.0,15.35,0.0,0.0,697.05,True,False,none
PR004496,EMP0282,2026-06-07,899.06,215.78,35.96,55.74,13.04,0.0,0.0,0.0,0.0,659.46,True,True,tax_miscalculation
PR004497,EMP0282,2026-06-14,928.65,139.3,37.15,57.58,13.47,0.0,0.0,0.0,0.0,681.15,True,False,none
PR004498,EMP0282,2026-06-21,922.74,138.41,36.91,57.21,13.38,0.0,0.0,0.0,0.0,676.83,True,False,none
PR004499,EMP0282,2026-06-28,949.7,142.46,37.99,58.88,13.77,0.0,0.0,0.0,0.0,696.6,True,False,none
PR004500,EMP0282,2026-07-05,955.1,143.26,38.2,59.22,13.85,0.0,0.0,0.0,0.0,700.57,True,False,none
PR004501,EMP0282,2026-07-12,920.86,138.13,36.83,57.09,13.35,0.0,0.0,0.0,0.0,675.46,True,False,none
PR004502,EMP0282,2026-07-19,958.47,143.77,38.34,59.43,13.9,0.0,0.0,0.0,0.0,703.03,True,False,none
PR004503,EMP0282,2026-07-26,920.11,138.02,36.8,57.05,13.34,0.0,0.0,0.0,0.0,674.9,True,False,none
PR004504,EMP0282,2026-08-02,931.4,139.71,37.26,57.75,13.51,0.0,0.0,0.0,0.0,683.17,True,False,none
PR004505,EMP0282,2026-08-09,952.2,142.83,38.09,59.04,13.81,0.0,0.0,0.0,0.0,698.43,True,False,none
PR004506,EMP0282,2026-08-16,949.67,142.45,37.99,58.88,13.77,0.0,0.0,0.0,0.0,696.58,True,False,none
PR004507,EMP0282,2026-08-23,971.49,145.72,38.86,60.23,14.09,0.0,0.0,0.0,0.0,712.59,True,False,none
PR004508,EMP0282,2026-08-30,915.02,137.25,36.6,56.73,13.27,0.0,0.0,0.0,0.0,671.17,True,False,none
PR004509,EMP0282,2026-09-06,947.4,142.11,37.9,58.74,13.74,0.0,0.0,0.0,0.0,694.91,True,True,duplicate_deduction
PR004510,EMP0282,2026-09-13,943.5,141.53,37.74,58.5,13.68,0.0,0.0,0.0,0.0,692.05,True,False,none
PR004511,EMP0283,2026-03-31,5131.31,769.7,307.88,318.14,74.4,30.79,138.55,420.77,0.0,3240.42,True,False,none
PR004512,EMP0283,2026-04-15,4832.74,724.91,289.96,299.63,70.07,11.21,104.45,396.28,0.0,3051.89,True,False,none
PR004513,EMP0283,2026-04-30,5067.05,760.06,304.02,314.16,73.47,0.0,0.0,415.5,0.0,3199.84,True,False,none
PR004514,EMP0283,2026-05-15,4994.83,749.22,299.69,309.68,72.43,0.0,0.0,409.58,0.0,3154.23,True,False,none
PR004515,EMP0283,2026-05-31,4879.3,731.89,292.76,302.52,70.75,0.0,0.0,400.1,0.0,3081.28,True,False,none
PR004516,EMP0283,2026-06-15,4957.91,743.69,297.47,307.39,71.89,0.0,0.0,406.55,0.0,3130.92,True,False,none
PR004517,EMP0283,2026-06-30,4902.56,735.38,294.15,303.96,71.09,0.0,0.0,402.01,0.0,3095.97,True,False,none
PR004518,EMP0283,2026-07-15,4999.18,749.88,659.89,309.95,72.49,0.0,0.0,409.93,0.0,3156.98,True,True,tax_miscalculation
PR004519,EMP0283,2026-07-31,5121.04,768.16,307.26,317.5,74.26,0.0,0.0,419.93,0.0,3233.93,True,False,none
PR004520,EMP0283,2026-08-15,4995.24,749.29,299.71,309.7,72.43,0.0,0.0,409.61,0.0,3154.5,True,False,none
PR004521,EMP0283,2026-08-31,5019.8,752.97,301.19,311.23,72.79,0.0,0.0,411.62,0.0,3170.0,True,False,none
PR004522,EMP0284,2026-03-31,1830.26,274.54,0.0,113.48,26.54,10.98,49.42,0.0,0.0,1415.7,True,False,none
PR004523,EMP0284,2026-04-15,1762.58,264.39,0.0,109.28,25.56,10.58,47.59,0.0,0.0,1363.35,True,False,none
PR004524,EMP0284,2026-04-30,1788.88,268.33,0.0,110.91,25.94,10.73,48.3,0.0,0.0,1383.7,True,False,none
PR004525,EMP0284,2026-05-15,1826.39,273.96,0.0,113.24,26.48,9.71,49.31,0.0,0.0,1412.71,True,False,none
PR004526,EMP0284,2026-05-31,1800.08,270.01,0.0,111.6,26.1,0.0,48.38,0.0,0.0,1392.37,True,False,none
PR004527,EMP0284,2026-06-15,1781.48,267.22,0.0,110.45,25.83,0.0,0.0,0.0,0.0,1377.98,True,False,none
PR004528,EMP0284,2026-06-30,1828.15,274.22,0.0,113.35,26.51,0.0,0.0,0.0,0.0,1414.07,True,False,none
PR004529,EMP0284,2026-07-15,1801.9,270.29,0.0,111.72,26.13,0.0,0.0,0.0,0.0,1393.76,True,False,none
PR004530,EMP0284,2026-07-31,1792.53,268.88,0.0,111.14,25.99,0.0,0.0,0.0,0.0,1386.52,True,False,none
PR004531,EMP0284,2026-08-15,1822.33,273.35,0.0,112.98,26.42,0.0,0.0,0.0,0.0,1409.58,True,False,none
PR004532,EMP0284,2026-08-31,1774.46,266.17,0.0,110.02,25.73,0.0,0.0,0.0,0.0,1372.54,True,False,none
PR004533,EMP0285,2026-04-05,1666.9,250.03,100.01,103.35,24.17,10.0,45.01,150.02,488.0,551.32,True,False,none
PR004534,EMP0285,2026-04-19,1638.79,245.82,98.33,101.6,23.76,9.83,44.25,147.49,212.65,809.14,True,False,none
PR004535,EMP0285,2026-05-03,1647.5,247.12,98.85,102.14,23.89,9.88,44.48,148.28,461.25,807.91,True,True,net_pay_mismatch
PR004536,EMP0285,2026-05-17,1562.98,234.45,93.78,96.9,22.66,9.38,42.2,140.67,382.7,591.82,True,False,none
PR004537,EMP0285,2026-05-31,1654.97,248.25,99.3,102.61,24.0,2.9,44.68,148.95,381.64,650.22,True,False,none
PR004538,EMP0285,2026-06-14,1630.97,244.65,97.86,101.12,23.65,0.0,22.38,146.79,334.57,682.33,True,False,none
PR004539,EMP0285,2026-06-28,1615.94,242.39,96.96,100.19,23.43,0.0,0.0,145.43,184.84,822.7,True,False,none
PR004540,EMP0285,2026-07-12,1630.02,244.5,97.8,101.06,23.64,0.0,0.0,146.7,202.87,813.45,True,False,none
PR004541,EMP0285,2026-07-26,1603.97,240.6,96.24,99.45,23.26,0.0,0.0,144.36,272.14,727.92,True,False,none
PR004542,EMP0285,2026-08-09,1618.07,242.71,97.08,100.32,23.46,0.0,0.0,145.63,219.38,789.49,True,False,none
PR004543,EMP0285,2026-08-23,1636.75,245.51,98.2,101.48,23.73,0.0,0.0,147.31,453.71,566.81,True,False,none
PR004544,EMP0285,2026-09-06,1569.28,235.39,94.16,97.3,22.75,0.0,0.0,141.24,202.99,775.45,True,False,none
PR004545,EMP0286,2026-03-29,759.3,113.89,37.96,47.08,11.01,4.56,20.5,0.0,0.0,549.36,True,False,none
PR004546,EMP0286,2026-04-05,804.58,120.69,40.23,49.88,11.67,4.83,21.72,0.0,0.0,582.11,True,True,duplicate_deduction
PR004547,EMP0286,2026-04-12,782.98,117.45,39.15,48.54,11.35,4.7,21.14,0.0,0.0,566.49,True,False,none
PR004548,EMP0286,2026-04-19,779.21,116.88,38.96,48.31,11.3,4.68,21.04,0.0,0.0,563.76,True,False,none
PR004549,EMP0286,2026-04-26,756.9,113.53,37.84,46.93,10.98,4.54,20.44,0.0,0.0,547.62,True,False,none
PR004550,EMP0286,2026-05-03,790.49,118.57,39.52,49.01,11.46,4.74,21.34,0.0,0.0,571.93,True,False,none
PR004551,EMP0286,2026-05-10,804.01,120.6,40.2,49.85,11.66,4.82,21.71,0.0,0.0,581.7,True,False,none
PR004552,EMP0286,2026-05-17,801.55,120.23,40.08,49.7,11.62,4.81,21.64,0.0,0.0,579.92,True,False,none
PR004553,EMP0286,2026-05-24,789.04,118.36,39.45,48.92,11.44,4.33,21.3,0.0,0.0,639.69,True,True,net_pay_mismatch
PR004554,EMP0286,2026-05-31,757.25,113.59,37.86,46.95,10.98,0.0,20.45,0.0,0.0,547.87,True,False,none
PR004555,EMP0286,2026-06-07,753.35,113.0,37.67,46.71,10.92,0.0,20.34,0.0,0.0,545.05,True,False,none
PR004556,EMP0286,2026-06-14,766.23,114.93,38.31,47.51,11.11,0.0,11.38,0.0,0.0,554.37,False,True,late_journal_posting
PR004557,EMP0286,2026-06-21,758.69,113.8,37.93,47.04,11.0,0.0,0.0,0.0,0.0,548.92,True,False,none
PR004558,EMP0286,2026-06-28,766.39,114.96,38.32,47.52,11.11,0.0,0.0,0.0,0.0,554.48,True,False,none
PR004559,EMP0286,2026-07-05,774.13,116.12,38.71,48.0,11.22,0.0,0.0,0.0,0.0,560.08,True,False,none
PR004560,EMP0286,2026-07-12,808.65,121.3,40.43,50.14,11.73,0.0,0.0,0.0,0.0,585.05,True,False,none
PR004561,EMP0286,2026-07-19,788.07,118.21,39.4,48.86,11.43,0.0,0.0,0.0,0.0,570.17,True,False,none
PR004562,EMP0286,2026-07-26,801.97,120.3,40.1,49.72,11.63,0.0,0.0,0.0,0.0,580.22,True,False,none
PR004563,EMP0286,2026-08-02,794.26,119.14,39.71,49.24,11.52,0.0,0.0,0.0,0.0,574.65,True,False,none
PR004564,EMP0286,2026-08-09,757.26,113.59,37.86,46.95,10.98,0.0,0.0,0.0,0.0,547.88,True,False,none
PR004565,EMP0286,2026-08-16,795.84,119.38,39.79,49.34,11.54,0.0,0.0,0.0,0.0,575.79,True,False,none
PR004566,EMP0286,2026-08-23,767.32,115.1,38.37,47.57,11.13,0.0,0.0,0.0,0.0,555.15,True,False,none
PR004567,EMP0286,2026-08-30,789.85,118.48,39.49,48.97,11.45,0.0,0.0,0.0,0.0,571.46,True,False,none
PR004568,EMP0286,2026-09-06,771.4,115.71,38.57,47.83,11.19,0.0,0.0,0.0,0.0,558.1,True,False,none
PR004569,EMP0286,2026-09-13,812.04,121.81,40.6,50.35,11.77,0.0,0.0,0.0,0.0,587.51,True,False,none
PR004570,EMP0287,2026-03-31,5156.54,773.48,309.39,319.71,74.77,30.94,139.23,469.25,0.0,3209.94,True,False,none
PR004571,EMP0287,2026-04-15,5163.02,774.45,309.78,320.11,74.86,11.06,103.77,469.83,0.0,3213.99,True,False,none
PR004572,EMP0287,2026-04-30,5434.21,815.13,326.05,336.92,78.8,0.0,0.0,494.51,0.0,3382.8,True,False,none
PR004573,EMP0287,2026-05-15,5057.09,758.56,303.43,313.54,73.33,0.0,0.0,460.2,0.0,3148.03,True,False,none
PR004574,EMP0287,2026-05-31,5336.82,800.52,320.21,330.88,77.38,0.0,0.0,485.65,0.0,3322.18,True,False,none
PR004575,EMP0287,2026-06-15,5348.74,802.31,320.92,331.62,77.56,0.0,0.0,486.74,0.0,3329.59,True,False,none
PR004576,EMP0287,2026-06-30,5394.97,809.25,323.7,334.49,78.23,0.0,0.0,490.94,0.0,3358.36,True,False,none
PR004577,EMP0287,2026-07-15,5452.43,817.86,327.15,338.05,79.06,0.0,0.0,496.17,0.0,3394.14,True,False,none
PR004578,EMP0287,2026-07-31,5452.92,817.94,327.18,338.08,79.07,0.0,0.0,496.22,0.0,3394.43,True,False,none
PR004579,EMP0287,2026-08-15,5074.01,761.1,304.44,314.59,73.57,0.0,0.0,461.73,0.0,3158.58,True,False,none
PR004580,EMP0287,2026-08-31,5388.91,808.34,323.33,334.11,78.14,0.0,0.0,490.39,0.0,3143.02,True,True,net_pay_mismatch
PR004581,EMP0288,2026-03-31,1753.75,263.06,87.69,108.73,25.43,10.52,47.35,49.11,0.0,1137.64,True,True,net_pay_mismatch
PR004582,EMP0288,2026-04-15,1754.14,263.12,87.71,108.76,25.44,10.52,47.36,49.12,0.0,1219.99,True,False,none
PR004583,EMP0288,2026-04-30,1799.76,269.96,89.99,111.59,26.1,10.8,48.59,50.39,0.0,1251.73,True,False,none
PR004584,EMP0288,2026-05-15,1790.06,268.51,89.5,110.98,25.96,10.15,48.33,50.12,0.0,1244.99,True,False,none
PR004585,EMP0288,2026-05-31,1725.16,258.77,86.26,106.96,25.01,0.0,46.58,48.3,0.0,1199.86,True,False,none
PR004586,EMP0288,2026-06-15,1670.35,250.55,83.52,103.56,24.22,0.0,4.78,46.77,0.0,1161.73,True,False,none
PR004587,EMP0288,2026-06-30,1714.61,257.19,85.73,106.31,24.86,0.0,0.0,48.01,0.0,1192.51,True,False,none
PR004588,EMP0288,2026-07-15,1778.33,266.75,88.92,110.26,25.79,0.0,0.0,49.79,0.0,1236.82,True,False,none
PR004589,EMP0288,2026-07-31,1761.18,264.18,88.06,109.19,25.54,0.0,0.0,49.31,0.0,1224.9,True,False,none
PR004590,EMP0288,2026-08-15,1727.93,259.19,86.4,107.13,25.05,0.0,0.0,48.38,0.0,1201.78,True,False,none
PR004591,EMP0288,2026-08-31,1672.43,250.86,83.62,103.69,24.25,0.0,0.0,46.83,0.0,1163.18,True,False,none
PR004592,EMP0289,2026-04-05,5541.77,831.27,277.09,343.59,80.36,33.25,149.63,315.88,0.0,3693.58,True,False,none
PR004593,EMP0289,2026-04-19,5560.37,834.06,278.02,344.74,80.63,8.75,93.37,316.94,0.0,3705.98,True,False,none
PR004594,EMP0289,2026-05-03,5763.26,864.49,288.16,357.32,83.57,0.0,0.0,328.51,0.0,3841.21,True,False,none
PR004595,EMP0289,2026-05-17,5636.34,845.45,281.82,349.45,81.73,0.0,0.0,321.27,0.0,3756.62,True,False,none
PR004596,EMP0289,2026-05-31,5490.89,823.63,274.54,340.44,79.62,0.0,0.0,312.98,0.0,3659.68,True,False,none
PR004597,EMP0289,2026-06-14,5585.22,837.78,279.26,346.28,80.99,0.0,0.0,318.36,0.0,3722.55,True,False,none
PR004598,EMP0289,2026-06-28,5382.45,807.37,269.12,333.71,78.05,0.0,0.0,306.8,0.0,3587.4,True,False,none
PR004599,EMP0289,2026-07-12,5782.69,867.4,289.13,358.53,83.85,0.0,0.0,329.61,0.0,3854.17,True,False,none
PR004600,EMP0289,2026-07-26,5512.26,826.84,275.61,341.76,79.93,0.0,0.0,0.0,0.0,3673.92,True,True,missing_401k
PR004601,EMP0289,2026-08-09,5564.27,834.64,278.21,344.98,80.68,0.0,0.0,317.16,0.0,3708.6,True,False,none
PR004602,EMP0289,2026-08-23,5510.15,826.52,275.51,341.63,79.9,0.0,0.0,314.08,0.0,3672.51,True,False,none
PR004603,EMP0289,2026-09-06,5654.63,848.19,282.73,350.59,81.99,0.0,0.0,322.31,0.0,3768.82,True,False,none
PR004604,EMP0290,2026-04-05,2906.93,436.04,0.0,180.23,42.15,17.44,78.49,0.0,0.0,2248.51,True,False,none
PR004605,EMP0290,2026-04-19,2919.0,437.85,0.0,180.98,42.33,17.51,78.81,0.0,0.0,2257.84,True,False,none
PR004606,EMP0290,2026-05-03,2817.35,422.6,0.0,174.68,40.85,7.04,76.07,0.0,0.0,2179.22,True,False,none
PR004607,EMP0290,2026-05-17,2828.15,424.22,0.0,175.35,41.01,0.0,9.63,0.0,0.0,2187.57,True,False,none
PR004608,EMP0290,2026-05-31,2784.86,417.73,0.0,172.66,40.38,0.0,0.0,0.0,0.0,2154.09,True,False,none
PR004609,EMP0290,2026-06-14,2905.41,435.81,0.0,180.14,42.13,0.0,0.0,0.0,0.0,2247.33,True,False,none
PR004610,EMP0290,2026-06-28,2765.43,414.81,0.0,171.46,40.1,0.0,0.0,0.0,0.0,2139.06,True,False,none
PR004611,EMP0290,2026-07-12,2892.26,433.84,0.0,179.32,41.94,0.0,0.0,0.0,0.0,2237.16,True,False,none
PR004612,EMP0290,2026-07-26,2954.1,443.11,0.0,183.15,42.83,0.0,0.0,0.0,0.0,2285.01,True,False,none
PR004613,EMP0290,2026-08-09,2958.9,443.83,0.0,91.72,42.9,0.0,0.0,0.0,0.0,2288.72,True,True,tax_miscalculation
PR004614,EMP0290,2026-08-23,2858.47,428.77,0.0,177.23,41.45,0.0,0.0,0.0,0.0,2211.02,True,False,none
PR004615,EMP0290,2026-09-06,2860.8,429.12,0.0,177.37,41.48,0.0,0.0,0.0,0.0,2212.83,True,False,none
PR004616,EMP0291,2026-04-05,4649.75,697.46,0.0,288.28,67.42,27.9,125.54,534.72,0.0,3061.87,True,False,none
PR004617,EMP0291,2026-04-19,4876.03,731.4,0.0,302.31,70.7,14.1,117.46,560.74,0.0,3210.88,True,False,none
PR004618,EMP0291,2026-05-03,4933.38,740.01,0.0,305.87,71.53,0.0,0.0,567.34,0.0,3248.63,True,False,none
PR004619,EMP0291,2026-05-17,4713.65,707.05,0.0,292.25,68.35,0.0,0.0,542.07,0.0,3103.93,True,False,none
PR004620,EMP0291,2026-05-31,4780.96,717.14,0.0,296.42,69.32,0.0,0.0,549.81,0.0,3148.27,True,False,none
PR004621,EMP0291,2026-06-14,4940.07,741.01,0.0,306.28,71.63,0.0,0.0,568.11,0.0,3253.04,True,False,none
PR004622,EMP0291,2026-06-28,4954.66,743.2,0.0,307.19,71.84,0.0,0.0,569.79,0.0,3262.64,True,False,none
PR004623,EMP0291,2026-07-12,4713.09,706.96,0.0,292.21,68.34,0.0,0.0,542.01,0.0,3103.57,True,False,none
PR004624,EMP0291,2026-07-26,4830.23,724.53,0.0,299.47,70.04,0.0,0.0,555.48,0.0,3180.71,True,False,none
PR004625,EMP0291,2026-08-09,4693.77,704.07,0.0,291.01,68.06,0.0,0.0,539.78,0.0,3090.85,True,False,none
PR004626,EMP0291,2026-08-23,4659.24,698.89,0.0,288.87,67.56,0.0,0.0,535.81,0.0,3068.11,True,False,none
PR004627,EMP0291,2026-09-06,4967.62,745.14,0.0,307.99,72.03,0.0,0.0,571.28,0.0,3271.18,True,False,none
PR004628,EMP0292,2026-03-29,2856.34,428.45,142.82,177.09,41.42,17.14,77.12,271.35,0.0,1795.21,True,False,none
PR004629,EMP0292,2026-04-05,2843.0,426.45,142.15,176.27,41.22,17.06,76.76,270.08,0.0,1786.83,True,False,none
PR004630,EMP0292,2026-04-12,2686.06,402.91,134.3,166.54,38.95,7.8,72.52,255.18,0.0,1688.18,True,False,none
PR004631,EMP0292,2026-04-19,2861.46,429.22,143.07,177.41,41.49,0.0,16.59,271.84,0.0,1798.43,True,False,none
PR004632,EMP0292,2026-04-26,2771.95,415.79,138.6,171.86,40.19,0.0,0.0,263.34,0.0,1742.17,True,False,none
PR004633,EMP0292,2026-05-03,2750.85,412.63,137.54,170.55,39.89,0.0,0.0,261.33,0.0,1728.91,True,False,none
PR004634,EMP0292,2026-05-10,2795.88,419.38,139.79,173.34,40.54,0.0,0.0,265.61,0.0,1757.22,True,False,none
PR004635,EMP0292,2026-05-17,2695.46,404.32,134.77,167.12,39.08,0.0,0.0,256.07,0.0,1694.1,True,False,none
PR004636,EMP0292,2026-05-24,2842.25,426.34,142.11,176.22,41.21,0.0,0.0,270.01,0.0,1786.36,True,False,none
PR004637,EMP0292,2026-05-31,2803.81,420.57,140.19,173.84,40.66,0.0,0.0,266.36,0.0,1762.19,True,False,none
PR004638,EMP0292,2026-06-07,2716.47,407.47,135.82,168.42,39.39,0.0,0.0,258.06,0.0,1707.31,True,False,none
PR004639,EMP0292,2026-06-14,2716.83,407.52,135.84,168.44,39.39,0.0,0.0,258.1,0.0,1707.54,True,False,none
PR004640,EMP0292,2026-06-21,2715.95,407.39,135.8,168.39,39.38,0.0,0.0,258.02,0.0,1706.97,True,False,none
PR004641,EMP0292,2026-06-28,2687.88,403.18,134.39,166.65,38.97,0.0,0.0,255.35,0.0,1689.34,True,False,none
PR004642,EMP0292,2026-07-05,2804.99,420.75,140.25,173.91,40.67,0.0,0.0,266.47,0.0,1762.94,True,False,none
PR004643,EMP0292,2026-07-12,2860.72,429.11,143.04,177.36,41.48,0.0,0.0,271.77,0.0,1797.96,True,False,none
PR004644,EMP0292,2026-07-19,2679.16,401.87,133.96,166.11,38.85,0.0,0.0,254.52,0.0,1683.85,True,False,none
PR004645,EMP0292,2026-07-26,2686.11,402.92,134.31,166.54,38.95,0.0,0.0,255.18,0.0,1688.21,True,False,none
PR004646,EMP0292,2026-08-02,2801.68,420.25,140.08,173.7,40.62,0.0,0.0,266.16,0.0,1760.87,True,False,none
PR004647,EMP0292,2026-08-09,2856.12,428.42,142.81,177.08,41.41,0.0,0.0,271.33,0.0,1795.07,True,False,none
PR004648,EMP0292,2026-08-16,2747.39,412.11,137.37,170.34,39.84,0.0,0.0,261.0,0.0,1726.73,True,False,none
PR004649,EMP0292,2026-08-23,2752.44,412.87,137.62,170.65,39.91,0.0,0.0,261.48,0.0,1729.91,True,False,none
PR004650,EMP0292,2026-08-30,2806.88,421.03,140.34,174.03,40.7,0.0,0.0,266.65,0.0,1764.13,True,False,none
PR004651,EMP0292,2026-09-06,2735.8,410.37,136.79,169.62,39.67,0.0,0.0,259.9,0.0,1719.45,True,False,none
PR004652,EMP0292,2026-09-13,2681.17,402.18,134.06,166.23,38.88,0.0,0.0,254.71,0.0,1685.11,True,False,none
PR004653,EMP0293,2026-04-05,2948.65,442.3,0.0,182.82,42.76,17.69,79.61,82.56,1078.29,1119.92,True,False,none
PR004654,EMP0293,2026-04-19,2913.23,436.98,0.0,180.62,42.24,17.48,78.66,81.57,1175.16,996.66,True,False,none
PR004655,EMP0293,2026-05-03,2934.89,440.23,0.0,181.96,42.56,6.83,79.24,82.18,673.03,1514.93,True,False,none
PR004656,EMP0293,2026-05-17,2860.89,429.13,0.0,177.38,41.48,0.0,5.49,80.1,581.92,1550.88,True,False,none
PR004657,EMP0293,2026-05-31,2809.84,421.48,0.0,174.21,40.74,0.0,0.0,78.68,1073.67,1021.06,True,False,none
PR004658,EMP0293,2026-06-14,2976.93,446.54,0.0,184.57,43.17,0.0,0.0,83.35,1414.63,804.67,True,False,none
PR004659,EMP0293,2026-06-28,2924.14,438.62,0.0,181.3,42.4,0.0,0.0,81.88,649.87,1530.07,True,False,none
PR004660,EMP0293,2026-07-12,2804.29,420.64,0.0,173.87,40.66,0.0,0.0,78.52,1196.05,894.55,True,False,none
PR004661,EMP0293,2026-07-26,2912.77,436.92,0.0,180.59,42.24,0.0,0.0,81.56,1058.2,1113.26,True,False,none
PR004662,EMP0293,2026-08-09,2959.25,443.89,0.0,183.47,42.91,0.0,0.0,82.86,1156.8,1049.32,True,False,none
PR004663,EMP0293,2026-08-23,2971.4,445.71,0.0,184.23,43.09,0.0,0.0,83.2,536.92,1678.25,True,False,none
PR004664,EMP0293,2026-09-06,2951.46,442.72,0.0,182.99,42.8,0.0,0.0,82.64,1295.25,905.06,True,False,none
PR004665,EMP0294,2026-03-31,4956.91,743.54,198.28,307.33,71.88,29.74,133.84,376.73,0.0,3259.15,True,False,none
PR004666,EMP0294,2026-04-15,5098.42,764.76,203.94,316.1,73.93,12.26,109.16,387.48,0.0,3352.21,True,False,none
PR004667,EMP0294,2026-04-30,4968.1,745.22,198.72,308.02,72.04,0.0,0.0,377.58,0.0,3266.52,True,False,none
PR004668,EMP0294,2026-05-15,5225.23,783.78,209.01,323.96,75.77,0.0,0.0,397.12,0.0,3435.59,True,False,none
PR004669,EMP0294,2026-05-31,4855.98,728.4,194.24,301.07,70.41,0.0,0.0,369.05,0.0,3192.81,True,False,none
PR004670,EMP0294,2026-06-15,5074.19,761.13,202.97,314.6,73.58,0.0,0.0,385.64,0.0,3336.27,True,False,none
PR004671,EMP0294,2026-06-30,4909.13,736.37,196.37,304.37,71.18,0.0,0.0,373.09,0.0,3227.75,True,False,none
PR004672,EMP0294,2026-07-15,5127.08,769.06,205.08,317.88,74.34,0.0,0.0,389.66,0.0,3371.06,True,False,none
PR004673,EMP0294,2026-07-31,4912.88,736.93,196.52,304.6,71.24,0.0,0.0,373.38,0.0,3230.21,True,False,none
PR004674,EMP0294,2026-08-15,4936.64,740.5,197.47,306.07,71.58,0.0,0.0,375.18,0.0,3245.84,True,False,none
PR004675,EMP0294,2026-08-31,5040.08,756.01,201.6,312.48,73.08,0.0,0.0,383.05,0.0,3313.86,True,False,none
PR004676,EMP0295,2026-03-31,3474.55,521.18,0.0,215.42,50.38,20.85,93.81,0.0,0.0,2687.57,True,False,none
PR004677,EMP0295,2026-04-15,3287.2,493.08,0.0,203.81,47.66,19.72,88.75,0.0,0.0,2542.65,True,False,none
PR004678,EMP0295,2026-04-30,3269.22,490.38,0.0,202.69,47.4,1.43,60.43,0.0,0.0,2528.75,True,False,none
PR004679,EMP0295,2026-05-15,3433.03,514.95,0.0,212.85,49.78,0.0,0.0,0.0,0.0,2655.45,True,False,none
PR004680,EMP0295,2026-05-31,3364.18,504.63,0.0,208.58,48.78,0.0,0.0,0.0,0.0,2602.19,True,False,none
PR004681,EMP0295,2026-06-15,3473.74,521.06,0.0,215.37,50.37,0.0,0.0,0.0,0.0,2686.94,True,False,none
PR004682,EMP0295,2026-06-30,3269.86,490.48,0.0,202.73,47.41,0.0,0.0,0.0,0.0,2529.24,True,False,none
PR004683,EMP0295,2026-07-15,3402.9,510.44,0.0,210.98,49.34,0.0,0.0,0.0,0.0,2632.14,True,False,none
PR004684,EMP0295,2026-07-31,3292.84,493.93,0.0,204.16,47.75,0.0,0.0,0.0,0.0,2547.0,True,False,none
PR004685,EMP0295,2026-08-15,3272.56,490.88,0.0,202.9,47.45,0.0,0.0,0.0,0.0,2531.33,True,False,none
PR004686,EMP0295,2026-08-31,3412.9,511.94,0.0,211.6,49.49,0.0,0.0,0.0,0.0,2639.87,True,False,none
PR004687,EMP0296,2026-04-05,5260.37,789.06,210.41,326.14,76.28,31.56,142.03,163.07,0.0,3695.41,True,False,none
PR004688,EMP0296,2026-04-19,5327.02,799.05,213.08,330.28,77.24,10.44,100.97,165.14,0.0,3742.23,True,False,none
PR004689,EMP0296,2026-05-03,5142.82,771.42,205.71,318.85,74.57,0.0,0.0,159.43,0.0,3612.84,True,False,none
PR004690,EMP0296,2026-05-17,5200.11,780.02,208.0,322.41,75.4,0.0,0.0,161.2,0.0,3653.08,True,False,none
PR004691,EMP0296,2026-05-31,5182.53,777.38,207.3,321.32,75.15,0.0,0.0,160.66,0.0,3640.72,True,False,none
PR004692,EMP0296,2026-06-14,5421.84,813.28,216.87,336.15,78.62,0.0,0.0,168.08,0.0,3808.84,True,False,none
PR004693,EMP0296,2026-06-28,5135.7,770.35,205.43,318.41,74.47,0.0,0.0,159.21,0.0,3607.83,True,False,none
PR004694,EMP0296,2026-07-12,5136.76,770.51,205.47,318.48,74.48,0.0,0.0,159.24,0.0,3608.58,True,False,none
PR004695,EMP0296,2026-07-26,5161.47,774.22,206.46,320.01,74.84,0.0,0.0,160.01,0.0,3625.93,True,False,none
PR004696,EMP0296,2026-08-09,5248.34,787.25,209.93,325.4,76.1,0.0,0.0,162.7,0.0,3686.96,True,False,none
PR004697,EMP0296,2026-08-23,5119.19,767.88,204.77,317.39,74.23,0.0,0.0,158.69,0.0,3596.23,True,False,none
PR004698,EMP0296,2026-09-06,5393.39,809.01,215.74,334.39,78.2,0.0,0.0,167.2,0.0,3788.85,True,False,none
PR004699,EMP0297,2026-04-05,3342.31,501.35,133.69,207.22,48.46,20.05,90.24,0.0,0.0,2451.59,True,False,none
PR004700,EMP0297,2026-04-19,3512.28,526.84,140.49,217.76,50.93,21.07,94.83,0.0,0.0,2576.26,True,False,none
PR004701,EMP0297,2026-05-03,3298.55,494.78,131.94,204.51,47.83,0.87,57.93,0.0,0.0,2419.49,True,False,none
PR004702,EMP0297,2026-05-17,3447.74,517.16,137.91,213.76,49.99,0.0,0.0,0.0,0.0,2528.92,True,False,none
PR004703,EMP0297,2026-05-31,3515.29,527.29,140.61,217.95,50.97,0.0,0.0,0.0,0.0,2578.47,True,False,none
PR004704,EMP0297,2026-06-14,3316.16,497.42,132.65,205.6,48.08,0.0,0.0,0.0,0.0,2432.41,True,False,none
PR004705,EMP0297,2026-06-28,3531.84,529.78,141.27,218.97,51.21,0.0,0.0,0.0,0.0,2753.83,True,True,net_pay_mismatch
PR004706,EMP0297,2026-07-12,3525.74,528.86,141.03,218.6,51.12,0.0,0.0,0.0,0.0,2586.13,True,False,none
PR004707,EMP0297,2026-07-26,3453.21,517.98,138.13,214.1,50.07,0.0,0.0,0.0,0.0,2532.93,True,False,none
PR004708,EMP0297,2026-08-09,3351.99,502.8,134.08,207.82,48.6,0.0,0.0,0.0,0.0,2458.69,True,False,none
PR004709,EMP0297,2026-08-23,3321.43,498.21,132.86,205.93,48.16,0.0,0.0,0.0,0.0,2436.27,True,False,none
PR004710,EMP0297,2026-09-06,3352.57,502.89,134.1,207.86,48.61,0.0,0.0,0.0,0.0,2459.11,True,False,none
PR004711,EMP0298,2026-04-05,1251.24,187.69,62.56,77.58,18.14,7.51,33.78,0.0,0.0,905.27,True,False,none
PR004712,EMP0298,2026-04-19,1256.44,188.47,62.82,77.9,18.22,7.54,33.92,0.0,0.0,909.03,True,False,none
PR004713,EMP0298,2026-05-03,1252.43,187.86,62.62,77.65,18.16,7.51,33.82,0.0,0.0,906.14,True,False,none
PR004714,EMP0298,2026-05-17,1285.02,192.75,64.25,79.67,18.63,7.71,34.7,0.0,0.0,929.72,True,False,none
PR004715,EMP0298,2026-05-31,1323.18,198.48,66.16,82.04,19.19,7.94,35.73,0.0,0.0,957.31,True,False,none
PR004716,EMP0298,2026-06-14,1256.19,188.43,62.81,77.88,18.21,3.79,33.92,0.0,0.0,908.86,True,False,none
PR004717,EMP0298,2026-06-28,1255.06,188.26,62.75,77.81,18.2,0.0,33.89,0.0,0.0,908.04,True,False,none
PR004718,EMP0298,2026-07-12,1307.6,196.14,65.38,81.07,18.96,0.0,3.25,0.0,0.0,946.05,True,False,none
PR004719,EMP0298,2026-07-26,1261.9,189.28,63.1,78.24,18.3,0.0,0.0,0.0,0.0,912.98,True,False,none
PR004720,EMP0298,2026-08-09,1251.71,187.76,62.59,77.61,18.15,0.0,0.0,0.0,0.0,905.6,True,False,none
PR004721,EMP0298,2026-08-23,1258.8,188.82,62.94,78.05,18.25,0.0,0.0,0.0,0.0,910.74,True,False,none
PR004722,EMP0298,2026-09-06,1336.31,200.45,66.82,82.85,19.38,0.0,0.0,0.0,0.0,966.81,True,False,none
PR004723,EMP0299,2026-04-05,3384.35,507.65,203.06,209.83,49.07,20.31,91.38,87.99,0.0,2326.75,True,False,none
PR004724,EMP0299,2026-04-19,3262.17,489.33,195.73,202.25,47.3,19.57,88.08,0.0,0.0,2242.74,True,True,missing_401k
PR004725,EMP0299,2026-05-03,3341.05,501.16,200.46,207.15,48.45,2.12,63.54,86.87,0.0,2296.96,True,False,none
PR004726,EMP0299,2026-05-17,3310.06,496.51,198.6,205.22,48.0,0.0,0.0,86.06,0.0,2275.67,True,False,none
PR004727,EMP0299,2026-05-31,3346.62,501.99,200.8,207.49,48.53,0.0,0.0,87.01,0.0,2300.8,True,False,none
PR004728,EMP0299,2026-06-14,3348.07,502.21,200.88,207.58,48.55,0.0,0.0,87.05,0.0,2301.8,True,False,none
PR004729,EMP0299,2026-06-28,3333.97,500.1,200.04,206.71,48.34,0.0,0.0,86.68,0.0,2292.1,True,False,none
PR004730,EMP0299,2026-07-12,3239.17,485.88,194.35,200.83,46.97,0.0,0.0,84.22,0.0,2226.92,True,False,none
PR004731,EMP0299,2026-07-26,3179.81,476.97,190.79,197.15,46.11,0.0,0.0,82.68,0.0,2186.11,True,False,none
PR004732,EMP0299,2026-08-09,3288.7,493.3,197.32,203.9,47.69,0.0,0.0,85.51,0.0,2260.98,True,False,none
PR004733,EMP0299,2026-08-23,3402.52,510.38,204.15,210.96,49.34,0.0,0.0,88.47,0.0,2339.22,True,False,none
PR004734,EMP0299,2026-09-06,3318.48,497.77,199.11,205.75,48.12,0.0,0.0,86.28,0.0,2281.45,True,False,none
PR004735,EMP0300,2026-03-31,1962.03,294.3,98.1,121.65,28.45,11.77,52.97,0.0,0.0,1419.53,True,False,none
PR004736,EMP0300,2026-04-15,1986.14,297.92,99.31,123.14,28.8,11.92,53.63,0.0,0.0,1436.97,True,False,none
PR004737,EMP0300,2026-04-30,1860.76,279.11,93.04,115.37,26.98,11.16,50.24,0.0,0.0,1346.26,True,False,none
PR004738,EMP0300,2026-05-15,1940.73,291.11,97.04,120.33,28.14,7.15,52.4,0.0,0.0,1404.11,True,False,none
PR004739,EMP0300,2026-05-31,1938.09,290.71,96.9,120.16,28.1,0.0,33.76,0.0,0.0,1402.22,True,False,none
PR004740,EMP0300,2026-06-15,1984.37,297.66,99.22,123.03,28.77,0.0,0.0,0.0,0.0,1435.69,True,False,none
PR004741,EMP0300,2026-06-30,1985.23,297.78,99.26,123.08,28.79,0.0,0.0,0.0,0.0,1436.32,True,False,none
PR004742,EMP0300,2026-07-15,1939.96,290.99,97.0,120.28,28.13,0.0,0.0,0.0,0.0,1403.56,True,False,none
PR004743,EMP0300,2026-07-31,1872.87,280.93,93.64,116.12,27.16,0.0,0.0,0.0,0.0,1355.02,True,False,none
PR004744,EMP0300,2026-08-15,1956.9,293.54,97.85,121.33,28.38,0.0,0.0,0.0,0.0,1415.8,True,False,none
PR004745,EMP0300,2026-08-31,1852.19,277.83,92.61,114.84,26.86,0.0,0.0,0.0,0.0,1340.05,False,True,late_journal_posting
PR004746,EMP0301,2026-03-29,899.04,134.86,44.95,55.74,13.04,5.39,24.27,0.0,0.0,650.45,True,False,none
PR004747,EMP0301,2026-04-05,908.06,136.21,45.4,56.3,13.17,5.45,24.52,0.0,0.0,656.98,True,False,none
PR004748,EMP0301,2026-04-12,871.32,130.7,43.57,54.02,12.63,5.23,23.53,0.0,0.0,630.4,True,False,none
PR004749,EMP0301,2026-04-19,888.59,133.29,44.43,55.09,12.88,5.33,23.99,0.0,0.0,642.9,True,False,none
PR004750,EMP0301,2026-04-26,874.62,131.19,43.73,54.23,12.68,5.25,23.61,0.0,0.0,632.79,True,False,none
PR004751,EMP0301,2026-05-03,875.15,131.27,43.76,54.26,12.69,5.25,23.63,0.0,0.0,633.17,True,False,none
PR004752,EMP0301,2026-05-10,866.28,129.94,43.31,53.71,12.56,5.2,23.39,0.0,0.0,626.76,True,False,none
PR004753,EMP0301,2026-05-17,897.75,134.66,44.89,55.66,13.02,4.9,24.24,0.0,0.0,649.52,True,False,none
PR004754,EMP0301,2026-05-24,909.87,136.48,45.49,56.41,13.19,0.0,24.57,0.0,0.0,658.3,True,False,none
PR004755,EMP0301,2026-05-31,910.19,136.53,45.51,56.43,13.2,0.0,24.58,0.0,0.0,658.52,True,False,none
PR004756,EMP0301,2026-06-07,856.83,128.52,42.84,53.12,12.42,0.0,2.68,0.0,0.0,619.93,True,False,none
PR004757,EMP0301,2026-06-14,905.59,135.84,45.28,56.15,13.13,0.0,0.0,0.0,0.0,655.19,True,False,none
PR004758,EMP0301,2026-06-21,896.03,134.4,44.8,55.55,12.99,0.0,0.0,0.0,0.0,648.29,True,False,none
PR004759,EMP0301,2026-06-28,862.27,129.34,43.11,53.46,12.5,0.0,0.0,0.0,0.0,623.86,True,False,none
PR004760,EMP0301,2026-07-05,849.34,127.4,42.47,52.66,12.32,0.0,0.0,0.0,0.0,614.49,True,False,none
PR004761,EMP0301,2026-07-12,863.32,129.5,43.17,53.53,12.52,0.0,0.0,0.0,0.0,624.6,True,False,none
PR004762,EMP0301,2026-07-19,908.2,136.23,45.41,56.31,13.17,0.0,0.0,0.0,0.0,657.08,True,False,none
PR004763,EMP0301,2026-07-26,888.76,133.31,44.44,55.1,12.89,0.0,0.0,0.0,0.0,643.02,True,False,none
PR004764,EMP0301,2026-08-02,894.89,134.23,44.74,55.48,12.98,0.0,0.0,0.0,0.0,647.46,True,False,none
PR004765,EMP0301,2026-08-09,862.57,129.39,43.13,53.48,12.51,0.0,0.0,0.0,0.0,624.06,True,False,none
PR004766,EMP0301,2026-08-16,894.77,134.22,44.74,55.48,12.97,0.0,0.0,0.0,0.0,647.36,True,False,none
PR004767,EMP0301,2026-08-23,846.61,126.99,42.33,52.49,12.28,0.0,0.0,0.0,0.0,612.52,True,False,none
PR004768,EMP0301,2026-08-30,870.8,130.62,43.54,53.99,12.63,0.0,0.0,0.0,0.0,630.02,True,False,none
PR004769,EMP0301,2026-09-06,888.32,133.25,44.42,55.08,12.88,0.0,0.0,0.0,0.0,642.69,True,False,none
PR004770,EMP0301,2026-09-13,854.83,128.22,42.74,53.0,12.4,0.0,0.0,0.0,0.0,618.47,True,True,wage_base_cap_error
PR004771,EMP0302,2026-03-29,2098.79,314.82,104.94,130.12,30.43,12.59,56.67,0.0,0.0,1518.48,True,False,none
PR004772,EMP0302,2026-04-05,2003.48,300.52,100.17,124.22,29.05,12.02,54.09,0.0,0.0,1449.52,True,False,none
PR004773,EMP0302,2026-04-12,2071.11,310.67,103.56,128.41,30.03,12.43,55.92,0.0,0.0,1498.44,True,False,none
PR004774,EMP0302,2026-04-19,2031.06,304.66,101.55,125.93,29.45,4.96,54.84,0.0,0.0,1469.47,True,False,none
PR004775,EMP0302,2026-04-26,2062.0,309.3,103.1,127.84,29.9,0.0,21.48,0.0,0.0,1491.86,True,False,none
PR004776,EMP0302,2026-05-03,1982.8,297.42,99.14,122.93,28.75,0.0,0.0,0.0,0.0,1434.56,True,False,none
PR004777,EMP0302,2026-05-10,1968.12,295.22,98.41,122.02,28.54,0.0,0.0,0.0,0.0,1423.93,True,False,none
PR004778,EMP0302,2026-05-17,2112.82,316.92,105.64,130.99,30.64,0.0,0.0,0.0,0.0,1528.63,True,False,none
PR004779,EMP0302,2026-05-24,2009.09,301.36,100.45,124.56,29.13,0.0,0.0,0.0,0.0,1453.59,True,False,none
PR004780,EMP0302,2026-05-31,2098.25,314.74,104.91,130.09,30.42,0.0,0.0,0.0,0.0,1518.09,True,False,none
PR004781,EMP0302,2026-06-07,2127.37,510.58,106.37,131.9,30.85,0.0,0.0,0.0,0.0,1539.14,True,True,tax_miscalculation
PR004782,EMP0302,2026-06-14,1999.66,299.95,99.98,123.98,29.0,0.0,0.0,0.0,0.0,1446.75,True,False,none
PR004783,EMP0302,2026-06-21,2008.37,301.26,100.42,124.52,29.12,0.0,0.0,0.0,0.0,1453.05,True,False,none
PR004784,EMP0302,2026-06-28,2072.83,310.92,103.64,128.52,30.06,0.0,0.0,0.0,0.0,1499.69,True,False,none
PR004785,EMP0302,2026-07-05,2121.88,318.28,106.09,131.56,30.77,0.0,0.0,0.0,0.0,1535.18,True,False,none
PR004786,EMP0302,2026-07-12,2113.83,317.07,105.69,131.06,30.65,0.0,0.0,0.0,0.0,1529.36,True,False,none
PR004787,EMP0302,2026-07-19,2046.9,307.04,102.35,126.91,29.68,0.0,0.0,0.0,0.0,1480.92,True,False,none
PR004788,EMP0302,2026-07-26,2094.27,314.14,104.71,129.84,30.37,0.0,0.0,0.0,0.0,1515.21,True,False,none
PR004789,EMP0302,2026-08-02,1987.39,298.11,99.37,123.22,28.82,0.0,0.0,0.0,0.0,1437.87,True,False,none
PR004790,EMP0302,2026-08-09,2123.82,318.57,106.19,131.68,30.8,0.0,0.0,0.0,0.0,1536.58,True,False,none
PR004791,EMP0302,2026-08-16,2121.7,318.25,106.08,131.55,30.76,0.0,0.0,0.0,0.0,1535.06,True,False,none
PR004792,EMP0302,2026-08-23,1991.92,298.79,99.6,123.5,28.88,0.0,0.0,0.0,0.0,1441.15,True,False,none
PR004793,EMP0302,2026-08-30,2013.92,302.09,100.7,124.86,29.2,0.0,0.0,0.0,0.0,1457.07,True,False,none
PR004794,EMP0302,2026-09-06,1981.62,297.24,99.08,122.86,28.73,0.0,0.0,0.0,0.0,1433.71,True,False,none
PR004795,EMP0302,2026-09-13,2009.43,301.41,100.47,124.58,29.14,0.0,0.0,0.0,0.0,1453.83,True,False,none
PR004796,EMP0303,2026-03-31,5016.91,752.54,150.51,311.05,72.75,30.1,135.46,0.0,0.0,3730.06,True,False,none
PR004797,EMP0303,2026-04-15,4847.25,727.09,145.42,300.53,70.29,11.9,107.54,0.0,0.0,3603.92,True,False,none
PR004798,EMP0303,2026-04-30,4734.85,710.23,142.05,293.56,68.66,0.0,0.0,0.0,0.0,3520.35,True,False,none
PR004799,EMP0303,2026-05-15,4833.26,724.99,145.0,299.66,70.08,0.0,0.0,0.0,0.0,3593.53,True,False,none
PR004800,EMP0303,2026-05-31,5081.04,762.16,152.43,315.02,73.68,0.0,0.0,0.0,0.0,3777.75,True,False,none
PR004801,EMP0303,2026-06-15,4944.7,741.7,148.34,306.57,71.7,0.0,0.0,0.0,0.0,3676.39,False,True,late_journal_posting
PR004802,EMP0303,2026-06-30,4861.92,729.29,145.86,301.44,70.5,0.0,0.0,0.0,0.0,3614.83,True,False,none
PR004803,EMP0303,2026-07-15,4765.15,1143.63,142.95,295.44,69.09,0.0,0.0,0.0,0.0,3542.9,True,True,tax_miscalculation
PR004804,EMP0303,2026-07-31,5082.9,762.43,152.49,315.14,73.7,0.0,0.0,0.0,0.0,3779.14,True,False,none
PR004805,EMP0303,2026-08-15,5018.81,752.82,150.56,311.17,72.77,0.0,0.0,0.0,0.0,3731.49,True,False,none
PR004806,EMP0303,2026-08-31,4809.7,721.45,144.29,298.2,69.74,0.0,0.0,0.0,0.0,3576.02,True,False,none
PR004807,EMP0304,2026-04-05,3674.31,551.15,220.46,227.81,53.28,22.05,99.21,0.0,0.0,2621.61,True,False,none
PR004808,EMP0304,2026-04-19,3670.26,550.54,220.22,227.56,53.22,19.95,99.1,0.0,0.0,2618.72,True,False,none
PR004809,EMP0304,2026-05-03,3689.46,553.42,221.37,228.75,53.5,0.0,44.7,0.0,0.0,2632.42,True,False,none
PR004810,EMP0304,2026-05-17,3828.18,574.23,229.69,237.35,55.51,0.0,0.0,0.0,0.0,2449.21,True,True,net_pay_mismatch
PR004811,EMP0304,2026-05-31,3802.86,570.43,228.17,235.78,55.14,0.0,0.0,0.0,0.0,2713.34,True,False,none
PR004812,EMP0304,2026-06-14,3907.17,586.08,234.43,242.24,56.65,0.0,0.0,0.0,0.0,2787.77,True,False,none
PR004813,EMP0304,2026-06-28,3787.54,568.13,227.25,234.83,54.92,0.0,0.0,0.0,0.0,2702.41,True,False,none
PR004814,EMP0304,2026-07-12,3866.69,580.0,232.0,239.73,56.07,0.0,0.0,0.0,0.0,2758.89,True,False,none
PR004815,EMP0304,2026-07-26,3873.7,581.05,232.42,240.17,56.17,0.0,0.0,0.0,0.0,2763.89,True,False,none
PR004816,EMP0304,2026-08-09,3705.61,555.84,222.34,229.75,53.73,0.0,0.0,0.0,0.0,2643.95,True,False,none
PR004817,EMP0304,2026-08-23,3762.03,564.3,225.72,233.25,54.55,0.0,0.0,0.0,0.0,2684.21,True,False,none
PR004818,EMP0304,2026-09-06,3845.21,576.78,230.71,238.4,55.76,0.0,0.0,0.0,0.0,2743.56,True,False,none
PR004819,EMP0305,2026-03-29,2640.38,396.06,158.42,163.7,38.29,15.84,71.29,150.5,0.0,1733.41,True,False,none
PR004820,EMP0305,2026-04-05,2703.35,405.5,162.2,167.61,39.2,16.22,72.99,154.09,0.0,1774.75,True,False,none
PR004821,EMP0305,2026-04-12,2740.86,411.13,164.45,169.93,39.74,9.94,74.0,156.23,0.0,1799.38,True,False,none
PR004822,EMP0305,2026-04-19,2840.76,426.11,170.45,176.13,41.19,0.0,24.72,161.92,0.0,1864.96,True,False,none
PR004823,EMP0305,2026-04-26,2727.81,409.17,163.67,169.12,39.55,0.0,0.0,155.49,0.0,1790.81,True,False,none
PR004824,EMP0305,2026-05-03,2801.75,420.26,168.1,173.71,40.63,0.0,0.0,159.7,0.0,1839.35,True,False,none
PR004825,EMP0305,2026-05-10,2718.61,407.79,163.12,168.55,39.42,0.0,0.0,154.96,0.0,1784.77,True,False,none
PR004826,EMP0305,2026-05-17,2797.49,419.62,167.85,173.44,40.56,0.0,0.0,159.46,0.0,1836.56,True,False,none
PR004827,EMP0305,2026-05-24,2753.98,413.1,165.24,170.75,39.93,0.0,0.0,156.98,0.0,1807.98,True,False,none
PR004828,EMP0305,2026-05-31,2817.02,422.55,169.02,174.66,40.85,0.0,0.0,160.57,0.0,1849.37,True,False,none
PR004829,EMP0305,2026-06-07,2714.04,407.11,162.84,168.27,39.35,0.0,0.0,154.7,0.0,1781.77,True,False,none
PR004830,EMP0305,2026-06-14,2755.9,413.38,165.35,170.87,39.96,0.0,0.0,157.09,0.0,1809.25,True,False,none
PR004831,EMP0305,2026-06-21,2761.47,414.22,165.69,171.21,40.04,0.0,0.0,157.4,0.0,1812.91,True,False,none
PR004832,EMP0305,2026-06-28,2715.44,407.32,162.93,168.36,39.37,0.0,0.0,0.0,0.0,1782.68,True,True,missing_401k
PR004833,EMP0305,2026-07-05,2656.32,398.45,159.38,164.69,38.52,0.0,0.0,151.41,0.0,1743.87,True,False,none
PR004834,EMP0305,2026-07-12,2645.33,396.8,158.72,164.01,38.36,0.0,0.0,150.78,0.0,1736.66,True,False,none
PR004835,EMP0305,2026-07-19,2628.68,394.3,157.72,162.98,38.12,0.0,0.0,149.83,0.0,1725.73,True,False,none
PR004836,EMP0305,2026-07-26,2814.19,422.13,168.85,174.48,40.81,0.0,0.0,160.41,0.0,1847.51,True,False,none
PR004837,EMP0305,2026-08-02,2676.27,401.44,160.58,165.93,38.81,0.0,0.0,152.55,0.0,1756.96,True,False,none
PR004838,EMP0305,2026-08-09,2670.86,400.63,160.25,165.59,38.73,0.0,0.0,152.24,0.0,1753.42,True,False,none
PR004839,EMP0305,2026-08-16,2784.42,417.66,167.07,172.63,40.37,0.0,0.0,158.71,0.0,1827.98,True,False,none
PR004840,EMP0305,2026-08-23,2694.36,404.15,161.66,167.05,39.07,0.0,0.0,153.58,0.0,1768.85,True,False,none
PR004841,EMP0305,2026-08-30,2734.63,410.19,164.08,305.19,39.65,0.0,0.0,155.87,0.0,1795.29,True,True,tax_miscalculation
PR004842,EMP0305,2026-09-06,2660.26,399.04,159.62,164.94,38.57,0.0,0.0,151.63,0.0,1746.46,True,False,none
PR004843,EMP0305,2026-09-13,2832.86,424.93,169.97,175.64,41.08,0.0,0.0,161.47,0.0,1859.77,True,False,none
PR004844,EMP0306,2026-03-31,2780.69,417.1,139.03,172.4,40.32,16.68,75.08,297.53,0.0,1714.31,True,False,none
PR004845,EMP0306,2026-04-15,2783.3,417.5,139.17,172.56,40.36,16.7,75.15,297.81,0.0,1715.9,True,False,none
PR004846,EMP0306,2026-04-30,2685.37,402.81,134.27,166.49,38.94,8.62,72.5,287.33,0.0,1655.53,True,False,none
PR004847,EMP0306,2026-05-15,2761.57,414.24,138.08,171.22,40.04,0.0,20.27,295.49,0.0,1702.5,True,False,none
PR004848,EMP0306,2026-05-31,2629.03,394.35,131.45,163.0,38.12,0.0,0.0,281.31,0.0,1620.8,True,False,none
PR004849,EMP0306,2026-06-15,2600.05,390.01,130.0,161.2,37.7,0.0,0.0,278.21,0.0,1602.93,True,False,none
PR004850,EMP0306,2026-06-30,2602.48,390.37,130.12,161.35,37.74,0.0,0.0,278.47,0.0,1604.43,True,False,none
PR004851,EMP0306,2026-07-15,2723.9,408.58,136.2,168.88,39.5,0.0,0.0,291.46,0.0,1679.28,True,False,none
PR004852,EMP0306,2026-07-31,2695.79,404.37,134.79,167.14,39.09,0.0,0.0,288.45,0.0,1661.95,True,False,none
PR004853,EMP0306,2026-08-15,2709.21,406.38,135.46,167.97,39.28,0.0,0.0,289.89,0.0,1670.23,True,False,none
PR004854,EMP0306,2026-08-31,2599.8,389.97,129.99,161.19,37.7,0.0,0.0,278.18,0.0,1602.77,True,False,none
PR004855,EMP0307,2026-03-31,2395.2,359.28,119.76,148.5,34.73,14.37,64.67,277.84,0.0,1455.09,True,False,none
PR004856,EMP0307,2026-04-15,2451.58,367.74,122.58,152.0,35.55,14.71,66.19,284.38,0.0,1489.33,True,False,none
PR004857,EMP0307,2026-04-30,2399.02,359.85,119.95,148.74,34.79,12.92,64.77,278.29,0.0,1457.4,True,False,none
PR004858,EMP0307,2026-05-15,2454.29,368.14,122.71,152.17,35.59,0.0,47.36,284.7,0.0,1490.98,True,False,none
PR004859,EMP0307,2026-05-31,2358.99,353.85,117.95,146.26,34.21,0.0,0.0,273.64,0.0,1433.08,True,True,wage_base_cap_error
PR004860,EMP0307,2026-06-15,2469.73,370.46,123.49,153.12,35.81,0.0,0.0,286.49,0.0,1500.36,True,False,none
PR004861,EMP0307,2026-06-30,2426.84,364.03,121.34,150.46,35.19,0.0,0.0,281.51,0.0,1474.31,True,False,none
PR004862,EMP0307,2026-07-15,2354.75,353.21,117.74,145.99,34.14,0.0,0.0,273.15,0.0,1430.52,True,False,none
PR004863,EMP0307,2026-07-31,2359.7,353.95,117.98,146.3,34.22,0.0,0.0,273.73,0.0,1433.52,True,False,none
PR004864,EMP0307,2026-08-15,2434.4,365.16,121.72,150.93,35.3,0.0,0.0,282.39,0.0,1478.9,True,False,none
PR004865,EMP0307,2026-08-31,2472.94,370.94,123.65,153.32,35.86,0.0,0.0,286.86,0.0,1502.31,True,False,none
PR004866,EMP0308,2026-03-31,1395.08,209.26,55.8,86.49,20.23,8.37,37.67,0.0,0.0,1023.3,True,False,none
PR004867,EMP0308,2026-04-15,1377.58,206.64,55.1,85.41,19.97,8.27,37.19,0.0,0.0,1010.46,True,False,none
PR004868,EMP0308,2026-04-30,1445.29,216.79,57.81,89.61,20.96,8.67,39.02,0.0,0.0,1060.12,True,False,none
PR004869,EMP0308,2026-05-15,1423.3,213.49,56.93,88.24,20.64,8.54,38.43,0.0,0.0,1044.0,True,False,none
PR004870,EMP0308,2026-05-31,1398.69,209.8,55.95,86.72,20.28,8.15,37.76,0.0,0.0,1025.94,True,False,none
PR004871,EMP0308,2026-06-15,1403.12,210.47,56.12,86.99,20.35,0.0,37.88,0.0,0.0,1029.19,True,False,none
PR004872,EMP0308,2026-06-30,1371.57,205.74,54.86,85.04,19.89,0.0,15.04,0.0,0.0,1006.04,True,False,none
PR004873,EMP0308,2026-07-15,1418.57,212.79,56.74,87.95,20.57,0.0,0.0,0.0,0.0,1040.52,True,False,none
PR004874,EMP0308,2026-07-31,1388.75,208.31,55.55,86.1,20.14,0.0,0.0,0.0,0.0,1018.65,True,False,none
PR004875,EMP0308,2026-08-15,1459.6,218.94,58.38,90.5,21.16,0.0,0.0,0.0,0.0,1070.62,True,False,none
PR004876,EMP0308,2026-08-31,1402.26,210.34,56.09,86.94,20.33,0.0,0.0,0.0,0.0,1028.56,True,False,none
PR004877,EMP0309,2026-03-31,5952.18,892.83,357.13,369.04,86.31,35.71,160.71,142.85,0.0,4104.02,True,False,none
PR004878,EMP0309,2026-04-15,5989.93,898.49,359.4,185.69,86.85,6.29,82.29,143.76,0.0,4130.05,True,True,tax_miscalculation
PR004879,EMP0309,2026-04-30,6155.55,923.33,369.33,381.64,89.26,0.0,0.0,147.73,0.0,4244.26,True,False,none
PR004880,EMP0309,2026-05-15,6100.83,915.12,366.05,378.25,88.46,0.0,0.0,146.42,0.0,4206.53,True,False,none
PR004881,EMP0309,2026-05-31,5935.78,890.37,356.15,368.02,86.07,0.0,0.0,142.46,0.0,4092.71,True,False,none
PR004882,EMP0309,2026-06-15,6062.07,909.31,363.72,375.85,87.9,0.0,0.0,145.49,0.0,4179.8,True,False,none
PR004883,EMP0309,2026-06-30,5999.55,899.93,359.97,371.97,86.99,0.0,0.0,143.99,0.0,4136.7,True,False,none
PR004884,EMP0309,2026-07-15,5955.24,893.29,357.31,369.22,86.35,0.0,0.0,142.93,0.0,4106.14,True,False,none
PR004885,EMP0309,2026-07-31,5813.62,872.04,767.4,360.44,84.3,0.0,0.0,139.53,0.0,4008.49,True,True,tax_miscalculation
PR004886,EMP0309,2026-08-15,5941.82,891.27,356.51,368.39,86.16,0.0,0.0,142.6,0.0,4096.89,True,False,none
PR004887,EMP0309,2026-08-31,5838.87,875.83,350.33,362.01,84.66,0.0,0.0,140.13,0.0,4025.91,True,False,none
PR004888,EMP0310,2026-03-29,2662.12,399.32,79.86,165.05,38.6,15.97,71.88,0.0,0.0,1979.29,True,False,none
PR004889,EMP0310,2026-04-05,2543.82,381.57,76.31,157.72,36.89,15.26,68.68,0.0,0.0,1891.33,True,False,none
PR004890,EMP0310,2026-04-12,2669.76,400.46,80.09,165.53,38.71,10.76,72.08,0.0,0.0,1984.97,True,False,none
PR004891,EMP0310,2026-04-19,2584.17,387.63,77.53,160.22,37.47,0.0,30.36,0.0,0.0,1921.32,True,False,none
PR004892,EMP0310,2026-04-26,2604.28,390.64,78.13,161.47,37.76,0.0,0.0,0.0,0.0,1936.28,True,False,none
PR004893,EMP0310,2026-05-03,2586.19,387.93,77.59,160.34,37.5,0.0,0.0,0.0,0.0,1922.83,True,False,none
PR004894,EMP0310,2026-05-10,2501.76,375.26,75.05,155.11,36.28,0.0,0.0,0.0,0.0,1860.06,True,False,none
PR004895,EMP0310,2026-05-17,2552.07,382.81,76.56,158.23,37.01,0.0,0.0,0.0,0.0,1897.46,True,False,none
PR004896,EMP0310,2026-05-24,2495.59,374.34,74.87,154.73,36.19,0.0,0.0,0.0,0.0,1855.46,True,False,none
PR004897,EMP0310,2026-05-31,2602.53,390.38,78.08,161.36,37.74,0.0,0.0,0.0,0.0,1934.97,True,False,none
PR004898,EMP0310,2026-06-07,2566.58,384.99,77.0,159.13,37.22,0.0,0.0,0.0,0.0,1908.24,True,False,none
PR004899,EMP0310,2026-06-14,2634.18,395.13,79.03,81.66,38.2,0.0,0.0,0.0,0.0,1958.5,True,True,tax_miscalculation
PR004900,EMP0310,2026-06-21,2520.36,378.05,75.61,156.26,36.55,0.0,0.0,0.0,0.0,1873.89,True,False,none
PR004901,EMP0310,2026-06-28,2508.95,376.34,75.27,155.55,36.38,0.0,0.0,0.0,0.0,1865.41,True,False,none
PR004902,EMP0310,2026-07-05,2558.3,383.75,76.75,158.61,37.1,0.0,0.0,0.0,0.0,1902.09,True,False,none
PR004903,EMP0310,2026-07-12,2664.51,399.68,79.94,165.2,38.64,0.0,0.0,0.0,0.0,1981.05,True,False,none
PR004904,EMP0310,2026-07-19,2620.38,393.06,78.61,162.46,38.0,0.0,0.0,0.0,0.0,1948.25,True,False,none
PR004905,EMP0310,2026-07-26,2560.87,384.13,76.83,158.77,37.13,0.0,0.0,0.0,0.0,1904.01,True,False,none
PR004906,EMP0310,2026-08-02,2580.95,387.14,77.43,160.02,37.42,0.0,0.0,0.0,0.0,1918.94,True,False,none
PR004907,EMP0310,2026-08-09,2492.54,373.88,74.78,154.54,36.14,0.0,0.0,0.0,0.0,1853.2,True,False,none
PR004908,EMP0310,2026-08-16,2676.35,401.45,80.29,165.93,38.81,0.0,0.0,0.0,0.0,1989.87,True,False,none
PR004909,EMP0310,2026-08-23,2611.4,391.71,78.34,161.91,37.87,0.0,0.0,0.0,0.0,1941.57,False,True,late_journal_posting
PR004910,EMP0310,2026-08-30,2533.62,380.04,76.01,157.08,36.74,0.0,0.0,0.0,0.0,1883.75,True,False,none
PR004911,EMP0310,2026-09-06,2594.94,389.24,77.85,160.89,37.63,0.0,0.0,0.0,0.0,1929.33,True,False,none
PR004912,EMP0310,2026-09-13,2497.7,374.65,74.93,154.86,36.22,0.0,0.0,0.0,0.0,1857.04,False,True,late_journal_posting
PR004913,EMP0311,2026-04-05,3690.82,553.62,0.0,228.83,53.52,22.14,99.65,439.21,0.0,2415.64,True,False,none
PR004914,EMP0311,2026-04-19,3467.79,520.17,0.0,215.0,50.28,19.86,93.63,412.67,0.0,2269.67,True,False,none
PR004915,EMP0311,2026-05-03,3601.22,540.18,0.0,223.28,52.22,0.0,49.72,428.55,0.0,2356.99,True,False,none
PR004916,EMP0311,2026-05-17,3487.72,523.16,0.0,216.24,50.57,0.0,0.0,415.04,0.0,2282.71,True,False,none
PR004917,EMP0311,2026-05-31,3620.82,543.12,0.0,224.49,52.5,0.0,0.0,430.88,0.0,2369.83,True,False,none
PR004918,EMP0311,2026-06-14,3637.53,545.63,0.0,225.53,52.74,0.0,0.0,432.87,0.0,2380.76,True,False,none
PR004919,EMP0311,2026-06-28,3608.38,541.26,0.0,111.86,52.32,0.0,0.0,429.4,0.0,2361.68,True,True,tax_miscalculation
PR004920,EMP0311,2026-07-12,3591.76,538.76,0.0,222.69,52.08,0.0,0.0,427.42,0.0,2350.81,True,False,none
PR004921,EMP0311,2026-07-26,3670.13,550.52,0.0,227.55,53.22,0.0,0.0,436.75,0.0,2402.09,True,False,none
PR004922,EMP0311,2026-08-09,3440.68,516.1,0.0,213.32,49.89,0.0,0.0,409.44,0.0,2251.93,True,False,none
PR004923,EMP0311,2026-08-23,3511.81,526.77,0.0,217.73,50.92,0.0,0.0,417.91,0.0,2298.48,True,False,none
PR004924,EMP0311,2026-09-06,3488.51,523.28,0.0,216.29,50.58,0.0,0.0,415.13,0.0,2283.23,True,False,none
PR004925,EMP0312,2026-04-05,1627.59,244.14,48.83,100.91,23.6,9.77,43.94,0.0,0.0,1210.11,True,False,none
PR004926,EMP0312,2026-04-19,1553.29,232.99,46.6,96.3,22.52,9.32,41.94,0.0,0.0,1154.88,True,False,none
PR004927,EMP0312,2026-05-03,1595.89,239.38,47.88,98.95,23.14,9.58,43.09,0.0,0.0,1186.54,True,False,none
PR004928,EMP0312,2026-05-17,1589.94,238.49,47.7,98.58,23.05,9.54,42.93,0.0,0.0,1182.12,True,False,none
PR004929,EMP0312,2026-05-31,1531.28,229.69,45.94,94.94,22.2,3.8,41.34,0.0,0.0,1138.51,True,False,none
PR004930,EMP0312,2026-06-14,1534.62,230.19,46.04,95.15,22.25,0.0,29.75,0.0,0.0,1140.99,True,False,none
PR004931,EMP0312,2026-06-28,1539.87,230.98,46.2,95.47,22.33,0.0,0.0,0.0,0.0,1144.89,True,False,none
PR004932,EMP0312,2026-07-12,1555.98,233.4,46.68,96.47,22.56,0.0,0.0,0.0,0.0,1156.87,True,False,none
PR004933,EMP0312,2026-07-26,1534.04,230.11,46.02,95.11,22.24,0.0,0.0,0.0,0.0,1140.56,True,False,none
PR004934,EMP0312,2026-08-09,1507.39,226.11,45.22,93.46,21.86,0.0,0.0,0.0,0.0,1120.74,True,False,none
PR004935,EMP0312,2026-08-23,1614.11,242.12,48.42,100.07,23.4,0.0,0.0,0.0,0.0,1200.1,True,False,none
PR004936,EMP0312,2026-09-06,1624.81,243.72,48.74,100.74,23.56,0.0,0.0,0.0,0.0,1208.05,True,False,none
PR004937,EMP0313,2026-03-31,3930.52,589.58,235.83,243.69,56.99,23.58,106.12,0.0,0.0,2804.43,True,False,none
PR004938,EMP0313,2026-04-15,3929.56,589.43,235.77,243.63,56.98,18.42,106.1,0.0,0.0,2803.75,True,False,none
PR004939,EMP0313,2026-04-30,3825.07,573.76,229.5,237.15,55.46,0.0,30.78,0.0,0.0,2729.2,True,False,none
PR004940,EMP0313,2026-05-15,4037.3,605.6,242.24,250.31,58.54,0.0,0.0,0.0,0.0,2880.61,True,False,none
PR004941,EMP0313,2026-05-31,4083.08,612.46,244.98,253.15,59.2,0.0,0.0,0.0,0.0,2913.29,True,False,none
PR004942,EMP0313,2026-06-15,3869.06,580.36,232.14,239.88,56.1,0.0,0.0,0.0,0.0,2760.58,True,False,none
PR004943,EMP0313,2026-06-30,3873.17,580.98,232.39,240.14,56.16,0.0,0.0,0.0,0.0,2763.5,True,False,none
PR004944,EMP0313,2026-07-15,4071.93,610.79,244.32,252.46,59.04,0.0,0.0,0.0,0.0,2905.32,True,False,none
PR004945,EMP0313,2026-07-31,4017.14,602.57,241.03,249.06,58.25,0.0,0.0,0.0,0.0,2866.23,True,False,none
PR004946,EMP0313,2026-08-15,3836.98,575.55,230.22,237.89,55.64,0.0,0.0,0.0,0.0,2737.68,True,False,none
PR004947,EMP0313,2026-08-31,4019.11,602.87,241.15,249.18,58.28,0.0,0.0,0.0,0.0,2867.63,True,False,none
PR004948,EMP0314,2026-04-05,5414.73,812.21,0.0,335.71,78.51,32.49,146.2,389.86,0.0,3798.44,True,False,none
PR004949,EMP0314,2026-04-19,5440.77,816.12,0.0,337.33,78.89,9.51,96.8,391.74,0.0,3816.69,True,False,none
PR004950,EMP0314,2026-05-03,5615.41,842.31,0.0,348.16,81.42,0.0,0.0,404.31,0.0,3939.21,True,False,none
PR004951,EMP0314,2026-05-17,5633.35,845.0,0.0,349.27,81.68,0.0,0.0,405.6,0.0,3951.8,True,False,none
PR004952,EMP0314,2026-05-31,5454.55,818.18,0.0,338.18,79.09,0.0,0.0,392.73,0.0,3826.37,True,False,none
PR004953,EMP0314,2026-06-14,5692.67,853.9,0.0,352.95,82.54,0.0,0.0,409.87,0.0,3993.41,True,False,none
PR004954,EMP0314,2026-06-28,5457.21,818.58,0.0,338.35,79.13,0.0,0.0,392.92,0.0,3828.23,True,False,none
PR004955,EMP0314,2026-07-12,5616.32,842.45,0.0,348.21,81.44,0.0,0.0,404.38,0.0,3939.84,True,False,none
PR004956,EMP0314,2026-07-26,5490.92,823.64,0.0,340.44,79.62,0.0,0.0,395.35,0.0,3851.87,True,False,none
PR004957,EMP0314,2026-08-09,5671.06,850.66,0.0,351.61,82.23,0.0,0.0,408.32,0.0,3978.24,True,False,none
PR004958,EMP0314,2026-08-23,5675.51,851.33,0.0,351.88,82.29,0.0,0.0,408.64,0.0,3981.37,True,False,none
PR004959,EMP0314,2026-09-06,5318.27,797.74,0.0,329.73,77.11,0.0,0.0,382.92,0.0,3730.77,True,False,none
PR004960,EMP0315,2026-04-05,4144.39,621.66,0.0,256.95,60.09,24.87,111.9,0.0,1274.78,1930.91,True,False,none
PR004961,EMP0315,2026-04-19,4098.33,614.75,0.0,254.1,59.43,17.13,110.65,0.0,666.58,2503.47,True,False,none
PR004962,EMP0315,2026-05-03,4102.71,615.41,0.0,254.37,59.49,0.0,20.45,0.0,1285.37,1888.07,True,False,none
PR004963,EMP0315,2026-05-17,3938.99,590.85,0.0,244.22,57.12,0.0,0.0,0.0,1327.42,1719.38,True,False,none
PR004964,EMP0315,2026-05-31,3863.07,579.46,0.0,239.51,56.01,0.0,0.0,0.0,582.6,2405.49,True,False,none
PR004965,EMP0315,2026-06-14,4017.82,602.67,0.0,249.1,58.26,0.0,0.0,0.0,1003.0,2104.79,True,False,none
PR004966,EMP0315,2026-06-28,4051.95,607.79,0.0,251.22,58.75,0.0,0.0,0.0,486.08,2648.11,True,False,none
PR004967,EMP0315,2026-07-12,4151.97,622.8,0.0,257.42,60.2,0.0,0.0,0.0,524.69,2686.86,True,False,none
PR004968,EMP0315,2026-07-26,3892.64,583.9,0.0,241.34,56.44,0.0,0.0,0.0,464.3,2546.66,True,False,none
PR004969,EMP0315,2026-08-09,4027.11,604.07,0.0,249.68,58.39,0.0,0.0,0.0,1338.44,1776.53,True,False,none
PR004970,EMP0315,2026-08-23,4058.55,608.78,0.0,251.63,58.85,0.0,0.0,0.0,1245.66,1893.63,True,False,none
PR004971,EMP0315,2026-09-06,3851.46,577.72,0.0,238.79,55.85,0.0,0.0,0.0,931.28,2047.82,True,False,none
PR004972,EMP0316,2026-04-05,4283.38,642.51,257.0,265.57,62.11,25.7,115.65,0.0,0.0,3056.19,True,False,none
PR004973,EMP0316,2026-04-19,4296.79,644.52,257.81,266.4,62.3,16.3,116.01,0.0,0.0,3065.76,True,False,none
PR004974,EMP0316,2026-05-03,4151.54,622.73,249.09,257.4,60.2,0.0,11.34,0.0,0.0,2962.12,True,False,none
PR004975,EMP0316,2026-05-17,4359.92,653.99,261.6,270.32,63.22,0.0,0.0,0.0,0.0,3110.79,True,False,none
PR004976,EMP0316,2026-05-31,4298.24,644.74,257.89,266.49,62.32,0.0,0.0,0.0,0.0,3066.8,True,False,none
PR004977,EMP0316,2026-06-14,4387.39,658.11,263.24,272.02,63.62,0.0,0.0,0.0,0.0,3130.4,True,False,none
PR004978,EMP0316,2026-06-28,4292.14,643.82,257.53,266.11,62.24,0.0,0.0,0.0,0.0,3062.44,True,False,none
PR004979,EMP0316,2026-07-12,4177.81,626.67,250.67,259.02,60.58,0.0,0.0,0.0,0.0,2980.87,True,False,none
PR004980,EMP0316,2026-07-26,4347.61,652.14,260.86,269.55,63.04,0.0,0.0,0.0,0.0,3102.02,True,False,none
PR004981,EMP0316,2026-08-09,4185.64,627.85,251.14,259.51,60.69,0.0,0.0,0.0,0.0,2986.45,True,False,none
PR004982,EMP0316,2026-08-23,4423.9,663.58,265.43,274.28,64.15,0.0,0.0,0.0,0.0,3156.46,True,False,none
PR004983,EMP0316,2026-09-06,4335.65,650.35,260.14,268.81,62.87,0.0,0.0,0.0,0.0,3093.48,True,False,none
PR004984,EMP0317,2026-03-31,3412.94,511.94,0.0,211.6,49.49,20.48,92.15,0.0,0.0,2639.91,True,False,none
PR004985,EMP0317,2026-04-15,3636.67,545.5,0.0,225.47,52.73,21.52,98.19,0.0,0.0,2812.97,True,False,none
PR004986,EMP0317,2026-04-30,3513.3,527.0,0.0,217.82,50.94,0.0,52.66,0.0,0.0,2717.54,True,False,none
PR004987,EMP0317,2026-05-15,3389.52,508.43,0.0,210.15,49.15,0.0,0.0,0.0,0.0,2621.79,True,False,none
PR004988,EMP0317,2026-05-31,3543.44,531.52,0.0,219.69,51.38,0.0,0.0,0.0,0.0,2740.85,True,False,none
PR004989,EMP0317,2026-06-15,3439.62,515.94,0.0,213.26,49.87,0.0,0.0,0.0,0.0,2660.55,True,False,none
PR004990,EMP0317,2026-06-30,3592.59,538.89,0.0,222.74,52.09,0.0,0.0,0.0,0.0,2778.87,True,False,none
PR004991,EMP0317,2026-07-15,3596.51,539.48,0.0,222.98,52.15,0.0,0.0,0.0,0.0,2781.9,True,False,none
PR004992,EMP0317,2026-07-31,3641.29,546.19,0.0,225.76,52.8,0.0,0.0,0.0,0.0,2816.54,True,False,none
PR004993,EMP0317,2026-08-15,3508.72,526.31,0.0,217.54,50.88,0.0,0.0,0.0,0.0,2713.99,True,False,none
PR004994,EMP0317,2026-08-31,3495.68,524.35,0.0,216.73,50.69,0.0,0.0,0.0,0.0,2703.91,True,False,none
PR004995,EMP0318,2026-04-05,4078.08,611.71,538.3,252.84,59.13,24.47,110.11,318.09,0.0,2591.63,True,True,tax_miscalculation
PR004996,EMP0318,2026-04-19,3881.43,582.21,232.89,240.65,56.28,17.53,104.8,302.75,0.0,2466.65,True,False,none
PR004997,EMP0318,2026-05-03,4012.67,601.9,240.76,248.79,58.18,0.0,28.09,312.99,0.0,2550.05,True,False,none
PR004998,EMP0318,2026-05-17,4012.46,601.87,240.75,248.77,58.18,0.0,0.0,312.97,0.0,2549.92,True,False,none
PR004999,EMP0318,2026-05-31,3867.82,580.17,232.07,239.8,56.08,0.0,0.0,301.69,0.0,2458.01,True,False,none
PR005000,EMP0318,2026-06-14,3971.84,595.78,238.31,246.25,57.59,0.0,0.0,309.8,0.0,2524.11,True,False,none
PR005001,EMP0318,2026-06-28,4109.69,616.45,246.58,254.8,59.59,0.0,0.0,320.56,0.0,2611.71,True,False,none
PR005002,EMP0318,2026-07-12,4110.59,616.59,246.64,254.86,59.6,0.0,0.0,320.63,0.0,2612.27,True,False,none
PR005003,EMP0318,2026-07-26,3870.91,580.64,232.25,240.0,56.13,0.0,0.0,301.93,0.0,2459.96,True,False,none
PR005004,EMP0318,2026-08-09,3868.21,580.23,232.09,239.83,56.09,0.0,0.0,301.72,0.0,2458.25,True,False,none
PR005005,EMP0318,2026-08-23,3922.67,588.4,235.36,243.21,56.88,0.0,0.0,305.97,0.0,2492.85,True,False,none
PR005006,EMP0318,2026-09-06,4116.49,617.47,246.99,255.22,59.69,0.0,0.0,321.09,0.0,2616.03,True,False,none
PR005007,EMP0319,2026-04-05,5046.0,756.9,302.76,312.85,73.17,30.28,136.24,126.15,0.0,3474.17,True,False,none
PR005008,EMP0319,2026-04-19,5289.41,793.41,317.36,327.94,76.7,11.72,106.76,132.24,0.0,3641.76,True,True,wage_base_cap_error
PR005009,EMP0319,2026-05-03,5034.58,755.19,302.07,312.14,73.0,0.0,0.0,125.86,0.0,3466.32,True,False,none
PR005010,EMP0319,2026-05-17,5249.52,787.43,314.97,325.47,76.12,0.0,0.0,131.24,0.0,3614.29,True,False,none
PR005011,EMP0319,2026-05-31,5139.54,770.93,308.37,318.65,74.52,0.0,0.0,128.49,0.0,3538.58,True,False,none
PR005012,EMP0319,2026-06-14,5317.79,797.67,319.07,329.7,77.11,0.0,0.0,132.94,0.0,3661.3,True,True,wage_base_cap_error
PR005013,EMP0319,2026-06-28,5089.15,763.37,305.35,315.53,73.79,0.0,0.0,127.23,0.0,3503.88,True,False,none
PR005014,EMP0319,2026-07-12,5256.14,788.42,315.37,325.88,76.21,0.0,0.0,131.4,0.0,3618.86,True,False,none
PR005015,EMP0319,2026-07-26,5089.97,763.5,305.4,315.58,73.8,0.0,0.0,127.25,0.0,3504.44,True,False,none
PR005016,EMP0319,2026-08-09,5286.8,793.02,317.21,327.78,76.66,0.0,0.0,132.17,0.0,3639.96,False,True,late_journal_posting
PR005017,EMP0319,2026-08-23,5352.69,802.9,321.16,331.87,77.61,0.0,0.0,133.82,0.0,3685.33,True,False,none
PR005018,EMP0319,2026-09-06,5045.14,756.77,302.71,312.8,73.15,0.0,0.0,126.13,0.0,3473.58,True,False,none
PR005019,EMP0320,2026-03-29,1274.15,191.12,63.71,79.0,18.48,7.64,34.4,0.0,0.0,921.84,True,False,none
PR005020,EMP0320,2026-04-05,1247.38,187.11,62.37,77.34,18.09,7.48,33.68,0.0,0.0,902.47,True,False,none
PR005021,EMP0320,2026-04-12,1201.63,180.24,60.08,74.5,17.42,7.21,32.44,0.0,0.0,869.39,True,False,none
PR005022,EMP0320,2026-04-19,1231.09,184.66,61.55,76.33,17.85,7.39,33.24,0.0,0.0,890.7,True,False,none
PR005023,EMP0320,2026-04-26,1204.94,180.74,60.25,74.71,17.47,7.23,32.53,0.0,0.0,871.77,True,False,none
PR005024,EMP0320,2026-05-03,1257.85,188.68,62.89,77.99,18.24,5.04,33.96,0.0,0.0,910.05,True,False,none
PR005025,EMP0320,2026-05-10,1263.59,189.54,63.18,78.34,18.32,0.0,34.12,0.0,0.0,914.21,True,False,none
PR005026,EMP0320,2026-05-17,1199.54,179.93,59.98,74.37,17.39,0.0,8.62,0.0,0.0,867.87,True,False,none
PR005027,EMP0320,2026-05-24,1238.8,185.82,61.94,76.81,17.96,0.0,0.0,0.0,0.0,896.27,True,False,none
PR005028,EMP0320,2026-05-31,1269.06,304.58,63.45,78.68,18.4,0.0,0.0,0.0,0.0,918.17,True,True,tax_miscalculation
PR005029,EMP0320,2026-06-07,1280.98,192.15,64.05,79.42,18.57,0.0,0.0,0.0,0.0,926.79,True,False,none
PR005030,EMP0320,2026-06-14,1239.52,185.93,61.98,76.85,17.97,0.0,0.0,0.0,0.0,896.79,True,False,none
PR005031,EMP0320,2026-06-21,1282.36,192.35,64.12,79.51,18.59,0.0,0.0,0.0,0.0,927.79,True,False,none
PR005032,EMP0320,2026-06-28,1241.7,186.25,62.09,76.99,18.0,0.0,0.0,0.0,0.0,898.37,True,False,none
PR005033,EMP0320,2026-07-05,1227.82,184.17,61.39,76.12,17.8,0.0,0.0,0.0,0.0,888.34,True,False,none
PR005034,EMP0320,2026-07-12,1272.35,190.85,63.62,78.89,18.45,0.0,0.0,0.0,0.0,920.54,True,False,none
PR005035,EMP0320,2026-07-19,1237.51,185.63,61.88,76.73,17.94,0.0,0.0,0.0,0.0,895.33,True,False,none
PR005036,EMP0320,2026-07-26,1235.44,185.32,61.77,76.6,17.91,0.0,0.0,0.0,0.0,893.84,True,False,none
PR005037,EMP0320,2026-08-02,1237.25,185.59,61.86,76.71,17.94,0.0,0.0,0.0,0.0,895.15,True,False,none
PR005038,EMP0320,2026-08-09,1272.21,190.83,63.61,78.88,18.45,0.0,0.0,0.0,0.0,920.44,True,False,none
PR005039,EMP0320,2026-08-16,1270.75,190.61,63.54,78.79,18.43,0.0,0.0,0.0,0.0,919.38,True,False,none
PR005040,EMP0320,2026-08-23,1228.74,184.31,61.44,76.18,17.82,0.0,0.0,0.0,0.0,888.99,True,False,none
PR005041,EMP0320,2026-08-30,1221.85,183.28,61.09,75.75,17.72,0.0,0.0,0.0,0.0,884.01,True,False,none
PR005042,EMP0320,2026-09-06,1237.41,185.61,61.87,76.72,17.94,0.0,0.0,0.0,0.0,895.27,True,False,none
PR005043,EMP0320,2026-09-13,1245.34,186.8,62.27,77.21,18.06,0.0,0.0,0.0,0.0,901.0,True,False,none
PR005044,EMP0321,2026-04-05,5302.79,795.42,265.14,328.77,76.89,31.82,143.18,578.0,0.0,3258.57,True,False,none
PR005045,EMP0321,2026-04-19,5541.1,831.17,277.06,343.55,80.35,10.18,99.82,603.98,0.0,3404.99,True,False,none
PR005046,EMP0321,2026-05-03,5409.22,811.38,270.46,335.37,78.43,0.0,0.0,589.6,0.0,3323.98,True,False,none
PR005047,EMP0321,2026-05-17,5343.84,801.58,267.19,331.32,77.49,0.0,0.0,582.48,0.0,3283.78,True,False,none
PR005048,EMP0321,2026-05-31,5246.38,786.96,262.32,325.28,76.07,0.0,0.0,571.86,0.0,3223.89,True,False,none
PR005049,EMP0321,2026-06-14,5303.01,795.45,265.15,328.79,76.89,0.0,0.0,578.03,0.0,3258.7,True,False,none
PR005050,EMP0321,2026-06-28,5607.72,841.16,280.39,347.68,81.31,0.0,0.0,611.24,0.0,3445.94,True,False,none
PR005051,EMP0321,2026-07-12,5331.42,799.71,266.57,330.55,77.31,0.0,0.0,581.12,0.0,3276.16,True,False,none
PR005052,EMP0321,2026-07-26,5272.99,790.95,263.65,326.93,76.46,0.0,0.0,574.76,0.0,3240.24,True,False,none
PR005053,EMP0321,2026-08-09,5398.15,809.72,269.91,334.69,78.27,0.0,0.0,588.4,0.0,3317.16,True,False,none
PR005054,EMP0321,2026-08-23,5332.28,799.84,266.61,330.6,77.32,0.0,0.0,581.22,0.0,3276.69,True,False,none
PR005055,EMP0321,2026-09-06,5215.64,782.35,260.78,323.37,75.63,0.0,0.0,568.5,0.0,3205.01,True,False,none
PR005056,EMP0322,2026-03-31,3464.29,519.64,173.21,214.79,50.23,20.79,93.54,284.07,0.0,2222.35,True,False,none
PR005057,EMP0322,2026-04-15,3525.78,528.87,176.29,218.6,51.12,21.15,95.2,289.11,0.0,2261.79,True,False,none
PR005058,EMP0322,2026-04-30,3527.9,529.18,176.4,218.73,51.15,0.06,54.27,289.29,0.0,2263.15,True,False,none
PR005059,EMP0322,2026-05-15,3473.58,521.04,173.68,215.36,50.37,0.0,0.0,284.83,0.0,2228.3,True,False,none
PR005060,EMP0322,2026-05-31,3498.84,524.83,174.94,216.93,50.73,0.0,0.0,286.9,0.0,2244.51,True,False,none
PR005061,EMP0322,2026-06-15,3643.06,546.46,182.15,225.87,52.82,0.0,0.0,298.73,0.0,2337.03,True,False,none
PR005062,EMP0322,2026-06-30,3479.37,521.91,173.97,215.72,50.45,0.0,0.0,285.31,0.0,2232.01,True,False,none
PR005063,EMP0322,2026-07-15,3446.22,516.93,172.31,213.67,49.97,0.0,0.0,282.59,0.0,2210.75,True,False,none
PR005064,EMP0322,2026-07-31,3442.11,516.32,172.11,213.41,49.91,0.0,0.0,282.25,0.0,2208.11,True,False,none
PR005065,EMP0322,2026-08-15,3501.75,525.26,175.09,217.11,50.78,0.0,0.0,287.14,0.0,2246.37,True,False,none
PR005066,EMP0322,2026-08-31,3585.73,537.86,179.29,222.32,51.99,0.0,0.0,294.03,0.0,2300.24,True,False,none
PR005067,EMP0323,2026-03-31,2603.65,390.55,104.15,161.43,37.75,15.62,70.3,0.0,0.0,1909.77,True,False,none
PR005068,EMP0323,2026-04-15,2709.92,406.49,108.4,168.02,39.29,16.26,73.17,0.0,0.0,1987.72,True,False,none
PR005069,EMP0323,2026-04-30,2564.62,384.69,102.58,159.01,37.19,10.12,69.24,0.0,0.0,1881.15,True,False,none
PR005070,EMP0323,2026-05-15,2648.61,397.29,105.94,164.21,38.4,0.0,30.29,0.0,0.0,1942.77,True,False,none
PR005071,EMP0323,2026-05-31,2723.98,408.6,108.96,168.89,39.5,0.0,0.0,0.0,0.0,1998.03,True,False,none
PR005072,EMP0323,2026-06-15,2631.68,394.75,105.27,163.16,38.16,0.0,0.0,0.0,0.0,1930.34,True,False,none
PR005073,EMP0323,2026-06-30,2679.19,401.88,107.17,166.11,38.85,0.0,0.0,0.0,0.0,1965.18,True,False,none
PR005074,EMP0323,2026-07-15,2603.44,390.52,104.14,161.41,37.75,0.0,0.0,0.0,0.0,1909.62,True,False,none
PR005075,EMP0323,2026-07-31,2716.83,407.52,108.67,168.44,39.39,0.0,0.0,0.0,0.0,1992.81,True,True,wage_base_cap_error
PR005076,EMP0323,2026-08-15,2571.19,385.68,102.85,159.41,37.28,0.0,0.0,0.0,0.0,1885.97,True,False,none
PR005077,EMP0323,2026-08-31,2740.17,411.03,109.61,169.89,39.73,0.0,0.0,0.0,0.0,2009.91,True,False,none
PR005078,EMP0324,2026-04-05,2019.4,302.91,60.58,125.2,29.28,12.12,54.52,133.28,0.0,1368.15,True,False,none
PR005079,EMP0324,2026-04-19,2130.21,319.53,63.91,132.07,30.89,12.78,57.52,140.59,0.0,1443.22,True,False,none
PR005080,EMP0324,2026-05-03,2044.69,306.7,61.34,126.77,29.65,12.27,55.21,134.95,0.0,1385.28,True,False,none
PR005081,EMP0324,2026-05-17,2105.35,315.8,63.16,130.53,30.53,4.83,56.84,138.95,0.0,1426.38,True,False,none
PR005082,EMP0324,2026-05-31,2039.23,305.88,61.18,126.43,29.57,0.0,18.91,134.59,0.0,1381.58,True,False,none
PR005083,EMP0324,2026-06-14,2135.37,320.31,64.06,132.39,30.96,0.0,0.0,140.93,0.0,1446.72,True,False,none
PR005084,EMP0324,2026-06-28,2007.67,301.15,60.23,124.48,29.11,0.0,0.0,132.51,0.0,1360.19,True,False,none
PR005085,EMP0324,2026-07-12,2016.18,302.43,60.49,125.0,29.23,0.0,0.0,133.07,0.0,1365.96,True,False,none
PR005086,EMP0324,2026-07-26,2067.71,310.16,62.03,128.2,29.98,0.0,0.0,136.47,0.0,1400.87,True,False,none
PR005087,EMP0324,2026-08-09,2000.35,300.05,60.01,223.24,29.01,0.0,0.0,132.02,0.0,1355.24,True,True,tax_miscalculation
PR005088,EMP0324,2026-08-23,2019.04,302.86,60.57,125.18,29.28,0.0,0.0,133.26,0.0,1367.89,True,False,none
PR005089,EMP0324,2026-09-06,2141.58,321.24,64.25,132.78,31.05,0.0,0.0,141.34,0.0,1450.92,True,False,none
PR005090,EMP0325,2026-03-31,3141.25,471.19,157.06,194.76,45.55,18.85,84.81,245.02,0.0,2027.67,True,False,none
PR005091,EMP0325,2026-04-15,2997.34,449.6,149.87,185.84,43.46,17.98,80.93,233.79,0.0,1934.78,True,False,none
PR005092,EMP0325,2026-04-30,3128.49,469.27,156.42,193.97,45.36,5.17,77.26,244.02,0.0,2019.45,True,False,none
PR005093,EMP0325,2026-05-15,3037.75,455.66,151.89,188.34,44.05,0.0,0.0,236.94,0.0,1960.87,True,False,none
PR005094,EMP0325,2026-05-31,2971.8,445.77,148.59,184.25,43.09,0.0,0.0,231.8,0.0,1918.3,True,False,none
PR005095,EMP0325,2026-06-15,3075.53,461.33,153.78,190.68,44.6,0.0,0.0,239.89,0.0,1985.25,True,False,none
PR005096,EMP0325,2026-06-30,3065.1,459.76,153.25,190.04,44.44,0.0,0.0,239.08,0.0,1978.53,True,False,none
PR005097,EMP0325,2026-07-15,3144.28,471.64,157.21,194.95,45.59,0.0,0.0,245.25,0.0,2029.64,True,False,none
PR005098,EMP0325,2026-07-31,2970.67,445.6,148.53,184.18,43.07,0.0,0.0,231.71,463.42,1917.58,True,True,duplicate_deduction
PR005099,EMP0325,2026-08-15,3068.26,460.24,153.41,190.23,44.49,0.0,0.0,239.32,0.0,1980.57,True,False,none
PR005100,EMP0325,2026-08-31,2919.6,437.94,145.98,181.02,42.33,0.0,0.0,227.73,0.0,1884.6,True,False,none
PR005101,EMP0326,2026-04-05,1535.82,230.37,92.15,95.22,22.27,9.21,41.47,179.69,0.0,916.12,True,False,none
PR005102,EMP0326,2026-04-19,1522.05,228.31,91.32,94.37,22.07,9.13,41.1,178.08,0.0,907.9,True,True,wage_base_cap_error
PR005103,EMP0326,2026-05-03,1646.98,247.05,98.82,102.11,23.88,9.88,44.47,192.7,0.0,982.42,True,False,none
PR005104,EMP0326,2026-05-17,1622.23,243.33,97.33,100.58,23.52,9.73,43.8,189.8,0.0,967.67,True,False,none
PR005105,EMP0326,2026-05-31,1620.28,243.04,97.22,100.46,23.49,4.04,43.75,189.57,0.0,966.5,False,True,late_journal_posting
PR005106,EMP0326,2026-06-14,1585.52,237.83,95.13,98.3,22.99,0.0,28.42,185.51,0.0,945.76,True,False,none
PR005107,EMP0326,2026-06-28,1559.21,233.88,93.55,96.67,22.61,0.0,0.0,182.43,0.0,930.07,True,False,none
PR005108,EMP0326,2026-07-12,1540.54,231.08,92.43,95.51,22.34,0.0,0.0,180.24,0.0,918.94,True,False,none
PR005109,EMP0326,2026-07-26,1557.28,233.59,93.44,96.55,22.58,0.0,0.0,182.2,0.0,928.92,True,False,none
PR005110,EMP0326,2026-08-09,1568.74,235.31,94.12,97.26,22.75,0.0,0.0,183.54,0.0,935.76,True,False,none
PR005111,EMP0326,2026-08-23,1616.47,242.47,96.99,100.22,23.44,0.0,0.0,189.13,0.0,964.22,True,False,none
PR005112,EMP0326,2026-09-06,1589.28,238.39,95.36,98.54,23.04,0.0,0.0,185.95,0.0,948.0,True,False,none
PR005113,EMP0327,2026-03-29,2692.84,403.93,134.64,166.96,39.05,16.16,72.71,242.36,302.78,1403.12,True,False,none
PR005114,EMP0327,2026-04-05,2698.32,404.75,134.92,167.3,39.13,16.19,72.85,242.85,533.25,1176.12,True,True,wage_base_cap_error
PR005115,EMP0327,2026-04-12,2881.68,432.25,144.08,178.66,41.78,9.65,77.81,259.35,711.41,1114.15,True,False,none
PR005116,EMP0327,2026-04-19,2852.69,427.9,142.63,176.87,41.36,0.0,19.63,256.74,598.36,1208.83,True,False,none
PR005117,EMP0327,2026-04-26,2755.55,413.33,137.78,170.84,39.96,0.0,0.0,248.0,363.88,1381.76,True,False,none
PR005118,EMP0327,2026-05-03,2869.04,430.36,143.45,177.88,41.6,0.0,0.0,258.21,799.06,1018.48,True,False,none
PR005119,EMP0327,2026-05-10,2712.84,406.93,135.64,168.2,39.34,0.0,0.0,244.16,596.04,1122.53,True,False,none
PR005120,EMP0327,2026-05-17,2783.3,417.5,139.17,172.56,40.36,0.0,0.0,250.5,679.68,1083.53,True,False,none
PR005121,EMP0327,2026-05-24,2884.55,432.68,144.23,178.84,41.83,0.0,0.0,259.61,676.04,1151.32,True,False,none
PR005122,EMP0327,2026-05-31,2794.96,419.24,139.75,173.29,40.53,0.0,0.0,251.55,333.85,1436.75,True,False,none
PR005123,EMP0327,2026-06-07,2689.62,403.44,134.48,166.76,39.0,0.0,0.0,242.07,401.26,1302.61,True,False,none
PR005124,EMP0327,2026-06-14,2682.91,402.44,134.15,166.34,38.9,0.0,0.0,241.46,724.03,975.59,True,False,none
PR005125,EMP0327,2026-06-21,2835.37,425.31,141.77,175.79,41.11,0.0,0.0,255.18,391.44,1404.77,True,False,none
PR005126,EMP0327,2026-06-28,2860.25,429.04,143.01,177.34,41.47,0.0,0.0,257.42,406.5,1405.47,True,False,none
PR005127,EMP0327,2026-07-05,2742.2,411.33,137.11,170.02,39.76,0.0,0.0,246.8,445.79,1291.39,True,False,none
PR005128,EMP0327,2026-07-12,2757.9,413.69,137.9,170.99,39.99,0.0,0.0,248.21,451.74,1295.38,True,False,none
PR005129,EMP0327,2026-07-19,2783.64,417.55,139.18,172.59,40.36,0.0,0.0,250.53,548.24,1215.19,True,False,none
PR005130,EMP0327,2026-07-26,2893.46,434.02,144.67,179.39,41.96,0.0,0.0,260.41,349.14,1483.87,True,False,none
PR005131,EMP0327,2026-08-02,2707.12,406.07,135.36,167.84,39.25,0.0,0.0,243.64,324.83,1390.13,True,False,none
PR005132,EMP0327,2026-08-09,2813.85,422.08,140.69,174.46,40.8,0.0,0.0,253.25,338.66,1443.91,True,False,none
PR005133,EMP0327,2026-08-16,2860.33,429.05,143.02,177.34,41.47,0.0,0.0,257.43,628.25,1183.77,True,False,none
PR005134,EMP0327,2026-08-23,2792.04,418.81,139.6,173.11,40.48,0.0,0.0,251.28,643.34,1125.42,True,False,none
PR005135,EMP0327,2026-08-30,2713.44,407.02,135.67,168.23,39.34,0.0,0.0,244.21,410.91,1308.06,True,False,none
PR005136,EMP0327,2026-09-06,2746.1,411.91,137.31,170.26,39.82,0.0,0.0,247.15,651.77,1087.88,True,False,none
PR005137,EMP0327,2026-09-13,2722.11,408.32,136.11,168.77,39.47,0.0,0.0,244.99,364.15,1360.3,True,False,none
PR005138,EMP0328,2026-03-29,1865.13,279.77,93.26,115.64,27.04,11.19,50.36,0.0,0.0,1349.42,True,False,none
PR005139,EMP0328,2026-04-05,1730.08,259.51,86.5,107.26,25.09,10.38,46.71,0.0,0.0,1251.72,True,False,none
PR005140,EMP0328,2026-04-12,1841.28,276.19,92.06,114.16,26.7,11.05,49.71,0.0,0.0,1332.17,True,False,none
PR005141,EMP0328,2026-04-19,1839.19,275.88,91.96,114.03,26.67,9.38,49.66,0.0,0.0,1330.65,True,False,none
PR005142,EMP0328,2026-04-26,1769.28,424.62,88.46,109.7,25.65,0.0,46.56,0.0,0.0,1280.08,True,True,tax_miscalculation
PR005143,EMP0328,2026-05-03,1746.27,261.94,87.31,108.27,25.32,0.0,0.0,0.0,0.0,1263.43,True,False,none
PR005144,EMP0328,2026-05-10,1747.69,262.15,87.38,195.05,25.34,0.0,0.0,0.0,0.0,1264.46,True,True,tax_miscalculation
PR005145,EMP0328,2026-05-17,1826.29,273.94,91.31,113.23,26.48,0.0,0.0,0.0,0.0,1321.33,True,False,none
PR005146,EMP0328,2026-05-24,1818.51,272.78,90.93,112.75,26.37,0.0,0.0,0.0,0.0,1315.68,True,False,none
PR005147,EMP0328,2026-05-31,1838.44,275.77,91.92,113.98,26.66,0.0,0.0,0.0,0.0,1330.11,True,False,none
PR005148,EMP0328,2026-06-07,1860.48,279.07,93.02,115.35,26.98,0.0,0.0,0.0,0.0,1346.06,True,False,none
PR005149,EMP0328,2026-06-14,1825.5,273.82,91.28,113.18,26.47,0.0,0.0,0.0,0.0,1320.75,True,False,none
PR005150,EMP0328,2026-06-21,1749.15,262.37,87.46,108.45,25.36,0.0,0.0,0.0,0.0,1265.51,True,False,none
PR005151,EMP0328,2026-06-28,1761.63,264.24,88.08,109.22,25.54,0.0,0.0,0.0,0.0,1274.55,True,False,none
PR005152,EMP0328,2026-07-05,1846.91,277.04,92.35,114.51,26.78,0.0,0.0,0.0,0.0,1336.23,True,False,none
PR005153,EMP0328,2026-07-12,1756.76,263.51,87.84,108.92,25.47,0.0,0.0,0.0,0.0,1271.02,True,False,none
PR005154,EMP0328,2026-07-19,1737.28,260.59,86.86,107.71,25.19,0.0,0.0,0.0,0.0,1256.93,True,False,none
PR005155,EMP0328,2026-07-26,1827.12,274.07,91.36,113.28,26.49,0.0,0.0,0.0,0.0,1321.92,True,False,none
PR005156,EMP0328,2026-08-02,1784.28,267.64,89.21,110.63,25.87,0.0,0.0,0.0,0.0,1290.93,True,False,none
PR005157,EMP0328,2026-08-09,1857.99,445.92,92.9,115.2,26.94,0.0,0.0,0.0,0.0,1344.25,True,True,tax_miscalculation
PR005158,EMP0328,2026-08-16,1819.57,272.94,90.98,112.81,26.38,0.0,0.0,0.0,0.0,1316.46,True,False,none
PR005159,EMP0328,2026-08-23,1739.83,260.97,86.99,107.87,25.23,0.0,0.0,0.0,0.0,1258.77,True,False,none
PR005160,EMP0328,2026-08-30,1861.95,279.29,93.1,115.44,27.0,0.0,0.0,0.0,0.0,1347.12,True,False,none
PR005161,EMP0328,2026-09-06,1763.78,264.57,88.19,109.35,25.57,0.0,0.0,0.0,0.0,1276.1,True,False,none
PR005162,EMP0328,2026-09-13,1774.98,266.25,88.75,110.05,25.74,0.0,0.0,0.0,0.0,1284.19,True,False,none
PR005163,EMP0329,2026-03-31,2796.78,419.52,139.84,173.4,40.55,16.78,75.51,282.47,0.0,1741.0,True,False,none
PR005164,EMP0329,2026-04-15,2718.41,407.76,135.92,168.54,39.42,16.31,73.4,274.56,0.0,1692.21,True,False,none
PR005165,EMP0329,2026-04-30,2817.82,422.67,140.89,174.7,40.86,8.91,76.08,284.6,0.0,1754.1,True,False,none
PR005166,EMP0329,2026-05-15,2734.5,410.18,136.72,169.54,39.65,0.0,18.01,276.18,0.0,1702.23,True,False,none
PR005167,EMP0329,2026-05-31,2796.49,419.47,139.82,173.38,40.55,0.0,0.0,282.45,0.0,1740.82,True,False,none
PR005168,EMP0329,2026-06-15,2785.27,417.79,139.26,172.69,40.39,0.0,0.0,281.31,0.0,1733.83,True,False,none
PR005169,EMP0329,2026-06-30,2879.51,431.93,143.98,178.53,41.75,0.0,0.0,290.83,0.0,1792.49,True,False,none
PR005170,EMP0329,2026-07-15,2886.28,432.94,144.31,178.95,41.85,0.0,0.0,0.0,0.0,1796.72,True,True,missing_401k
PR005171,EMP0329,2026-07-31,2741.22,411.18,137.06,169.96,39.75,0.0,0.0,276.86,0.0,1706.41,True,False,none
PR005172,EMP0329,2026-08-15,2788.81,418.32,139.44,172.91,40.44,0.0,0.0,281.67,0.0,1736.03,True,False,none
PR005173,EMP0329,2026-08-31,2790.32,418.55,139.52,173.0,40.46,0.0,0.0,281.82,0.0,1736.97,True,False,none
PR005174,EMP0330,2026-03-29,2065.73,309.86,0.0,128.08,29.95,12.39,55.77,0.0,0.0,1597.84,True,False,none
PR005175,EMP0330,2026-04-05,2174.61,326.19,0.0,134.83,31.53,13.05,58.71,0.0,0.0,1682.06,True,False,none
PR005176,EMP0330,2026-04-12,2159.26,323.89,0.0,133.87,31.31,12.96,58.3,0.0,0.0,1572.59,True,True,net_pay_mismatch
PR005177,EMP0330,2026-04-19,2101.97,315.3,0.0,130.32,30.48,3.6,56.75,0.0,0.0,1625.87,True,False,none
PR005178,EMP0330,2026-04-26,2058.06,308.71,0.0,127.6,29.84,0.0,13.46,0.0,0.0,1591.91,True,False,none
PR005179,EMP0330,2026-05-03,2145.96,321.89,0.0,133.05,31.12,0.0,0.0,0.0,0.0,1740.24,True,True,net_pay_mismatch
PR005180,EMP0330,2026-05-10,2206.16,330.92,0.0,136.78,31.99,0.0,0.0,0.0,0.0,1706.47,True,False,none
PR005181,EMP0330,2026-05-17,2171.62,325.74,0.0,134.64,31.49,0.0,0.0,0.0,0.0,1679.75,True,False,none
PR005182,EMP0330,2026-05-24,2105.92,315.89,0.0,130.57,30.54,0.0,0.0,0.0,0.0,1628.92,True,False,none
PR005183,EMP0330,2026-05-31,2137.61,320.64,0.0,132.53,31.0,0.0,0.0,0.0,0.0,1653.44,True,False,none
PR005184,EMP0330,2026-06-07,2193.61,329.04,0.0,136.0,31.81,0.0,0.0,0.0,0.0,1696.76,True,False,none
PR005185,EMP0330,2026-06-14,2133.49,320.02,0.0,132.28,30.94,0.0,0.0,0.0,0.0,1650.25,True,False,none
PR005186,EMP0330,2026-06-21,2069.62,310.44,0.0,128.32,30.01,0.0,0.0,0.0,0.0,1600.85,True,False,none
PR005187,EMP0330,2026-06-28,2103.98,315.6,0.0,130.45,30.51,0.0,0.0,0.0,0.0,1627.42,True,False,none
PR005188,EMP0330,2026-07-05,2182.13,327.32,0.0,135.29,31.64,0.0,0.0,0.0,0.0,1687.88,True,False,none
PR005189,EMP0330,2026-07-12,2148.66,322.3,0.0,133.22,31.16,0.0,0.0,0.0,0.0,1661.98,True,False,none
PR005190,EMP0330,2026-07-19,2149.75,322.46,0.0,133.28,31.17,0.0,0.0,0.0,0.0,1662.84,True,False,none
PR005191,EMP0330,2026-07-26,2186.12,327.92,0.0,135.54,31.7,0.0,0.0,0.0,0.0,1690.96,True,True,tax_miscalculation
PR005192,EMP0330,2026-08-02,2190.68,328.6,0.0,135.82,31.76,0.0,0.0,0.0,0.0,1694.5,True,False,none
PR005193,EMP0330,2026-08-09,2195.03,329.25,0.0,136.09,31.83,0.0,0.0,0.0,0.0,1697.86,True,False,none
PR005194,EMP0330,2026-08-16,2056.22,308.43,0.0,127.49,29.82,0.0,0.0,0.0,0.0,1590.48,True,True,wage_base_cap_error
PR005195,EMP0330,2026-08-23,2131.82,319.77,0.0,132.17,30.91,0.0,0.0,0.0,0.0,1648.97,True,False,none
PR005196,EMP0330,2026-08-30,2164.86,324.73,0.0,134.22,31.39,0.0,0.0,0.0,0.0,1674.52,True,False,none
PR005197,EMP0330,2026-09-06,2167.62,325.14,0.0,134.39,31.43,0.0,0.0,0.0,0.0,1676.66,True,False,none
PR005198,EMP0330,2026-09-13,2142.35,321.35,0.0,132.83,31.06,0.0,0.0,0.0,0.0,1657.11,True,False,none
PR005199,EMP0331,2026-03-31,2064.03,309.6,82.56,127.97,29.93,12.38,55.73,229.11,0.0,1284.86,True,False,none
PR005200,EMP0331,2026-04-15,2169.92,325.49,86.8,134.54,31.46,13.02,58.59,240.86,0.0,1350.77,True,False,none
PR005201,EMP0331,2026-04-30,2156.94,323.54,86.28,133.73,31.28,12.94,58.24,239.42,0.0,1342.69,True,False,none
PR005202,EMP0331,2026-05-15,2050.48,307.57,82.02,127.13,29.73,3.65,55.36,227.6,0.0,1276.43,True,False,none
PR005203,EMP0331,2026-05-31,2113.9,317.08,84.56,131.06,30.65,0.0,15.08,234.64,0.0,1315.91,True,False,none
PR005204,EMP0331,2026-06-15,2065.23,309.78,82.61,128.04,29.95,0.0,0.0,229.24,0.0,1285.61,True,False,none
PR005205,EMP0331,2026-06-30,2092.69,313.9,83.71,129.75,30.34,0.0,0.0,232.29,0.0,1302.7,True,False,none
PR005206,EMP0331,2026-07-15,2039.05,305.86,81.56,126.42,29.57,0.0,0.0,226.33,0.0,1269.31,True,False,none
PR005207,EMP0331,2026-07-31,2103.24,315.49,84.13,130.4,30.5,0.0,0.0,233.46,0.0,1309.26,True,False,none
PR005208,EMP0331,2026-08-15,2128.35,319.25,85.13,131.96,30.86,0.0,0.0,236.25,0.0,1324.9,True,False,none
PR005209,EMP0331,2026-08-31,2140.06,321.01,85.6,132.68,31.03,0.0,0.0,237.55,0.0,1332.19,True,False,none
PR005210,EMP0332,2026-03-29,2458.28,368.74,73.75,152.41,35.65,14.75,66.37,282.7,0.0,1545.03,True,False,none
PR005211,EMP0332,2026-04-05,2491.49,373.72,74.74,154.47,36.13,14.95,67.27,286.52,0.0,1565.91,True,False,none
PR005212,EMP0332,2026-04-12,2372.15,355.82,71.16,147.07,34.4,12.3,64.05,272.8,0.0,1490.9,True,False,none
PR005213,EMP0332,2026-04-19,2353.9,353.08,155.36,145.94,34.13,0.0,45.31,270.7,0.0,1479.43,True,True,tax_miscalculation
PR005214,EMP0332,2026-04-26,2494.42,374.16,74.83,154.65,36.17,0.0,0.0,286.86,0.0,1567.75,True,False,none
PR005215,EMP0332,2026-05-03,2360.84,354.13,70.83,146.37,34.23,0.0,0.0,271.5,0.0,1483.78,True,False,none
PR005216,EMP0332,2026-05-10,2518.11,377.72,75.54,156.12,36.51,0.0,0.0,289.58,0.0,1582.64,True,False,none
PR005217,EMP0332,2026-05-17,2492.69,373.9,74.78,154.55,36.14,0.0,0.0,286.66,0.0,1566.66,True,False,none
PR005218,EMP0332,2026-05-24,2427.02,364.05,72.81,150.48,35.19,0.0,0.0,279.11,0.0,1525.38,True,False,none
PR005219,EMP0332,2026-05-31,2519.39,377.91,75.58,156.2,36.53,0.0,0.0,289.73,0.0,1583.44,True,False,none
PR005220,EMP0332,2026-06-07,2349.46,352.42,70.48,145.67,34.07,0.0,0.0,270.19,0.0,1476.63,True,False,none
PR005221,EMP0332,2026-06-14,2388.99,358.35,71.67,148.12,34.64,0.0,0.0,274.73,0.0,1501.48,True,False,none
PR005222,EMP0332,2026-06-21,2453.42,368.01,73.6,152.11,35.57,0.0,0.0,282.14,0.0,1541.99,True,False,none
PR005223,EMP0332,2026-06-28,2398.02,359.7,71.94,148.68,34.77,0.0,0.0,275.77,0.0,1507.16,True,False,none
PR005224,EMP0332,2026-07-05,2509.19,376.38,75.28,155.57,36.38,0.0,0.0,288.56,0.0,1577.02,True,False,none
PR005225,EMP0332,2026-07-12,2343.35,351.5,70.3,145.29,33.98,0.0,0.0,269.49,0.0,1472.79,True,False,none
PR005226,EMP0332,2026-07-19,2436.35,365.45,73.09,151.05,35.33,0.0,0.0,280.18,0.0,1531.25,True,False,none
PR005227,EMP0332,2026-07-26,2444.32,366.65,73.33,151.55,35.44,0.0,0.0,281.1,0.0,1536.25,True,False,none
PR005228,EMP0332,2026-08-02,2456.21,368.43,73.69,152.29,35.62,0.0,0.0,282.46,0.0,1543.72,True,False,none
PR005229,EMP0332,2026-08-09,2379.88,356.98,71.4,147.55,34.51,0.0,0.0,273.69,0.0,1495.75,True,False,none
PR005230,EMP0332,2026-08-16,2400.82,360.12,72.02,148.85,34.81,0.0,0.0,276.09,0.0,1508.93,True,False,none
PR005231,EMP0332,2026-08-23,2492.91,373.94,74.79,154.56,36.15,0.0,0.0,286.68,0.0,1566.79,True,False,none
PR005232,EMP0332,2026-08-30,2368.21,355.23,71.05,146.83,34.34,0.0,0.0,272.34,0.0,1488.42,True,False,none
PR005233,EMP0332,2026-09-06,2489.68,373.45,74.69,154.36,36.1,0.0,0.0,286.31,0.0,1564.77,True,False,none
PR005234,EMP0332,2026-09-13,2438.89,365.83,73.17,151.21,35.36,0.0,0.0,280.47,0.0,1532.85,True,False,none
PR005235,EMP0333,2026-03-31,4897.4,734.61,244.87,303.64,71.01,29.38,132.23,396.69,0.0,3146.58,True,False,none
PR005236,EMP0333,2026-04-15,4878.94,731.84,243.95,302.49,70.74,12.62,110.77,395.19,790.38,3134.73,True,True,duplicate_deduction
PR005237,EMP0333,2026-04-30,4686.61,702.99,234.33,290.57,67.96,0.0,0.0,379.62,0.0,3011.14,True,False,none
PR005238,EMP0333,2026-05-15,4823.92,723.59,241.2,299.08,69.95,0.0,0.0,390.74,0.0,3099.36,True,False,none
PR005239,EMP0333,2026-05-31,4937.51,740.63,246.88,306.13,71.59,0.0,0.0,399.94,0.0,3172.34,True,False,none
PR005240,EMP0333,2026-06-15,4771.97,715.8,238.6,295.86,69.19,0.0,0.0,386.53,0.0,3065.99,True,False,none
PR005241,EMP0333,2026-06-30,4975.08,746.26,248.75,308.45,72.14,0.0,0.0,402.98,0.0,3196.5,True,False,none
PR005242,EMP0333,2026-07-15,4779.61,716.94,238.98,296.34,69.3,0.0,0.0,387.15,0.0,3070.9,True,False,none
PR005243,EMP0333,2026-07-31,4662.02,699.3,233.1,289.05,67.6,0.0,0.0,377.62,0.0,2995.35,True,False,none
PR005244,EMP0333,2026-08-15,4755.75,713.36,237.79,294.86,68.96,0.0,0.0,385.22,0.0,3055.56,True,False,none
PR005245,EMP0333,2026-08-31,4969.42,745.41,248.47,308.1,72.06,0.0,0.0,402.52,0.0,3192.86,True,False,none
PR005246,EMP0334,2026-03-31,3287.96,493.19,131.52,203.85,47.68,19.73,88.77,0.0,0.0,2411.72,True,False,none
PR005247,EMP0334,2026-04-15,3432.84,514.93,137.31,212.84,49.78,20.6,92.69,0.0,0.0,2517.98,True,False,none
PR005248,EMP0334,2026-04-30,3436.31,515.45,137.45,213.05,49.83,1.68,61.54,0.0,0.0,2520.53,True,False,none
PR005249,EMP0334,2026-05-15,3296.0,494.4,131.84,204.35,47.79,0.0,0.0,0.0,0.0,2417.62,True,False,none
PR005250,EMP0334,2026-05-31,3225.48,483.82,129.02,199.98,46.77,0.0,0.0,0.0,0.0,2365.89,True,False,none
PR005251,EMP0334,2026-06-15,3394.92,509.24,135.8,210.49,49.23,0.0,0.0,0.0,0.0,2490.16,True,False,none
PR005252,EMP0334,2026-06-30,3285.79,492.87,131.43,203.72,47.64,0.0,0.0,0.0,0.0,2410.13,True,False,none
PR005253,EMP0334,2026-07-15,3410.34,511.55,136.41,211.44,49.45,0.0,0.0,0.0,0.0,2501.49,True,False,none
PR005254,EMP0334,2026-07-31,3320.44,498.07,132.82,205.87,48.15,0.0,0.0,0.0,0.0,2435.53,True,False,none
PR005255,EMP0334,2026-08-15,3331.69,499.75,133.27,206.56,48.31,0.0,0.0,0.0,0.0,2443.8,True,False,none
PR005256,EMP0334,2026-08-31,3409.01,511.35,136.36,211.36,49.43,0.0,0.0,0.0,0.0,2500.51,True,False,none
PR005257,EMP0335,2026-03-31,5728.3,859.25,286.42,355.15,83.06,34.37,154.66,612.93,0.0,3531.49,True,False,none
PR005258,EMP0335,2026-04-15,5756.13,863.42,287.81,356.88,83.46,7.63,88.34,615.91,0.0,3548.65,True,False,none
PR005259,EMP0335,2026-04-30,5725.48,858.82,286.27,354.98,83.02,0.0,0.0,612.63,0.0,3529.76,True,False,none
PR005260,EMP0335,2026-05-15,5721.42,858.21,286.07,354.73,82.96,0.0,0.0,612.19,0.0,3527.26,True,False,none
PR005261,EMP0335,2026-05-31,5794.06,869.11,289.7,359.23,84.01,0.0,0.0,619.96,0.0,3572.05,True,False,none
PR005262,EMP0335,2026-06-15,5923.61,888.54,296.18,367.26,85.89,0.0,0.0,633.83,0.0,3651.91,True,False,none
PR005263,EMP0335,2026-06-30,5718.87,857.83,285.94,354.57,82.92,0.0,0.0,611.92,0.0,3525.69,True,False,none
PR005264,EMP0335,2026-07-15,5793.29,868.99,289.66,359.18,84.0,0.0,0.0,619.88,0.0,3571.58,True,False,none
PR005265,EMP0335,2026-07-31,5860.37,879.06,293.02,363.34,84.98,0.0,0.0,627.06,0.0,3612.91,True,False,none
PR005266,EMP0335,2026-08-15,5676.58,851.49,283.83,351.95,82.31,0.0,0.0,607.39,0.0,3499.61,True,False,none
PR005267,EMP0335,2026-08-31,5680.29,852.04,284.01,352.18,82.36,0.0,0.0,607.79,0.0,3501.91,True,False,none
PR005268,EMP0336,2026-04-05,1491.06,223.66,89.46,92.45,21.62,8.95,40.26,0.0,0.0,1063.87,True,False,none
PR005269,EMP0336,2026-04-19,1467.09,220.06,88.03,90.96,21.27,8.8,39.61,0.0,0.0,1046.77,True,False,none
PR005270,EMP0336,2026-05-03,1450.38,217.56,87.02,89.92,21.03,8.7,39.16,0.0,0.0,1034.85,True,False,none
PR005271,EMP0336,2026-05-17,1458.44,218.77,87.51,90.42,21.15,8.75,39.38,0.0,0.0,1040.59,True,False,none
PR005272,EMP0336,2026-05-31,1387.82,208.17,83.27,86.04,20.12,6.8,37.47,0.0,0.0,990.22,True,False,none
PR005273,EMP0336,2026-06-14,1455.05,218.26,87.3,90.21,21.1,0.0,39.29,0.0,0.0,1038.18,True,False,none
PR005274,EMP0336,2026-06-28,1442.66,216.4,86.56,89.44,20.92,0.0,7.83,0.0,0.0,1029.34,True,False,none
PR005275,EMP0336,2026-07-12,1446.79,217.02,86.81,89.7,20.98,0.0,0.0,0.0,0.0,1032.28,True,False,none
PR005276,EMP0336,2026-07-26,1425.52,213.83,85.53,88.38,20.67,0.0,0.0,0.0,0.0,1017.11,True,False,none
PR005277,EMP0336,2026-08-09,1393.78,209.07,83.63,86.41,20.21,0.0,0.0,0.0,0.0,994.46,True,False,none
PR005278,EMP0336,2026-08-23,1406.55,210.98,84.39,87.21,20.39,0.0,0.0,0.0,0.0,1003.58,True,False,none
PR005279,EMP0336,2026-09-06,1493.04,223.96,89.58,92.57,21.65,0.0,0.0,0.0,0.0,1065.28,True,False,none
PR005280,EMP0337,2026-03-31,1461.41,219.21,87.68,90.61,21.19,8.77,39.46,0.0,0.0,1042.72,True,False,none
PR005281,EMP0337,2026-04-15,1468.17,220.23,88.09,91.03,21.29,8.81,39.64,0.0,0.0,1047.53,True,False,none
PR005282,EMP0337,2026-04-30,1419.9,212.99,85.19,88.03,20.59,8.52,38.34,0.0,0.0,1013.1,True,False,none
PR005283,EMP0337,2026-05-15,1418.13,212.72,85.09,87.92,20.56,8.51,38.29,0.0,0.0,1011.84,True,False,none
PR005284,EMP0337,2026-05-31,1497.38,224.61,89.84,92.84,21.71,7.39,40.43,0.0,0.0,1068.38,True,False,none
PR005285,EMP0337,2026-06-15,1476.49,221.47,88.59,91.54,21.41,0.0,39.87,0.0,0.0,1053.48,True,False,none
PR005286,EMP0337,2026-06-30,1473.07,220.96,88.38,91.33,21.36,0.0,6.98,0.0,0.0,1051.04,True,False,none
PR005287,EMP0337,2026-07-15,1442.1,216.31,86.53,89.41,20.91,0.0,0.0,0.0,0.0,1028.94,True,False,none
PR005288,EMP0337,2026-07-31,1500.59,225.09,90.04,93.04,21.76,0.0,0.0,0.0,0.0,1070.66,True,False,none
PR005289,EMP0337,2026-08-15,1433.37,215.01,86.0,88.87,20.78,0.0,0.0,0.0,0.0,1022.71,True,False,none
PR005290,EMP0337,2026-08-31,1435.9,215.39,86.15,89.03,20.82,0.0,0.0,0.0,0.0,1024.51,True,False,none
PR005291,EMP0338,2026-03-31,3127.15,469.07,0.0,193.88,45.34,18.76,84.43,0.0,0.0,2418.86,True,False,none
PR005292,EMP0338,2026-04-15,3083.8,462.57,0.0,95.6,44.72,18.5,83.26,0.0,0.0,2385.31,True,True,tax_miscalculation
PR005293,EMP0338,2026-04-30,3074.16,461.12,0.0,190.6,44.58,4.73,75.3,0.0,0.0,2377.86,True,False,none
PR005294,EMP0338,2026-05-15,3172.99,475.95,0.0,196.73,46.01,0.0,0.0,0.0,0.0,2454.3,True,False,none
PR005295,EMP0338,2026-05-31,3174.42,476.16,0.0,196.81,46.03,0.0,0.0,0.0,0.0,2455.42,True,False,none
PR005296,EMP0338,2026-06-15,3217.54,482.63,0.0,199.49,46.65,0.0,0.0,0.0,0.0,2488.77,True,False,none
PR005297,EMP0338,2026-06-30,3116.46,467.47,0.0,193.22,45.19,0.0,0.0,0.0,0.0,2410.58,True,False,none
PR005298,EMP0338,2026-07-15,3030.83,454.62,0.0,187.91,43.95,0.0,0.0,0.0,0.0,2344.35,True,False,none
PR005299,EMP0338,2026-07-31,3080.67,462.1,0.0,191.0,44.67,0.0,0.0,0.0,0.0,2382.9,True,False,none
PR005300,EMP0338,2026-08-15,3256.17,488.43,0.0,201.88,47.21,0.0,0.0,0.0,0.0,2518.65,True,False,none
PR005301,EMP0338,2026-08-31,3160.82,474.12,0.0,195.97,45.83,0.0,0.0,0.0,0.0,2444.9,True,False,none
PR005302,EMP0339,2026-04-05,4880.85,732.13,0.0,302.61,70.77,29.29,131.78,0.0,0.0,3775.34,True,False,none
PR005303,EMP0339,2026-04-19,4613.75,692.06,0.0,286.05,66.9,12.71,111.22,0.0,0.0,3568.74,True,False,none
PR005304,EMP0339,2026-05-03,4808.02,721.2,0.0,298.1,69.72,0.0,0.0,0.0,0.0,3719.0,True,False,none
PR005305,EMP0339,2026-05-17,4625.22,693.78,0.0,286.76,67.07,0.0,0.0,0.0,0.0,3577.61,True,False,none
PR005306,EMP0339,2026-05-31,4827.42,724.11,0.0,299.3,70.0,0.0,0.0,0.0,0.0,3734.01,True,False,none
PR005307,EMP0339,2026-06-14,4961.11,744.17,0.0,307.59,71.94,0.0,0.0,0.0,0.0,3837.41,True,False,none
PR005308,EMP0339,2026-06-28,4979.23,746.88,0.0,308.71,72.2,0.0,0.0,0.0,0.0,3851.44,True,False,none
PR005309,EMP0339,2026-07-12,4816.52,722.48,0.0,298.62,69.84,0.0,0.0,0.0,0.0,3725.58,True,False,none
PR005310,EMP0339,2026-07-26,4785.2,717.78,0.0,296.68,69.39,0.0,0.0,0.0,0.0,3701.35,True,False,none
PR005311,EMP0339,2026-08-09,4970.33,745.55,0.0,308.16,72.07,0.0,0.0,0.0,0.0,3844.55,True,False,none
PR005312,EMP0339,2026-08-23,4867.12,730.07,0.0,301.76,70.57,0.0,0.0,0.0,0.0,3764.72,True,False,none
PR005313,EMP0339,2026-09-06,4635.63,695.34,0.0,287.41,67.22,0.0,0.0,0.0,0.0,3585.66,True,False,none
PR005314,EMP0340,2026-03-29,2780.85,417.13,0.0,172.41,40.32,16.69,75.08,97.33,0.0,2053.66,True,False,none
PR005315,EMP0340,2026-04-05,2731.05,409.66,0.0,169.33,39.6,16.39,73.74,95.59,0.0,2016.87,True,False,none
PR005316,EMP0340,2026-04-12,2781.75,417.26,0.0,172.47,40.34,8.93,75.11,97.36,0.0,2054.32,True,False,none
PR005317,EMP0340,2026-04-19,2778.58,416.79,0.0,172.27,40.29,0.0,19.07,97.25,0.0,2051.98,True,False,none
PR005318,EMP0340,2026-04-26,2806.56,420.98,0.0,174.01,40.7,0.0,0.0,98.23,0.0,2072.64,True,False,none
PR005319,EMP0340,2026-05-03,2756.79,413.52,0.0,170.92,39.97,0.0,0.0,96.49,0.0,2035.89,True,False,none
PR005320,EMP0340,2026-05-10,2714.27,407.14,0.0,168.28,39.36,0.0,0.0,95.0,0.0,2004.49,True,False,none
PR005321,EMP0340,2026-05-17,2789.24,418.39,0.0,172.93,40.44,0.0,0.0,97.62,0.0,2059.86,True,False,none
PR005322,EMP0340,2026-05-24,2861.35,429.2,0.0,177.4,41.49,0.0,0.0,100.15,0.0,2113.11,True,False,none
PR005323,EMP0340,2026-05-31,2824.64,423.7,0.0,175.13,40.96,0.0,0.0,98.86,0.0,2085.99,True,False,none
PR005324,EMP0340,2026-06-07,2752.72,412.91,0.0,170.67,39.91,0.0,0.0,96.35,0.0,2032.88,True,False,none
PR005325,EMP0340,2026-06-14,2884.61,432.69,0.0,178.85,41.83,0.0,0.0,100.96,0.0,2130.28,True,False,none
PR005326,EMP0340,2026-06-21,2879.46,431.92,0.0,178.53,41.75,0.0,0.0,100.78,0.0,2126.48,True,False,none
PR005327,EMP0340,2026-06-28,2724.22,408.63,0.0,168.9,39.5,0.0,0.0,95.35,0.0,2011.84,True,False,none
PR005328,EMP0340,2026-07-05,2686.69,403.0,0.0,166.57,38.96,0.0,0.0,94.03,0.0,1984.13,True,False,none
PR005329,EMP0340,2026-07-12,2841.72,426.26,0.0,176.19,41.2,0.0,0.0,99.46,0.0,2098.61,True,False,none
PR005330,EMP0340,2026-07-19,2860.78,429.12,0.0,177.37,41.48,0.0,0.0,100.13,0.0,2112.68,True,False,none
PR005331,EMP0340,2026-07-26,2891.75,433.76,0.0,179.29,41.93,0.0,0.0,101.21,0.0,2135.56,True,False,none
PR005332,EMP0340,2026-08-02,2874.52,431.18,0.0,178.22,41.68,0.0,0.0,100.61,0.0,2122.83,True,False,none
PR005333,EMP0340,2026-08-09,2810.62,421.59,0.0,174.26,40.75,0.0,0.0,98.37,0.0,2075.65,True,True,wage_base_cap_error
PR005334,EMP0340,2026-08-16,2795.06,419.26,0.0,173.29,40.53,0.0,0.0,97.83,0.0,2064.15,True,False,none
PR005335,EMP0340,2026-08-23,2684.14,402.62,0.0,166.42,38.92,0.0,0.0,93.94,0.0,1982.24,True,False,none
PR005336,EMP0340,2026-08-30,2732.46,409.87,0.0,169.41,39.62,0.0,0.0,95.64,0.0,2017.92,True,False,none
PR005337,EMP0340,2026-09-06,2779.5,416.93,0.0,172.33,40.3,0.0,0.0,97.28,0.0,2052.66,True,False,none
PR005338,EMP0340,2026-09-13,2816.8,422.52,0.0,174.64,40.84,0.0,0.0,98.59,0.0,2080.21,True,False,none
PR005339,EMP0341,2026-04-05,3868.55,580.28,0.0,239.85,56.09,23.21,104.45,224.38,0.0,2767.95,True,False,none
PR005340,EMP0341,2026-04-19,3925.09,588.76,0.0,243.36,56.91,18.79,105.98,227.66,0.0,2808.4,True,False,none
PR005341,EMP0341,2026-05-03,3783.9,567.59,0.0,234.6,54.87,0.0,32.57,219.47,438.94,2707.37,True,True,duplicate_deduction
PR005342,EMP0341,2026-05-17,3870.9,580.63,0.0,240.0,56.13,0.0,0.0,224.51,0.0,2769.63,True,False,none
PR005343,EMP0341,2026-05-31,3725.45,558.82,0.0,230.98,54.02,0.0,0.0,216.08,0.0,2665.55,True,False,none
PR005344,EMP0341,2026-06-14,3824.75,573.71,0.0,237.13,55.46,0.0,0.0,221.84,0.0,2736.61,True,False,none
PR005345,EMP0341,2026-06-28,3927.39,589.11,0.0,243.5,56.95,0.0,0.0,227.79,0.0,2810.04,True,False,none
PR005346,EMP0341,2026-07-12,3910.08,586.51,0.0,242.42,56.7,0.0,0.0,226.78,0.0,2797.67,True,False,none
PR005347,EMP0341,2026-07-26,4000.75,600.11,0.0,248.05,58.01,0.0,0.0,232.04,0.0,2862.54,True,False,none
PR005348,EMP0341,2026-08-09,3783.33,567.5,0.0,234.57,54.86,0.0,0.0,219.43,0.0,2706.97,True,False,none
PR005349,EMP0341,2026-08-23,3850.53,577.58,0.0,238.73,55.83,0.0,0.0,223.33,0.0,2755.06,True,False,none
PR005350,EMP0341,2026-09-06,3799.08,569.86,0.0,235.54,55.09,0.0,0.0,220.35,0.0,2718.24,True,False,none
PR005351,EMP0342,2026-03-31,5930.98,889.65,355.86,367.72,86.0,35.59,160.14,0.0,0.0,4231.75,True,False,none
PR005352,EMP0342,2026-04-15,6127.49,919.12,367.65,379.9,88.85,6.41,82.86,0.0,0.0,4371.97,True,False,none
PR005353,EMP0342,2026-04-30,6045.96,906.89,362.76,374.85,87.67,0.0,0.0,0.0,0.0,4313.79,True,False,none
PR005354,EMP0342,2026-05-15,6139.53,920.93,368.37,380.65,89.02,0.0,0.0,0.0,0.0,4380.56,True,False,none
PR005355,EMP0342,2026-05-31,5819.07,872.86,349.14,360.78,84.38,0.0,0.0,0.0,0.0,4151.91,True,False,none
PR005356,EMP0342,2026-06-15,6135.24,920.29,368.11,380.38,88.96,0.0,0.0,0.0,0.0,4377.5,True,False,none
PR005357,EMP0342,2026-06-30,5751.22,862.68,345.07,356.58,83.39,0.0,0.0,0.0,0.0,4103.5,True,False,none
PR005358,EMP0342,2026-07-15,6142.43,921.36,368.55,380.83,89.07,0.0,0.0,0.0,0.0,4382.62,True,False,none
PR005359,EMP0342,2026-07-31,5878.34,881.75,352.7,364.46,85.24,0.0,0.0,0.0,0.0,4194.19,True,False,none
PR005360,EMP0342,2026-08-15,5871.5,880.73,352.29,364.03,85.14,0.0,0.0,0.0,0.0,4189.31,True,False,none
PR005361,EMP0342,2026-08-31,5964.72,894.71,357.88,369.81,86.49,0.0,0.0,0.0,0.0,4255.83,True,False,none
PR005362,EMP0343,2026-03-31,5538.09,830.71,276.9,343.36,80.3,33.23,149.53,0.0,0.0,4006.82,True,False,none
PR005363,EMP0343,2026-04-15,5159.61,773.94,257.98,319.9,74.81,8.77,93.47,0.0,0.0,3732.98,True,False,none
PR005364,EMP0343,2026-04-30,5288.66,793.3,264.43,327.9,76.69,0.0,0.0,0.0,0.0,3826.34,True,False,none
PR005365,EMP0343,2026-05-15,5502.43,825.36,275.12,341.15,79.79,0.0,0.0,0.0,0.0,3981.01,True,False,none
PR005366,EMP0343,2026-05-31,5307.23,796.08,265.36,329.05,76.95,0.0,0.0,0.0,0.0,3839.79,True,False,none
PR005367,EMP0343,2026-06-15,5223.78,783.57,261.19,323.87,75.74,0.0,0.0,0.0,0.0,3779.41,True,False,none
PR005368,EMP0343,2026-06-30,5319.42,797.91,265.97,329.8,77.13,0.0,0.0,0.0,0.0,3848.61,False,True,late_journal_posting
PR005369,EMP0343,2026-07-15,5302.78,795.42,265.14,328.77,76.89,0.0,0.0,0.0,0.0,3836.56,True,False,none
PR005370,EMP0343,2026-07-31,5527.37,829.11,276.37,342.7,80.15,0.0,0.0,0.0,0.0,3999.04,True,False,none
PR005371,EMP0343,2026-08-15,5462.32,819.35,273.12,338.66,79.2,0.0,0.0,0.0,0.0,3951.99,True,False,none
PR005372,EMP0343,2026-08-31,5353.46,803.02,267.67,331.91,77.63,0.0,0.0,0.0,0.0,3873.23,True,False,none
PR005373,EMP0344,2026-04-05,5113.45,767.02,153.4,317.03,74.15,30.68,138.06,0.0,0.0,3801.85,True,False,none
PR005374,EMP0344,2026-04-19,4909.48,736.42,147.28,304.39,71.19,11.32,104.94,0.0,0.0,3650.2,True,False,none
PR005375,EMP0344,2026-05-03,4750.76,712.61,142.52,294.55,68.89,0.0,0.0,0.0,0.0,3532.19,True,False,none
PR005376,EMP0344,2026-05-17,4830.32,724.55,144.91,299.48,70.04,0.0,0.0,0.0,0.0,3591.34,True,False,none
PR005377,EMP0344,2026-05-31,4898.09,734.71,323.27,303.68,71.02,0.0,0.0,0.0,0.0,3641.74,True,True,tax_miscalculation
PR005378,EMP0344,2026-06-14,4789.23,718.38,143.68,296.93,69.44,0.0,0.0,0.0,0.0,3560.8,True,False,none
PR005379,EMP0344,2026-06-28,5097.54,764.63,152.93,316.05,73.91,0.0,0.0,0.0,0.0,3790.02,True,False,none
PR005380,EMP0344,2026-07-12,5027.07,754.06,150.81,311.68,72.89,0.0,0.0,0.0,0.0,3854.7,True,True,net_pay_mismatch
PR005381,EMP0344,2026-07-26,4958.43,743.76,148.75,307.42,71.9,0.0,0.0,0.0,0.0,3686.6,True,False,none
PR005382,EMP0344,2026-08-09,5009.37,751.41,150.28,310.58,72.64,0.0,0.0,0.0,0.0,3724.46,True,False,none
PR005383,EMP0344,2026-08-23,5095.09,764.26,152.85,315.9,73.88,0.0,0.0,0.0,0.0,3788.2,True,False,none
PR005384,EMP0344,2026-09-06,5071.83,760.77,152.15,314.45,73.54,0.0,0.0,0.0,0.0,3770.92,True,False,none
PR005385,EMP0345,2026-03-31,3579.8,859.15,178.99,221.95,51.91,21.48,96.65,0.0,0.0,2589.98,True,True,tax_miscalculation
PR005386,EMP0345,2026-04-15,3653.28,547.99,182.66,226.5,52.97,20.52,98.64,0.0,0.0,2643.16,True,False,none
PR005387,EMP0345,2026-04-30,3593.1,538.96,179.66,222.77,52.1,0.0,47.71,0.0,0.0,2599.61,True,False,none
PR005388,EMP0345,2026-05-15,3590.42,538.56,179.52,222.61,52.06,0.0,0.0,0.0,0.0,2597.67,True,False,none
PR005389,EMP0345,2026-05-31,3466.39,519.96,173.32,214.92,50.26,0.0,0.0,0.0,0.0,2507.93,True,False,none
PR005390,EMP0345,2026-06-15,3469.62,520.44,173.48,215.12,50.31,0.0,0.0,0.0,0.0,2510.27,True,False,none
PR005391,EMP0345,2026-06-30,3583.86,537.58,179.19,222.2,51.97,0.0,0.0,0.0,0.0,2592.92,True,False,none
PR005392,EMP0345,2026-07-15,3510.04,526.51,175.5,217.62,50.9,0.0,0.0,0.0,0.0,2539.51,True,False,none
PR005393,EMP0345,2026-07-31,3439.85,515.98,171.99,213.27,49.88,0.0,0.0,0.0,0.0,2488.73,True,False,none
PR005394,EMP0345,2026-08-15,3638.61,545.79,181.93,225.59,52.76,0.0,0.0,0.0,0.0,2632.54,True,False,none
PR005395,EMP0345,2026-08-31,3443.09,516.46,172.15,213.47,49.92,0.0,0.0,0.0,0.0,2491.09,True,False,none
PR005396,EMP0346,2026-03-29,1543.55,231.53,77.18,95.7,22.38,9.26,41.68,0.0,0.0,1116.76,True,False,none
PR005397,EMP0346,2026-04-05,1536.74,230.51,76.84,95.28,22.28,9.22,41.49,0.0,0.0,1111.83,True,False,none
PR005398,EMP0346,2026-04-12,1588.88,238.33,79.44,98.51,23.04,9.53,42.9,0.0,0.0,1149.56,True,False,none
PR005399,EMP0346,2026-04-19,1530.07,229.51,76.5,94.86,22.19,9.18,41.31,0.0,0.0,1107.01,True,False,none
PR005400,EMP0346,2026-04-26,1479.03,221.85,73.95,45.85,21.45,4.8,39.93,0.0,0.0,1070.08,True,True,tax_miscalculation
PR005401,EMP0346,2026-05-03,1538.26,230.74,76.91,95.37,22.3,0.0,35.69,0.0,0.0,1112.94,True,False,none
PR005402,EMP0346,2026-05-10,1573.38,236.01,78.67,97.55,22.81,0.0,0.0,0.0,0.0,1138.34,True,False,none
PR005403,EMP0346,2026-05-17,1592.28,238.84,79.61,98.72,23.09,0.0,0.0,0.0,0.0,1152.02,True,False,none
PR005404,EMP0346,2026-05-24,1523.53,228.53,76.18,94.46,22.09,0.0,0.0,0.0,0.0,1102.27,True,False,none
PR005405,EMP0346,2026-05-31,1510.18,226.53,75.51,93.63,21.9,0.0,0.0,0.0,0.0,1092.61,True,False,none
PR005406,EMP0346,2026-06-07,1581.33,237.2,79.07,98.04,22.93,0.0,0.0,0.0,0.0,1144.09,True,False,none
PR005407,EMP0346,2026-06-14,1494.52,224.18,74.73,92.66,21.67,0.0,0.0,0.0,0.0,1081.28,True,False,none
PR005408,EMP0346,2026-06-21,1545.99,231.9,77.3,95.85,22.42,0.0,0.0,0.0,0.0,1118.52,True,False,none
PR005409,EMP0346,2026-06-28,1520.55,228.08,76.03,94.27,22.05,0.0,0.0,0.0,0.0,1100.12,True,False,none
PR005410,EMP0346,2026-07-05,1476.3,221.44,73.81,91.53,21.41,0.0,0.0,0.0,0.0,1068.11,True,False,none
PR005411,EMP0346,2026-07-12,1513.46,227.02,75.67,93.83,21.95,0.0,0.0,0.0,0.0,1094.99,True,False,none
PR005412,EMP0346,2026-07-19,1503.5,225.53,75.17,93.22,21.8,0.0,0.0,0.0,0.0,1087.78,True,False,none
PR005413,EMP0346,2026-07-26,1554.57,233.19,77.73,96.38,22.54,0.0,0.0,0.0,0.0,1124.73,True,False,none
PR005414,EMP0346,2026-08-02,1586.45,237.97,79.32,98.36,23.0,0.0,0.0,0.0,0.0,1147.8,True,False,none
PR005415,EMP0346,2026-08-09,1503.84,225.58,75.19,93.24,21.81,0.0,0.0,0.0,0.0,1088.02,True,False,none
PR005416,EMP0346,2026-08-16,1569.78,235.47,78.49,97.33,22.76,0.0,0.0,0.0,0.0,1135.73,True,False,none
PR005417,EMP0346,2026-08-23,1478.03,221.7,73.9,91.64,21.43,0.0,0.0,0.0,0.0,1069.36,True,False,none
PR005418,EMP0346,2026-08-30,1536.61,230.49,76.83,95.27,22.28,0.0,0.0,0.0,0.0,1111.74,True,False,none
PR005419,EMP0346,2026-09-06,1479.88,221.98,73.99,91.75,21.46,0.0,0.0,0.0,0.0,1070.7,True,False,none
PR005420,EMP0346,2026-09-13,1584.66,237.7,79.23,98.25,22.98,0.0,0.0,0.0,0.0,1146.5,True,False,none
PR005421,EMP0347,2026-04-05,2494.77,374.22,124.74,154.68,36.17,14.97,67.36,0.0,0.0,1804.96,True,False,none
PR005422,EMP0347,2026-04-19,2473.8,371.07,123.69,153.38,35.87,14.84,66.79,0.0,0.0,1789.79,True,False,none
PR005423,EMP0347,2026-05-03,2505.91,375.89,125.3,155.37,36.34,12.19,67.66,0.0,0.0,1813.01,True,False,none
PR005424,EMP0347,2026-05-17,2471.78,370.77,123.59,153.25,35.84,0.0,41.19,0.0,0.0,1788.33,True,False,none
PR005425,EMP0347,2026-05-31,2533.98,380.1,126.7,157.11,36.74,0.0,0.0,0.0,0.0,1833.33,True,False,none
PR005426,EMP0347,2026-06-14,2484.63,372.69,124.23,154.05,36.03,0.0,0.0,0.0,0.0,1797.63,True,False,none
PR005427,EMP0347,2026-06-28,2525.41,378.81,126.27,156.58,36.62,0.0,0.0,0.0,0.0,1827.13,True,False,none
PR005428,EMP0347,2026-07-12,2446.54,366.98,122.33,151.69,35.47,0.0,0.0,0.0,0.0,1770.07,True,False,none
PR005429,EMP0347,2026-07-26,2369.12,355.37,118.46,146.89,34.35,0.0,0.0,0.0,0.0,1714.05,True,False,none
PR005430,EMP0347,2026-08-09,2448.68,367.3,122.43,151.82,35.51,0.0,0.0,0.0,0.0,1771.62,True,False,none
PR005431,EMP0347,2026-08-23,2371.02,355.65,118.55,147.0,34.38,0.0,0.0,0.0,0.0,1715.44,True,False,none
PR005432,EMP0347,2026-09-06,2461.13,369.17,123.06,152.59,35.69,0.0,0.0,0.0,0.0,1780.62,True,False,none
PR005433,EMP0348,2026-04-05,1488.48,223.27,74.42,92.29,21.58,8.93,40.19,0.0,0.0,1076.92,True,False,none
PR005434,EMP0348,2026-04-19,1505.02,225.75,75.25,93.31,21.82,9.03,40.64,0.0,0.0,1088.89,True,False,none
PR005435,EMP0348,2026-05-03,1432.7,214.91,71.64,88.83,20.77,8.6,38.68,0.0,0.0,1036.55,True,False,none
PR005436,EMP0348,2026-05-17,1454.52,218.18,72.73,90.18,21.09,8.73,39.27,0.0,0.0,1052.34,True,False,none
PR005437,EMP0348,2026-05-31,1489.52,223.43,74.48,92.35,21.6,6.72,40.22,0.0,0.0,1077.66,True,True,duplicate_deduction
PR005438,EMP0348,2026-06-14,1543.73,231.56,77.19,95.71,22.38,0.0,41.68,0.0,0.0,1116.89,True,False,none
PR005439,EMP0348,2026-06-28,1476.8,221.52,73.84,91.56,21.41,0.0,2.32,0.0,0.0,1068.47,True,False,none
PR005440,EMP0348,2026-07-12,1481.61,222.24,74.08,91.86,21.48,0.0,0.0,0.0,0.0,1071.95,True,False,none
PR005441,EMP0348,2026-07-26,1515.89,227.38,75.79,93.99,21.98,0.0,0.0,0.0,0.0,1096.75,True,False,none
PR005442,EMP0348,2026-08-09,1502.8,225.42,75.14,93.17,21.79,0.0,0.0,0.0,0.0,1087.28,True,False,none
PR005443,EMP0348,2026-08-23,1466.8,220.02,73.34,90.94,21.27,0.0,0.0,0.0,0.0,1061.23,True,False,none
PR005444,EMP0348,2026-09-06,1480.01,222.0,74.0,91.76,21.46,0.0,0.0,0.0,0.0,1070.79,True,False,none
PR005445,EMP0349,2026-03-29,2463.1,369.46,98.52,274.88,35.71,14.78,66.5,0.0,0.0,1806.7,True,True,tax_miscalculation
PR005446,EMP0349,2026-04-05,2612.44,391.87,104.5,161.97,37.88,15.67,70.54,0.0,0.0,1916.22,True,False,none
PR005447,EMP0349,2026-04-12,2445.73,366.86,97.83,151.64,35.46,11.55,66.03,0.0,0.0,1793.94,True,False,none
PR005448,EMP0349,2026-04-19,2493.86,374.08,99.75,154.62,36.16,0.0,39.93,0.0,0.0,1829.25,True,False,none
PR005449,EMP0349,2026-04-26,2424.81,363.72,96.99,150.34,35.16,0.0,0.0,0.0,0.0,1778.6,True,False,none
PR005450,EMP0349,2026-05-03,2463.92,369.59,216.83,152.76,35.73,0.0,0.0,0.0,0.0,1807.28,True,True,tax_miscalculation
PR005451,EMP0349,2026-05-10,2575.41,386.31,103.02,159.68,37.34,0.0,0.0,0.0,0.0,1989.35,True,True,net_pay_mismatch
PR005452,EMP0349,2026-05-17,2435.64,365.35,97.43,151.01,35.32,0.0,0.0,0.0,0.0,1786.53,True,False,none
PR005453,EMP0349,2026-05-24,2514.34,377.15,100.57,155.89,36.46,0.0,0.0,0.0,0.0,1844.27,True,False,none
PR005454,EMP0349,2026-05-31,2421.65,363.25,96.87,150.14,35.11,0.0,0.0,0.0,0.0,1776.28,True,False,none
PR005455,EMP0349,2026-06-07,2436.57,365.49,97.46,151.07,35.33,0.0,0.0,0.0,0.0,1787.22,True,False,none
PR005456,EMP0349,2026-06-14,2580.83,387.12,103.23,160.01,37.42,0.0,0.0,0.0,0.0,1893.05,True,False,none
PR005457,EMP0349,2026-06-21,2573.61,386.04,102.94,159.56,37.32,0.0,0.0,0.0,0.0,1887.75,True,False,none
PR005458,EMP0349,2026-06-28,2602.28,390.34,104.09,161.34,37.73,0.0,0.0,0.0,0.0,1908.78,True,False,none
PR005459,EMP0349,2026-07-05,2590.18,388.53,103.61,160.59,37.56,0.0,0.0,0.0,0.0,1899.89,True,False,none
PR005460,EMP0349,2026-07-12,2555.99,383.4,102.24,158.47,37.06,0.0,0.0,0.0,0.0,1874.82,True,False,none
PR005461,EMP0349,2026-07-19,2430.1,364.51,97.2,150.67,35.24,0.0,0.0,0.0,0.0,1782.48,True,False,none
PR005462,EMP0349,2026-07-26,2575.88,386.38,103.04,159.7,37.35,0.0,0.0,0.0,0.0,1889.41,True,False,none
PR005463,EMP0349,2026-08-02,2588.39,388.26,103.54,160.48,37.53,0.0,0.0,0.0,0.0,1898.58,True,False,none
PR005464,EMP0349,2026-08-09,2579.12,386.87,103.16,159.91,37.4,0.0,0.0,0.0,0.0,1891.78,True,False,none
PR005465,EMP0349,2026-08-16,2521.13,378.17,100.85,156.31,36.56,0.0,0.0,0.0,0.0,1849.24,True,False,none
PR005466,EMP0349,2026-08-23,2466.14,369.92,98.65,152.9,35.76,0.0,0.0,0.0,0.0,1808.91,True,False,none
PR005467,EMP0349,2026-08-30,2588.35,388.25,103.53,160.48,37.53,0.0,0.0,0.0,0.0,1898.56,True,False,none
PR005468,EMP0349,2026-09-06,2564.77,384.72,102.59,159.02,37.19,0.0,0.0,0.0,0.0,1881.25,True,False,none
PR005469,EMP0349,2026-09-13,2615.38,392.31,104.62,162.15,37.92,0.0,0.0,0.0,0.0,1918.38,True,False,none
PR005470,EMP0350,2026-04-05,4680.18,702.03,187.21,290.17,67.86,28.08,126.36,561.62,0.0,2871.29,True,False,none
PR005471,EMP0350,2026-04-19,4706.85,706.03,188.27,291.82,68.25,13.92,116.64,564.82,0.0,2887.66,True,False,none
PR005472,EMP0350,2026-05-03,4701.57,705.24,188.06,291.5,68.17,0.0,0.0,564.19,0.0,2884.41,True,False,none
PR005473,EMP0350,2026-05-17,4922.89,738.43,196.92,305.22,71.38,0.0,0.0,590.75,0.0,3020.19,True,False,none
PR005474,EMP0350,2026-05-31,4692.08,703.81,187.68,290.91,68.04,0.0,0.0,563.05,0.0,2878.59,True,False,none
PR005475,EMP0350,2026-06-14,4646.25,696.94,185.85,288.07,67.37,0.0,0.0,557.55,0.0,2850.47,True,False,none
PR005476,EMP0350,2026-06-28,5001.4,750.21,200.06,310.09,72.52,0.0,0.0,600.17,0.0,3068.35,True,False,none
PR005477,EMP0350,2026-07-12,4630.31,694.55,185.21,287.08,67.14,0.0,0.0,555.64,0.0,2840.69,True,False,none
PR005478,EMP0350,2026-07-26,4939.16,740.87,197.57,306.23,71.62,0.0,0.0,592.7,0.0,3030.17,True,False,none
PR005479,EMP0350,2026-08-09,4760.09,714.01,190.4,295.13,69.02,0.0,0.0,571.21,0.0,2920.32,True,False,none
PR005480,EMP0350,2026-08-23,4941.59,741.24,197.66,306.38,71.65,0.0,0.0,592.99,0.0,3031.67,True,False,none
PR005481,EMP0350,2026-09-06,4832.22,724.83,193.29,299.6,70.07,0.0,0.0,579.87,0.0,2964.56,True,False,none
PR005482,EMP0351,2026-04-05,5796.65,869.5,173.9,359.39,84.05,34.78,156.51,0.0,0.0,4309.81,True,False,none
PR005483,EMP0351,2026-04-19,5807.58,871.14,174.23,360.07,84.21,7.22,86.49,0.0,0.0,4317.93,True,False,none
PR005484,EMP0351,2026-05-03,5399.49,809.92,161.98,334.77,78.29,0.0,0.0,0.0,0.0,4014.53,True,False,none
PR005485,EMP0351,2026-05-17,5428.99,814.35,162.87,336.6,78.72,0.0,0.0,0.0,0.0,4036.45,True,False,none
PR005486,EMP0351,2026-05-31,5506.84,826.03,165.21,341.42,79.85,0.0,0.0,0.0,0.0,4094.33,True,False,none
PR005487,EMP0351,2026-06-14,5693.27,853.99,170.8,352.98,82.55,0.0,0.0,0.0,0.0,4232.95,True,False,none
PR005488,EMP0351,2026-06-28,5790.7,868.6,173.72,359.02,83.97,0.0,0.0,0.0,0.0,4305.39,True,False,none
PR005489,EMP0351,2026-07-12,5600.1,840.01,168.0,347.21,81.2,0.0,0.0,0.0,0.0,4163.68,True,False,none
PR005490,EMP0351,2026-07-26,5665.53,849.83,169.97,351.26,82.15,0.0,0.0,0.0,0.0,4212.32,True,False,none
PR005491,EMP0351,2026-08-09,5479.32,821.9,164.38,339.72,79.45,0.0,0.0,0.0,0.0,4073.87,True,False,none
PR005492,EMP0351,2026-08-23,5753.63,863.04,172.61,356.73,83.43,0.0,0.0,0.0,0.0,4277.82,True,False,none
PR005493,EMP0351,2026-09-06,5825.88,873.88,174.78,361.2,84.48,0.0,0.0,0.0,0.0,4331.54,True,False,none
PR005494,EMP0352,2026-03-29,1806.87,271.03,0.0,112.03,26.2,10.84,48.79,175.27,0.0,1222.34,True,False,none
PR005495,EMP0352,2026-04-05,1839.85,275.98,0.0,114.07,26.68,11.04,49.68,178.47,0.0,1244.65,True,False,none
PR005496,EMP0352,2026-04-12,1780.26,267.04,0.0,110.38,25.81,10.68,48.07,172.69,0.0,1014.56,True,True,net_pay_mismatch
PR005497,EMP0352,2026-04-19,1841.01,276.15,0.0,114.14,26.69,9.44,49.71,178.58,0.0,1245.45,True,False,none
PR005498,EMP0352,2026-04-26,1788.77,268.32,0.0,110.9,25.94,0.0,46.76,173.51,0.0,1210.1,True,False,none
PR005499,EMP0352,2026-05-03,1832.16,274.82,0.0,113.59,26.57,0.0,0.0,177.72,0.0,1239.46,True,False,none
PR005500,EMP0352,2026-05-10,1816.42,272.46,0.0,112.62,26.34,0.0,0.0,176.19,0.0,1228.81,True,False,none
PR005501,EMP0352,2026-05-17,1843.79,276.57,0.0,114.31,26.73,0.0,0.0,178.85,0.0,1247.33,True,False,none
PR005502,EMP0352,2026-05-24,1853.09,277.96,0.0,114.89,26.87,0.0,0.0,179.75,0.0,1253.62,True,False,none
PR005503,EMP0352,2026-05-31,1768.95,265.34,0.0,109.67,25.65,0.0,0.0,171.59,0.0,1196.7,True,False,none
PR005504,EMP0352,2026-06-07,1878.66,281.8,0.0,116.48,27.24,0.0,0.0,182.23,0.0,1270.91,True,False,none
PR005505,EMP0352,2026-06-14,1871.66,280.75,0.0,116.04,27.14,0.0,0.0,181.55,0.0,1266.18,True,False,none
PR005506,EMP0352,2026-06-21,1821.11,273.17,0.0,112.91,26.41,0.0,0.0,176.65,0.0,1231.97,True,False,none
PR005507,EMP0352,2026-06-28,1775.43,266.31,0.0,110.08,25.74,0.0,0.0,172.22,0.0,1201.08,True,False,none
PR005508,EMP0352,2026-07-05,1877.77,281.67,0.0,116.42,27.23,0.0,0.0,182.14,364.28,1270.31,True,True,duplicate_deduction
PR005509,EMP0352,2026-07-12,1906.96,286.04,0.0,118.23,27.65,0.0,0.0,184.98,0.0,1290.06,True,False,none
PR005510,EMP0352,2026-07-19,1802.72,270.41,0.0,111.77,26.14,0.0,0.0,174.86,0.0,1219.54,True,False,none
PR005511,EMP0352,2026-07-26,1814.88,272.23,0.0,112.52,26.32,0.0,0.0,176.04,0.0,1227.77,True,False,none
PR005512,EMP0352,2026-08-02,1794.51,269.18,0.0,111.26,26.02,0.0,0.0,174.07,0.0,1213.98,True,False,none
PR005513,EMP0352,2026-08-09,1851.82,277.77,0.0,114.81,26.85,0.0,0.0,179.63,0.0,1252.76,True,False,none
PR005514,EMP0352,2026-08-16,1790.28,268.54,0.0,111.0,25.96,0.0,0.0,173.66,0.0,1211.12,True,False,none
PR005515,EMP0352,2026-08-23,1819.64,272.95,0.0,112.82,26.38,0.0,0.0,176.51,0.0,1230.98,True,False,none
PR005516,EMP0352,2026-08-30,1869.33,280.4,0.0,115.9,27.11,0.0,0.0,181.33,0.0,1264.59,True,False,none
PR005517,EMP0352,2026-09-06,1849.37,277.41,0.0,114.66,26.82,0.0,0.0,179.39,0.0,1251.09,True,False,none
PR005518,EMP0352,2026-09-13,1824.05,273.61,0.0,113.09,26.45,0.0,0.0,176.93,0.0,1233.97,True,False,none
PR005519,EMP0353,2026-03-29,2678.09,401.71,0.0,166.04,38.83,16.07,72.31,0.0,0.0,2071.51,True,False,none
PR005520,EMP0353,2026-04-05,2708.38,406.26,0.0,167.92,39.27,16.25,73.13,0.0,0.0,2094.93,True,False,none
PR005521,EMP0353,2026-04-12,2589.63,388.44,0.0,160.56,37.55,9.68,69.92,0.0,0.0,2003.08,True,False,none
PR005522,EMP0353,2026-04-19,2605.14,390.77,0.0,161.52,37.77,0.0,27.65,0.0,0.0,2015.08,True,False,none
PR005523,EMP0353,2026-04-26,2776.51,416.48,0.0,172.14,40.26,0.0,0.0,0.0,0.0,2147.63,True,False,none
PR005524,EMP0353,2026-05-03,2605.01,390.75,0.0,161.51,37.77,0.0,0.0,0.0,0.0,2014.98,True,True,tax_miscalculation
PR005525,EMP0353,2026-05-10,2739.26,410.89,0.0,169.83,39.72,0.0,0.0,0.0,0.0,2118.82,True,False,none
PR005526,EMP0353,2026-05-17,2784.79,417.72,0.0,172.66,40.38,0.0,0.0,0.0,0.0,2154.03,True,False,none
PR005527,EMP0353,2026-05-24,2646.16,396.92,0.0,164.06,38.37,0.0,0.0,0.0,0.0,2046.81,True,False,none
PR005528,EMP0353,2026-05-31,2667.47,400.12,0.0,165.38,38.68,0.0,0.0,0.0,0.0,2063.29,True,False,none
PR005529,EMP0353,2026-06-07,2709.83,406.47,0.0,168.01,39.29,0.0,0.0,0.0,0.0,2096.06,True,False,none
PR005530,EMP0353,2026-06-14,2776.6,416.49,0.0,172.15,40.26,0.0,0.0,0.0,0.0,2147.7,True,False,none
PR005531,EMP0353,2026-06-21,2789.45,418.42,0.0,172.95,40.45,0.0,0.0,0.0,0.0,2157.63,True,False,none
PR005532,EMP0353,2026-06-28,2746.26,411.94,0.0,170.27,39.82,0.0,0.0,0.0,0.0,2124.23,True,False,none
PR005533,EMP0353,2026-07-05,2606.87,391.03,0.0,161.63,37.8,0.0,0.0,0.0,0.0,2016.41,True,False,none
PR005534,EMP0353,2026-07-12,2731.23,409.68,0.0,169.34,39.6,0.0,0.0,0.0,0.0,2112.61,True,False,none
PR005535,EMP0353,2026-07-19,2675.97,401.4,0.0,165.91,38.8,0.0,0.0,0.0,0.0,1902.18,True,True,net_pay_mismatch
PR005536,EMP0353,2026-07-26,2598.87,389.83,0.0,161.13,37.68,0.0,0.0,0.0,0.0,2010.23,True,False,none
PR005537,EMP0353,2026-08-02,2629.17,394.38,0.0,163.01,38.12,0.0,0.0,0.0,0.0,2033.66,True,False,none
PR005538,EMP0353,2026-08-09,2757.13,413.57,0.0,170.94,39.98,0.0,0.0,0.0,0.0,2132.64,True,False,none
PR005539,EMP0353,2026-08-16,2685.29,402.79,0.0,166.49,38.94,0.0,0.0,0.0,0.0,2077.07,True,False,none
PR005540,EMP0353,2026-08-23,2652.78,397.92,0.0,164.47,38.47,0.0,0.0,0.0,0.0,2051.92,True,False,none
PR005541,EMP0353,2026-08-30,2670.36,400.55,0.0,165.56,38.72,0.0,0.0,0.0,0.0,2065.53,True,False,none
PR005542,EMP0353,2026-09-06,2770.77,415.62,0.0,171.79,40.18,0.0,0.0,0.0,0.0,2143.18,True,False,none
PR005543,EMP0353,2026-09-13,2748.27,412.24,0.0,170.39,39.85,0.0,0.0,0.0,0.0,2125.79,True,False,none
PR005544,EMP0354,2026-03-29,2441.51,366.23,146.49,151.37,35.4,14.65,65.92,109.87,0.0,1632.15,True,False,none
PR005545,EMP0354,2026-04-05,2411.02,361.65,144.66,149.48,34.96,14.47,65.1,108.5,0.0,1611.77,True,False,none
PR005546,EMP0354,2026-04-12,2437.51,365.63,146.25,151.13,35.34,12.88,65.81,109.69,0.0,1629.47,True,False,none
PR005547,EMP0354,2026-04-19,2569.21,385.38,154.15,159.29,37.25,0.0,46.17,115.61,0.0,1717.53,True,False,none
PR005548,EMP0354,2026-04-26,2502.42,375.36,150.15,155.15,36.29,0.0,0.0,112.61,0.0,1672.86,True,False,none
PR005549,EMP0354,2026-05-03,2492.94,373.94,149.58,154.56,36.15,0.0,0.0,112.18,0.0,1666.53,True,False,none
PR005550,EMP0354,2026-05-10,2505.33,375.8,150.32,155.33,36.33,0.0,0.0,112.74,0.0,1674.81,True,False,none
PR005551,EMP0354,2026-05-17,2459.97,369.0,147.6,152.52,35.67,0.0,0.0,110.7,0.0,1644.48,True,False,none
PR005552,EMP0354,2026-05-24,2546.83,382.02,152.81,157.9,36.93,0.0,0.0,114.61,0.0,1702.56,True,False,none
PR005553,EMP0354,2026-05-31,2490.94,373.64,149.46,154.44,36.12,0.0,0.0,112.09,0.0,1665.19,True,False,none
PR005554,EMP0354,2026-06-07,2410.87,361.63,144.65,149.47,34.96,0.0,0.0,108.49,0.0,1611.67,True,False,none
PR005555,EMP0354,2026-06-14,2413.3,362.0,144.8,149.62,34.99,0.0,0.0,108.6,0.0,1613.29,True,False,none
PR005556,EMP0354,2026-06-21,2493.61,374.04,149.62,154.6,36.16,0.0,0.0,112.21,0.0,1666.98,True,False,none
PR005557,EMP0354,2026-06-28,2572.33,385.85,154.34,159.48,37.3,0.0,0.0,115.75,0.0,1719.61,True,False,none
PR005558,EMP0354,2026-07-05,2448.61,367.29,146.92,151.81,35.5,0.0,0.0,110.19,0.0,1636.9,True,False,none
PR005559,EMP0354,2026-07-12,2559.13,383.87,153.55,158.67,37.11,0.0,0.0,115.16,0.0,1710.77,True,False,none
PR005560,EMP0354,2026-07-19,2538.36,380.75,152.3,157.38,36.81,0.0,0.0,114.23,0.0,1696.89,True,False,none
PR005561,EMP0354,2026-07-26,2436.69,365.5,146.2,151.07,35.33,0.0,0.0,109.65,0.0,1628.94,True,False,none
PR005562,EMP0354,2026-08-02,2395.04,359.26,143.7,148.49,34.73,0.0,0.0,107.78,0.0,1601.08,True,False,none
PR005563,EMP0354,2026-08-09,2407.94,361.19,144.48,149.29,34.92,0.0,0.0,108.36,0.0,1609.7,True,False,none
PR005564,EMP0354,2026-08-16,2531.35,379.7,151.88,156.94,36.7,0.0,0.0,113.91,0.0,1692.22,True,False,none
PR005565,EMP0354,2026-08-23,2427.2,364.08,145.63,150.49,35.19,0.0,0.0,109.22,0.0,1622.59,True,False,none
PR005566,EMP0354,2026-08-30,2461.0,369.15,147.66,152.58,35.68,0.0,0.0,110.74,0.0,1645.19,True,False,none
PR005567,EMP0354,2026-09-06,2486.69,373.0,149.2,154.17,36.06,0.0,0.0,111.9,0.0,1662.36,True,False,none
PR005568,EMP0354,2026-09-13,2530.75,379.61,151.84,156.91,36.7,0.0,0.0,113.88,0.0,1691.81,True,False,none
PR005569,EMP0355,2026-04-05,3122.12,468.32,156.11,193.57,45.27,18.73,84.3,103.03,0.0,2155.82,True,False,none
PR005570,EMP0355,2026-04-19,3196.91,479.54,159.85,198.21,46.36,19.18,86.32,105.5,211.0,2207.45,True,True,duplicate_deduction
PR005571,EMP0355,2026-05-03,3216.98,482.55,160.85,199.45,46.65,4.09,72.39,106.16,0.0,2221.32,True,False,none
PR005572,EMP0355,2026-05-17,3231.21,484.68,161.56,200.34,46.85,0.0,0.0,106.63,0.0,2231.15,True,False,none
PR005573,EMP0355,2026-05-31,3302.01,495.3,165.1,204.72,47.88,0.0,0.0,108.97,0.0,2280.04,True,False,none
PR005574,EMP0355,2026-06-14,3137.03,470.55,156.85,194.5,45.49,0.0,0.0,103.52,0.0,2166.12,True,False,none
PR005575,EMP0355,2026-06-28,3299.32,494.9,164.97,204.56,47.84,0.0,0.0,108.88,0.0,2278.17,True,False,none
PR005576,EMP0355,2026-07-12,3270.0,490.5,163.5,202.74,47.41,0.0,0.0,107.91,0.0,2257.94,True,False,none
PR005577,EMP0355,2026-07-26,3235.05,485.26,161.75,200.57,46.91,0.0,0.0,106.76,0.0,2233.8,True,False,none
PR005578,EMP0355,2026-08-09,3271.69,490.75,163.58,202.84,47.44,0.0,0.0,107.97,0.0,2259.11,True,False,none
PR005579,EMP0355,2026-08-23,3198.35,479.75,159.92,198.3,46.38,0.0,0.0,0.0,0.0,2208.45,True,True,missing_401k
PR005580,EMP0355,2026-09-06,3128.54,469.28,156.43,193.97,45.36,0.0,0.0,103.24,0.0,2160.26,True,False,none
PR005581,EMP0356,2026-03-31,5960.83,894.12,298.04,369.57,86.43,35.76,160.94,0.0,0.0,4312.67,True,False,none
PR005582,EMP0356,2026-04-15,5895.07,884.26,294.75,365.49,85.48,6.24,82.06,0.0,0.0,4265.09,True,False,none
PR005583,EMP0356,2026-04-30,5948.53,892.28,297.43,368.81,86.25,0.0,0.0,0.0,0.0,4303.76,True,False,none
PR005584,EMP0356,2026-05-15,5808.08,871.21,290.4,360.1,84.22,0.0,0.0,0.0,0.0,4202.15,True,False,none
PR005585,EMP0356,2026-05-31,6073.19,910.98,303.66,376.54,88.06,0.0,0.0,0.0,0.0,4393.95,True,False,none
PR005586,EMP0356,2026-06-15,5924.29,888.64,296.21,367.31,85.9,0.0,0.0,0.0,0.0,4286.23,True,False,none
PR005587,EMP0356,2026-06-30,5690.36,853.55,284.52,352.8,82.51,0.0,0.0,0.0,0.0,4116.98,True,False,none
PR005588,EMP0356,2026-07-15,5860.18,879.03,293.01,363.33,84.97,0.0,0.0,0.0,0.0,4239.84,True,False,none
PR005589,EMP0356,2026-07-31,6003.05,900.46,300.15,372.19,87.04,0.0,0.0,0.0,0.0,4343.21,True,False,none
PR005590,EMP0356,2026-08-15,6020.65,903.1,301.03,373.28,87.3,0.0,0.0,0.0,0.0,4355.94,True,False,none
PR005591,EMP0356,2026-08-31,5881.06,882.16,294.05,364.63,85.28,0.0,0.0,0.0,0.0,4254.94,True,False,none
PR005592,EMP0357,2026-03-29,2013.01,301.95,120.78,124.81,29.19,12.08,54.35,0.0,0.0,1436.28,True,False,none
PR005593,EMP0357,2026-04-05,1916.05,287.41,114.96,118.8,27.78,11.5,51.73,0.0,0.0,1367.1,True,False,none
PR005594,EMP0357,2026-04-12,1938.15,290.72,116.29,120.17,28.1,11.63,52.33,0.0,0.0,1382.87,True,False,none
PR005595,EMP0357,2026-04-19,2013.6,302.04,120.82,124.84,29.2,6.8,54.37,0.0,0.0,1436.7,True,False,none
PR005596,EMP0357,2026-04-26,2013.24,301.99,120.79,124.82,29.19,0.0,30.22,0.0,0.0,1436.45,True,False,none
PR005597,EMP0357,2026-05-03,1980.69,297.1,118.84,122.8,28.72,0.0,0.0,0.0,0.0,1413.23,True,False,none
PR005598,EMP0357,2026-05-10,2007.48,301.12,120.45,124.46,29.11,0.0,0.0,0.0,0.0,1432.34,True,False,none
PR005599,EMP0357,2026-05-17,1888.39,283.26,113.3,117.08,27.38,0.0,0.0,0.0,0.0,1347.37,True,False,none
PR005600,EMP0357,2026-05-24,2008.41,301.26,120.5,124.52,29.12,0.0,0.0,0.0,0.0,1433.01,True,False,none
PR005601,EMP0357,2026-05-31,1924.24,288.64,115.45,119.3,27.9,0.0,0.0,0.0,0.0,1372.95,True,False,none
PR005602,EMP0357,2026-06-07,1902.24,285.34,114.13,117.94,27.58,0.0,0.0,0.0,0.0,1357.25,True,False,none
PR005603,EMP0357,2026-06-14,1911.68,286.75,114.7,118.52,27.72,0.0,0.0,0.0,0.0,1363.99,True,False,none
PR005604,EMP0357,2026-06-21,1939.29,290.89,116.36,120.24,28.12,0.0,0.0,0.0,0.0,1383.68,True,False,none
PR005605,EMP0357,2026-06-28,1913.51,287.03,114.81,118.64,27.75,0.0,0.0,0.0,0.0,1365.28,True,False,none
PR005606,EMP0357,2026-07-05,1924.23,288.63,115.45,119.3,27.9,0.0,0.0,0.0,0.0,1372.95,True,False,none
PR005607,EMP0357,2026-07-12,1895.54,284.33,113.73,117.52,27.49,0.0,0.0,0.0,0.0,1352.47,True,False,none
PR005608,EMP0357,2026-07-19,1920.46,288.07,115.23,119.07,27.85,0.0,0.0,0.0,0.0,1370.24,True,False,none
PR005609,EMP0357,2026-07-26,1963.15,294.47,117.79,121.72,28.47,0.0,0.0,0.0,0.0,1400.7,True,False,none
PR005610,EMP0357,2026-08-02,1942.99,291.45,116.58,120.47,28.17,0.0,0.0,0.0,0.0,1386.32,True,False,none
PR005611,EMP0357,2026-08-09,1928.28,289.24,115.7,119.55,27.96,0.0,0.0,0.0,0.0,1375.83,True,False,none
PR005612,EMP0357,2026-08-16,1990.08,298.51,119.4,123.38,28.86,0.0,0.0,0.0,0.0,1419.93,True,False,none
PR005613,EMP0357,2026-08-23,2012.82,301.92,120.77,124.79,29.19,0.0,0.0,0.0,0.0,1436.15,True,False,none
PR005614,EMP0357,2026-08-30,1991.68,298.75,119.5,123.48,28.88,0.0,0.0,0.0,0.0,1421.07,True,False,none
PR005615,EMP0357,2026-09-06,1926.0,288.9,115.56,119.41,27.93,0.0,0.0,0.0,0.0,1374.2,True,False,none
PR005616,EMP0357,2026-09-13,1989.77,298.47,119.39,123.37,28.85,0.0,0.0,0.0,0.0,1419.69,True,False,none
PR005617,EMP0358,2026-03-29,1092.4,163.86,54.62,67.73,15.84,6.55,29.49,0.0,209.23,581.12,True,False,none
PR005618,EMP0358,2026-04-05,1109.63,166.44,55.48,68.8,16.09,6.66,29.96,0.0,440.94,361.88,True,False,none
PR005619,EMP0358,2026-04-12,1100.8,165.12,55.04,68.25,15.96,6.6,29.72,0.0,188.41,608.02,True,False,none
PR005620,EMP0358,2026-04-19,1090.6,163.59,54.53,67.62,15.81,6.54,29.45,0.0,450.29,338.76,True,False,none
PR005621,EMP0358,2026-04-26,1135.27,170.29,56.76,70.39,16.46,6.81,30.65,0.0,519.68,561.53,True,True,duplicate_deduction
PR005622,EMP0358,2026-05-03,1128.29,169.24,56.41,69.95,16.36,6.77,30.46,0.0,352.31,464.02,True,False,none
PR005623,EMP0358,2026-05-10,1137.2,170.58,56.86,70.51,16.49,2.06,30.7,0.0,253.36,569.4,True,False,none
PR005624,EMP0358,2026-05-17,1155.79,173.37,57.79,128.99,16.76,0.0,31.21,0.0,284.26,551.95,True,True,tax_miscalculation
PR005625,EMP0358,2026-05-24,1140.64,171.1,57.03,70.72,16.54,0.0,1.35,0.0,178.89,646.36,True,False,none
PR005626,EMP0358,2026-05-31,1112.03,166.8,55.6,68.95,16.12,0.0,0.0,0.0,287.81,516.75,True,False,none
PR005627,EMP0358,2026-06-07,1127.23,169.08,56.36,69.89,16.34,0.0,0.0,0.0,196.18,619.38,False,True,late_journal_posting
PR005628,EMP0358,2026-06-14,1149.18,172.38,57.46,71.25,16.66,0.0,0.0,0.0,250.65,580.78,True,False,none
PR005629,EMP0358,2026-06-21,1139.12,170.87,56.96,70.63,16.52,0.0,0.0,0.0,451.09,373.05,True,False,none
PR005630,EMP0358,2026-06-28,1128.87,169.33,56.44,69.99,16.37,0.0,0.0,0.0,425.66,391.08,True,False,none
PR005631,EMP0358,2026-07-05,1137.77,170.67,56.89,70.54,16.5,0.0,0.0,0.0,295.78,527.39,True,False,none
PR005632,EMP0358,2026-07-12,1150.85,172.63,57.54,71.35,16.69,0.0,0.0,0.0,277.91,554.73,True,False,none
PR005633,EMP0358,2026-07-19,1129.7,169.46,56.49,70.04,16.38,0.0,0.0,0.0,427.52,389.81,True,False,none
PR005634,EMP0358,2026-07-26,1112.6,166.89,55.63,68.98,16.13,0.0,0.0,0.0,271.41,533.56,True,False,none
PR005635,EMP0358,2026-08-02,1119.75,167.96,55.99,69.42,16.24,0.0,0.0,0.0,448.45,361.69,True,False,none
PR005636,EMP0358,2026-08-09,1161.62,174.24,58.08,72.02,16.84,0.0,0.0,0.0,368.9,471.54,True,False,none
PR005637,EMP0358,2026-08-16,1137.73,170.66,56.89,70.54,16.5,0.0,0.0,0.0,485.14,338.0,True,False,none
PR005638,EMP0358,2026-08-23,1087.64,163.15,54.38,67.43,15.77,0.0,0.0,0.0,241.95,544.96,True,False,none
PR005639,EMP0358,2026-08-30,1141.95,171.29,57.1,70.8,16.56,0.0,0.0,0.0,459.34,366.86,True,False,none
PR005640,EMP0358,2026-09-06,1155.13,173.27,57.76,71.62,16.75,0.0,0.0,0.0,321.21,514.52,True,False,none
PR005641,EMP0358,2026-09-13,1086.83,163.02,54.34,67.38,15.76,0.0,0.0,0.0,309.71,476.62,True,False,none
PR005642,EMP0359,2026-03-29,2051.09,307.66,0.0,127.17,29.74,12.31,55.38,0.0,188.29,1398.23,True,False,none
PR005643,EMP0359,2026-04-05,2140.99,321.15,0.0,132.74,31.04,12.85,57.81,0.0,142.97,1513.09,True,False,none
PR005644,EMP0359,2026-04-12,2150.17,322.53,0.0,133.31,31.18,12.9,58.05,0.0,231.43,1431.72,True,False,none
PR005645,EMP0359,2026-04-19,2111.74,316.76,0.0,130.93,30.62,3.95,57.02,0.0,144.47,1488.96,True,False,none
PR005646,EMP0359,2026-04-26,2068.79,310.32,0.0,128.26,30.0,0.0,14.74,0.0,141.55,1458.66,True,False,none
PR005647,EMP0359,2026-05-03,2172.41,325.86,0.0,134.69,31.5,0.0,0.0,0.0,329.5,1350.86,True,False,none
PR005648,EMP0359,2026-05-10,2089.09,313.36,0.0,129.52,30.29,0.0,0.0,0.0,175.39,1440.53,True,False,none
PR005649,EMP0359,2026-05-17,2167.75,325.16,0.0,134.4,31.43,0.0,0.0,0.0,212.43,1464.33,True,False,none
PR005650,EMP0359,2026-05-24,2039.51,305.93,0.0,126.45,29.57,0.0,0.0,0.0,251.58,1325.98,True,False,none
PR005651,EMP0359,2026-05-31,2169.46,325.42,0.0,134.51,31.46,0.0,0.0,0.0,126.82,1551.25,True,False,none
PR005652,EMP0359,2026-06-07,2052.32,307.85,0.0,127.24,29.76,0.0,0.0,0.0,342.52,1244.95,True,False,none
PR005653,EMP0359,2026-06-14,2041.19,306.18,0.0,126.55,29.6,0.0,0.0,0.0,145.23,1433.63,True,False,none
PR005654,EMP0359,2026-06-21,2107.44,316.12,0.0,130.66,30.56,0.0,0.0,0.0,332.99,1297.11,True,False,none
PR005655,EMP0359,2026-06-28,2091.99,313.8,0.0,129.7,30.33,0.0,0.0,0.0,725.54,1255.39,True,True,duplicate_deduction
PR005656,EMP0359,2026-07-05,2125.54,318.83,0.0,131.78,30.82,0.0,0.0,0.0,141.58,1502.53,True,False,none
PR005657,EMP0359,2026-07-12,2177.6,326.64,0.0,135.01,31.58,0.0,0.0,0.0,229.38,1454.99,True,False,none
PR005658,EMP0359,2026-07-19,2060.5,309.07,0.0,127.75,29.88,0.0,0.0,0.0,252.91,1340.89,False,True,late_journal_posting
PR005659,EMP0359,2026-07-26,2063.31,309.5,0.0,127.93,29.92,0.0,0.0,0.0,140.39,1455.57,True,False,none
PR005660,EMP0359,2026-08-02,2013.03,301.95,0.0,124.81,29.19,0.0,0.0,0.0,221.79,1335.29,True,False,none
PR005661,EMP0359,2026-08-09,2151.71,322.76,0.0,133.41,31.2,0.0,0.0,0.0,267.7,1396.64,True,False,none
PR005662,EMP0359,2026-08-16,2178.66,326.8,0.0,135.08,31.59,0.0,0.0,0.0,198.9,1486.29,True,False,none
PR005663,EMP0359,2026-08-23,2059.35,308.9,0.0,127.68,29.86,0.0,0.0,0.0,157.64,1435.27,True,False,none
PR005664,EMP0359,2026-08-30,2040.03,306.0,0.0,126.48,29.58,0.0,0.0,0.0,185.85,1392.12,True,False,none
PR005665,EMP0359,2026-09-06,2144.4,321.66,0.0,132.95,31.09,0.0,0.0,0.0,349.76,1308.94,True,False,none
PR005666,EMP0359,2026-09-13,2174.66,326.2,0.0,134.83,31.53,0.0,0.0,0.0,184.77,1497.33,True,False,none
PR005667,EMP0360,2026-04-05,4075.91,611.39,122.28,252.71,59.1,24.46,110.05,228.25,0.0,2802.18,True,False,none
PR005668,EMP0360,2026-04-19,3902.6,585.39,117.08,241.96,56.59,17.54,105.37,218.55,0.0,2683.03,True,False,none
PR005669,EMP0360,2026-05-03,3835.09,575.26,115.05,237.78,55.61,0.0,27.58,214.77,0.0,2636.62,True,False,none
PR005670,EMP0360,2026-05-17,4072.38,610.86,122.17,252.49,59.05,0.0,0.0,228.05,0.0,2799.76,True,False,none
PR005671,EMP0360,2026-05-31,3999.07,599.86,119.97,247.94,57.99,0.0,0.0,223.95,0.0,2749.36,True,False,none
PR005672,EMP0360,2026-06-14,3851.36,577.7,115.54,238.78,55.84,0.0,0.0,215.68,0.0,2647.82,True,False,none
PR005673,EMP0360,2026-06-28,3934.43,590.16,118.03,243.93,57.05,0.0,0.0,220.33,0.0,2704.93,True,False,none
PR005674,EMP0360,2026-07-12,3889.75,583.46,116.69,241.16,56.4,0.0,0.0,217.83,0.0,2674.21,True,False,none
PR005675,EMP0360,2026-07-26,4030.63,604.59,120.92,249.9,58.44,0.0,0.0,225.72,0.0,2771.06,True,False,none
PR005676,EMP0360,2026-08-09,3941.82,591.27,118.25,244.39,57.16,0.0,0.0,0.0,0.0,2710.01,True,True,missing_401k
PR005677,EMP0360,2026-08-23,4109.75,616.46,123.29,254.8,59.59,0.0,0.0,230.15,0.0,2825.46,True,False,none
PR005678,EMP0360,2026-09-06,3816.89,572.53,114.51,236.65,55.34,0.0,0.0,213.75,0.0,2624.11,False,True,late_journal_posting
PR005679,EMP0361,2026-03-29,860.78,129.12,34.43,53.37,12.48,5.16,23.24,74.89,0.0,556.49,True,False,none
PR005680,EMP0361,2026-04-05,869.53,130.43,34.78,53.91,12.61,5.22,23.48,75.65,0.0,562.15,True,False,none
PR005681,EMP0361,2026-04-12,870.99,130.65,34.84,54.0,12.63,5.23,23.52,75.78,0.0,563.09,True,False,none
PR005682,EMP0361,2026-04-19,858.08,128.71,34.32,53.2,12.44,5.15,23.17,74.65,0.0,554.76,True,False,none
PR005683,EMP0361,2026-04-26,886.59,132.99,35.46,54.97,12.86,5.32,23.94,77.13,0.0,573.18,True,False,none
PR005684,EMP0361,2026-05-03,896.62,134.49,35.86,55.59,13.0,5.38,24.21,78.01,0.0,579.67,True,False,none
PR005685,EMP0361,2026-05-10,901.04,135.16,36.04,55.86,13.07,5.41,24.33,78.39,0.0,582.52,True,False,none
PR005686,EMP0361,2026-05-17,891.82,133.77,35.67,55.29,12.93,5.14,24.08,77.59,0.0,576.57,True,False,none
PR005687,EMP0361,2026-05-24,894.96,134.24,35.8,55.49,12.98,0.0,24.16,77.86,0.0,578.59,True,False,none
PR005688,EMP0361,2026-05-31,874.26,131.14,34.97,54.2,12.68,0.0,23.61,76.06,0.0,565.21,True,False,none
PR005689,EMP0361,2026-06-07,893.25,133.99,35.73,55.38,12.95,0.0,5.27,77.71,0.0,577.49,True,False,none
PR005690,EMP0361,2026-06-14,857.22,128.58,34.29,53.15,12.43,0.0,0.0,74.58,0.0,554.19,True,False,none
PR005691,EMP0361,2026-06-21,863.77,129.57,34.55,53.55,12.52,0.0,0.0,75.15,0.0,558.43,True,False,none
PR005692,EMP0361,2026-06-28,858.15,128.72,34.33,53.21,12.44,0.0,0.0,74.66,0.0,554.79,True,False,none
PR005693,EMP0361,2026-07-05,868.53,130.28,34.74,53.85,12.59,0.0,0.0,75.56,0.0,561.51,True,False,none
PR005694,EMP0361,2026-07-12,855.99,128.4,34.24,53.07,12.41,0.0,0.0,74.47,0.0,553.4,True,False,none
PR005695,EMP0361,2026-07-19,902.61,135.39,36.1,55.96,13.09,0.0,0.0,78.53,0.0,583.54,True,False,none
PR005696,EMP0361,2026-07-26,857.87,128.68,34.31,53.19,12.44,0.0,0.0,74.63,0.0,554.62,True,False,none
PR005697,EMP0361,2026-08-02,843.05,126.46,33.72,52.27,12.22,0.0,0.0,73.35,0.0,545.03,True,False,none
PR005698,EMP0361,2026-08-09,872.63,130.89,34.91,54.1,12.65,0.0,0.0,75.92,0.0,564.16,True,False,none
PR005699,EMP0361,2026-08-16,840.23,126.03,33.61,52.09,12.18,0.0,0.0,73.1,0.0,543.22,True,False,none
PR005700,EMP0361,2026-08-23,843.91,126.59,33.76,52.32,12.24,0.0,0.0,73.42,0.0,545.58,True,False,none
PR005701,EMP0361,2026-08-30,851.42,127.71,34.06,52.79,12.35,0.0,0.0,74.07,0.0,550.44,True,False,none
PR005702,EMP0361,2026-09-06,868.32,130.25,34.73,53.84,12.59,0.0,0.0,75.54,0.0,561.37,True,False,none
PR005703,EMP0361,2026-09-13,866.17,129.93,34.65,53.7,12.56,0.0,0.0,75.36,0.0,559.97,True,False,none
PR005704,EMP0362,2026-03-31,3911.65,586.75,234.7,242.52,56.72,23.47,105.61,0.0,0.0,2790.96,True,False,none
PR005705,EMP0362,2026-04-15,3893.42,584.01,233.61,241.39,56.45,18.53,105.12,0.0,0.0,2777.96,True,False,none
PR005706,EMP0362,2026-04-30,3798.65,569.8,227.92,235.52,55.08,0.0,32.26,0.0,0.0,2710.33,True,False,none
PR005707,EMP0362,2026-05-15,3770.62,565.59,226.24,233.78,54.67,0.0,0.0,0.0,0.0,2690.34,True,False,none
PR005708,EMP0362,2026-05-31,3765.4,903.7,225.92,233.45,54.6,0.0,0.0,0.0,0.0,2686.62,True,True,tax_miscalculation
PR005709,EMP0362,2026-06-15,3903.87,585.58,234.23,242.04,56.61,0.0,0.0,0.0,0.0,2785.41,True,False,none
PR005710,EMP0362,2026-06-30,3685.38,552.81,221.12,228.49,53.44,0.0,0.0,0.0,0.0,2629.52,True,False,none
PR005711,EMP0362,2026-07-15,3673.5,551.02,220.41,227.76,53.27,0.0,0.0,0.0,0.0,2621.04,True,False,none
PR005712,EMP0362,2026-07-31,3910.39,586.56,234.62,242.44,56.7,0.0,0.0,0.0,0.0,2790.07,True,False,none
PR005713,EMP0362,2026-08-15,3814.03,572.1,228.84,236.47,55.3,0.0,0.0,0.0,0.0,2721.32,True,True,duplicate_deduction
PR005714,EMP0362,2026-08-31,3709.23,556.38,222.55,229.97,53.78,0.0,0.0,0.0,0.0,2646.55,True,False,none
PR005715,EMP0363,2026-03-31,4914.23,737.13,294.85,304.68,71.26,29.49,132.68,0.0,0.0,3506.31,True,False,none
PR005716,EMP0363,2026-04-15,5191.31,778.7,311.48,321.86,75.27,12.51,110.32,0.0,0.0,3704.0,True,False,none
PR005717,EMP0363,2026-04-30,5162.29,774.34,309.74,320.06,74.85,0.0,0.0,0.0,0.0,3683.3,True,False,none
PR005718,EMP0363,2026-05-15,5102.77,765.42,306.17,316.37,73.99,0.0,0.0,0.0,0.0,3640.82,True,False,none
PR005719,EMP0363,2026-05-31,5012.3,751.85,300.74,310.76,72.68,0.0,0.0,0.0,0.0,3576.27,True,False,none
PR005720,EMP0363,2026-06-15,5027.44,754.12,301.65,311.7,72.9,0.0,0.0,0.0,0.0,3587.07,True,False,none
PR005721,EMP0363,2026-06-30,5208.31,781.25,312.5,581.26,75.52,0.0,0.0,0.0,0.0,3716.12,True,True,tax_miscalculation
PR005722,EMP0363,2026-07-15,5204.54,780.68,312.27,322.68,75.47,0.0,0.0,0.0,0.0,3713.44,True,False,none
PR005723,EMP0363,2026-07-31,4906.16,735.92,294.37,304.18,71.14,0.0,0.0,0.0,0.0,3500.55,True,False,none
PR005724,EMP0363,2026-08-15,5143.05,771.46,308.58,318.87,74.57,0.0,0.0,0.0,0.0,3669.57,True,False,none
PR005725,EMP0363,2026-08-31,4898.99,734.85,293.94,303.74,71.04,0.0,0.0,0.0,0.0,3495.42,True,False,none
PR005726,EMP0364,2026-04-05,3446.38,516.96,0.0,213.68,49.97,20.68,93.05,0.0,0.0,2665.77,True,False,none
PR005727,EMP0364,2026-04-19,3575.58,536.34,0.0,221.69,51.85,21.32,96.54,0.0,0.0,2765.7,True,False,none
PR005728,EMP0364,2026-05-03,3499.86,524.98,0.0,216.99,50.75,0.0,53.41,0.0,0.0,2707.14,False,True,late_journal_posting
PR005729,EMP0364,2026-05-17,3646.93,547.04,0.0,226.11,52.88,0.0,0.0,0.0,0.0,2820.9,True,False,none
PR005730,EMP0364,2026-05-31,3411.6,511.74,0.0,211.52,49.47,0.0,0.0,0.0,0.0,2638.87,True,False,none
PR005731,EMP0364,2026-06-14,3529.61,529.44,0.0,218.84,51.18,0.0,0.0,0.0,0.0,2730.15,True,False,none
PR005732,EMP0364,2026-06-28,3643.3,546.5,0.0,225.88,52.83,0.0,0.0,0.0,0.0,2818.09,True,False,none
PR005733,EMP0364,2026-07-12,3639.27,545.89,0.0,225.63,52.77,0.0,0.0,0.0,0.0,2814.98,True,False,none
PR005734,EMP0364,2026-07-26,3430.46,514.57,0.0,212.69,49.74,0.0,0.0,0.0,0.0,2653.46,True,False,none
PR005735,EMP0364,2026-08-09,3489.14,523.37,0.0,216.33,50.59,0.0,0.0,0.0,0.0,2698.85,True,False,none
PR005736,EMP0364,2026-08-23,3559.67,533.95,0.0,220.7,51.62,0.0,0.0,0.0,0.0,2753.4,True,False,none
PR005737,EMP0364,2026-09-06,3431.26,514.69,0.0,212.74,49.75,0.0,0.0,0.0,0.0,2654.08,True,False,none
PR005738,EMP0365,2026-03-29,2584.29,387.64,103.37,160.23,37.47,15.51,69.78,193.82,0.0,1701.76,True,False,none
PR005739,EMP0365,2026-04-05,2573.78,386.07,102.95,159.57,37.32,15.44,69.49,193.03,0.0,1603.1,True,True,net_pay_mismatch
PR005740,EMP0365,2026-04-12,2417.14,362.57,96.69,149.86,35.05,11.05,65.26,181.29,0.0,1591.68,True,False,none
PR005741,EMP0365,2026-04-19,2410.08,361.51,96.4,149.42,34.95,0.0,38.47,180.76,0.0,1587.04,True,False,none
PR005742,EMP0365,2026-04-26,2572.73,385.91,102.91,159.51,37.3,0.0,0.0,192.95,0.0,1694.15,True,False,none
PR005743,EMP0365,2026-05-03,2431.44,364.72,97.26,150.75,35.26,0.0,0.0,182.36,0.0,1601.09,True,False,none
PR005744,EMP0365,2026-05-10,2475.39,371.31,99.02,153.47,35.89,0.0,0.0,185.65,0.0,1630.05,True,False,none
PR005745,EMP0365,2026-05-17,2481.82,372.27,99.27,153.87,35.99,0.0,0.0,186.14,0.0,1634.28,True,False,none
PR005746,EMP0365,2026-05-24,2511.46,376.72,100.46,155.71,36.42,0.0,0.0,188.36,0.0,1653.79,True,False,none
PR005747,EMP0365,2026-05-31,2407.38,361.11,96.3,149.26,34.91,0.0,0.0,180.55,0.0,1585.25,True,False,none
PR005748,EMP0365,2026-06-07,2437.98,365.7,97.52,151.15,35.35,0.0,0.0,182.85,0.0,1605.41,True,False,none
PR005749,EMP0365,2026-06-14,2577.08,386.56,103.08,159.78,37.37,0.0,0.0,193.28,0.0,1697.01,True,False,none
PR005750,EMP0365,2026-06-21,2572.52,385.88,102.9,159.5,37.3,0.0,0.0,192.94,0.0,1694.0,True,False,none
PR005751,EMP0365,2026-06-28,2547.43,382.11,101.9,157.94,36.94,0.0,0.0,191.06,0.0,1677.48,True,False,none
PR005752,EMP0365,2026-07-05,2397.05,359.56,95.88,148.62,34.76,0.0,0.0,179.78,0.0,1578.45,True,False,none
PR005753,EMP0365,2026-07-12,2457.77,368.67,98.31,152.38,35.64,0.0,0.0,184.33,0.0,1618.44,True,False,none
PR005754,EMP0365,2026-07-19,2517.17,377.58,100.69,156.06,36.5,0.0,0.0,188.79,0.0,1657.55,True,False,none
PR005755,EMP0365,2026-07-26,2447.54,367.13,97.9,151.75,35.49,0.0,0.0,183.57,0.0,1611.7,True,False,none
PR005756,EMP0365,2026-08-02,2572.76,385.91,102.91,159.51,37.31,0.0,0.0,192.96,0.0,1694.16,True,False,none
PR005757,EMP0365,2026-08-09,2518.34,377.75,100.73,156.14,36.52,0.0,0.0,188.88,0.0,1658.32,True,False,none
PR005758,EMP0365,2026-08-16,2407.42,361.11,96.3,149.26,34.91,0.0,0.0,180.56,0.0,1585.28,True,False,none
PR005759,EMP0365,2026-08-23,2572.64,385.9,102.91,159.5,37.3,0.0,0.0,192.95,0.0,1694.08,True,False,none
PR005760,EMP0365,2026-08-30,2582.27,387.34,103.29,160.1,37.44,0.0,0.0,193.67,0.0,1700.43,True,False,none
PR005761,EMP0365,2026-09-06,2408.56,361.28,96.34,149.33,34.92,0.0,0.0,180.64,0.0,1586.05,True,False,none
PR005762,EMP0365,2026-09-13,2498.3,374.75,99.93,154.89,36.23,0.0,0.0,187.37,0.0,1645.13,True,False,none
PR005763,EMP0366,2026-04-05,3647.67,547.15,182.38,226.16,52.89,21.89,98.49,393.95,0.0,2245.14,True,False,none
PR005764,EMP0366,2026-04-19,3673.93,551.09,183.7,227.78,53.27,20.11,99.2,396.78,0.0,2261.31,True,False,none
PR005765,EMP0366,2026-05-03,3611.36,541.7,180.57,223.9,52.36,0.0,45.32,390.03,0.0,2222.8,True,False,none
PR005766,EMP0366,2026-05-17,3728.29,559.24,186.41,231.15,54.06,0.0,0.0,0.0,0.0,2294.77,True,True,missing_401k
PR005767,EMP0366,2026-05-31,3839.79,575.97,191.99,238.07,55.68,0.0,0.0,414.7,0.0,2363.38,True,False,none
PR005768,EMP0366,2026-06-14,3706.28,555.94,185.31,229.79,53.74,0.0,0.0,400.28,0.0,2281.22,True,False,none
PR005769,EMP0366,2026-06-28,3582.97,537.45,179.15,222.14,51.95,0.0,0.0,386.96,0.0,2205.32,True,False,none
PR005770,EMP0366,2026-07-12,3740.6,561.09,187.03,231.92,54.24,0.0,0.0,403.98,0.0,2302.34,True,False,none
PR005771,EMP0366,2026-07-26,3658.49,548.77,182.92,226.83,53.05,0.0,0.0,395.12,0.0,2251.8,True,False,none
PR005772,EMP0366,2026-08-09,3809.84,571.48,190.49,236.21,55.24,0.0,0.0,411.46,0.0,2344.96,True,False,none
PR005773,EMP0366,2026-08-23,3686.21,552.93,184.31,228.55,53.45,0.0,0.0,398.11,0.0,2268.86,True,False,none
PR005774,EMP0366,2026-09-06,3615.23,542.28,180.76,224.14,52.42,0.0,0.0,390.44,0.0,2225.19,True,False,none
PR005775,EMP0367,2026-03-29,1470.23,220.53,0.0,91.15,21.32,8.82,39.7,48.52,0.0,1088.71,True,False,none
PR005776,EMP0367,2026-04-05,1539.19,230.88,0.0,95.43,22.32,9.24,41.56,50.79,0.0,1139.77,True,False,none
PR005777,EMP0367,2026-04-12,1479.12,221.87,0.0,91.71,21.45,8.87,39.94,48.81,0.0,1095.28,True,False,none
PR005778,EMP0367,2026-04-19,1539.01,230.85,0.0,95.42,22.32,9.23,41.55,50.79,0.0,1139.63,True,False,none
PR005779,EMP0367,2026-04-26,1472.0,220.8,0.0,91.26,21.34,5.83,39.74,48.58,0.0,1090.02,True,False,none
PR005780,EMP0367,2026-05-03,1485.82,222.87,0.0,92.12,21.54,0.0,40.12,49.03,0.0,1100.26,True,False,none
PR005781,EMP0367,2026-05-10,1502.99,225.45,0.0,93.19,21.79,0.0,0.4,49.6,0.0,1112.96,True,False,none
PR005782,EMP0367,2026-05-17,1560.01,234.0,0.0,96.72,22.62,0.0,0.0,51.48,0.0,1155.19,True,False,none
PR005783,EMP0367,2026-05-24,1558.64,233.8,0.0,96.64,22.6,0.0,0.0,51.44,0.0,1154.16,True,False,none
PR005784,EMP0367,2026-05-31,1472.11,220.82,0.0,91.27,21.35,0.0,0.0,48.58,0.0,1090.09,True,False,none
PR005785,EMP0367,2026-06-07,1490.18,223.53,0.0,92.39,21.61,0.0,0.0,49.18,0.0,1103.47,True,False,none
PR005786,EMP0367,2026-06-14,1465.25,219.79,0.0,90.85,21.25,0.0,0.0,48.35,0.0,1085.01,True,False,none
PR005787,EMP0367,2026-06-21,1508.3,226.24,0.0,93.51,21.87,0.0,0.0,49.77,0.0,1116.91,True,False,none
PR005788,EMP0367,2026-06-28,1502.4,225.36,0.0,93.15,21.78,0.0,0.0,49.58,0.0,1112.53,True,False,none
PR005789,EMP0367,2026-07-05,1554.95,233.24,0.0,96.41,22.55,0.0,0.0,51.31,0.0,1151.44,True,False,none
PR005790,EMP0367,2026-07-12,1558.44,233.77,0.0,96.62,22.6,0.0,0.0,51.43,0.0,1154.02,True,False,none
PR005791,EMP0367,2026-07-19,1493.21,223.98,0.0,92.58,21.65,0.0,0.0,49.28,0.0,1105.72,True,False,none
PR005792,EMP0367,2026-07-26,1506.12,225.92,0.0,93.38,21.84,0.0,0.0,49.7,0.0,1115.28,True,False,none
PR005793,EMP0367,2026-08-02,1554.41,233.16,0.0,96.37,22.54,0.0,0.0,51.3,0.0,1151.04,True,False,none
PR005794,EMP0367,2026-08-09,1543.72,231.56,0.0,95.71,22.38,0.0,0.0,50.94,0.0,1143.13,True,False,none
PR005795,EMP0367,2026-08-16,1447.85,217.18,0.0,89.77,20.99,0.0,0.0,47.78,0.0,1072.13,True,False,none
PR005796,EMP0367,2026-08-23,1485.63,222.84,0.0,92.11,21.54,0.0,0.0,49.03,0.0,1100.11,True,False,none
PR005797,EMP0367,2026-08-30,1497.77,224.67,0.0,92.86,21.72,0.0,0.0,49.43,0.0,1109.09,True,False,none
PR005798,EMP0367,2026-09-06,1474.84,221.23,0.0,91.44,21.39,0.0,0.0,48.67,0.0,1092.11,True,False,none
PR005799,EMP0367,2026-09-13,1471.24,220.69,0.0,91.22,21.33,0.0,0.0,48.55,0.0,1089.45,True,False,none
PR005800,EMP0368,2026-03-31,1429.23,214.38,42.88,88.61,20.72,8.58,38.59,137.21,0.0,925.43,True,False,none
PR005801,EMP0368,2026-04-15,1500.39,225.06,45.01,93.02,21.76,9.0,40.51,144.04,0.0,855.87,True,True,net_pay_mismatch
PR005802,EMP0368,2026-04-30,1430.94,214.64,42.93,88.72,20.75,8.59,38.64,137.37,0.0,926.53,True,False,none
PR005803,EMP0368,2026-05-15,1451.93,217.79,43.56,90.02,21.05,8.71,39.2,139.39,0.0,940.12,True,True,wage_base_cap_error
PR005804,EMP0368,2026-05-31,1519.02,227.85,45.57,94.18,22.03,7.13,41.01,145.83,0.0,983.56,True,False,none
PR005805,EMP0368,2026-06-15,1524.84,228.73,45.75,94.54,22.11,0.0,41.17,146.38,0.0,987.33,True,False,none
PR005806,EMP0368,2026-06-30,1481.55,222.23,44.45,91.86,21.48,0.0,3.88,142.23,0.0,959.3,True,False,none
PR005807,EMP0368,2026-07-15,1473.68,221.05,44.21,91.37,21.37,0.0,0.0,141.47,0.0,954.21,True,False,none
PR005808,EMP0368,2026-07-31,1539.69,230.95,46.19,95.46,22.33,0.0,0.0,147.81,0.0,996.95,True,False,none
PR005809,EMP0368,2026-08-15,1448.35,217.25,43.45,89.8,21.0,0.0,0.0,139.04,0.0,937.81,True,False,none
PR005810,EMP0368,2026-08-31,1450.09,217.51,43.5,89.91,21.03,0.0,0.0,139.21,0.0,938.93,True,False,none
PR005811,EMP0369,2026-03-31,4225.67,633.85,169.03,261.99,61.27,25.35,114.09,0.0,0.0,3099.53,True,False,none
PR005812,EMP0369,2026-04-15,4185.13,627.77,167.41,259.48,60.68,16.65,113.0,0.0,0.0,3069.79,True,False,none
PR005813,EMP0369,2026-04-30,4255.44,638.32,170.22,263.84,61.7,0.0,15.91,0.0,0.0,3121.36,True,False,none
PR005814,EMP0369,2026-05-15,4436.31,665.45,177.45,275.05,64.33,0.0,0.0,0.0,0.0,3254.03,True,False,none
PR005815,EMP0369,2026-05-31,4335.75,650.36,173.43,268.82,62.87,0.0,0.0,0.0,0.0,3180.27,True,False,none
PR005816,EMP0369,2026-06-15,4266.53,639.98,170.66,264.52,61.86,0.0,0.0,0.0,0.0,3129.51,True,False,none
PR005817,EMP0369,2026-06-30,4444.33,666.65,177.77,275.55,64.44,0.0,0.0,0.0,0.0,3259.92,True,False,none
PR005818,EMP0369,2026-07-15,4142.83,621.42,165.71,256.86,60.07,0.0,0.0,0.0,0.0,3038.77,True,False,none
PR005819,EMP0369,2026-07-31,4197.9,629.68,167.92,260.27,60.87,0.0,0.0,0.0,0.0,3079.16,True,False,none
PR005820,EMP0369,2026-08-15,4318.92,1036.54,172.76,267.77,62.62,0.0,0.0,0.0,0.0,3167.93,True,True,tax_miscalculation
PR005821,EMP0369,2026-08-31,4335.82,650.37,173.43,268.82,62.87,0.0,0.0,0.0,0.0,3180.33,True,False,none
PR005822,EMP0370,2026-03-31,4523.63,678.54,226.18,280.47,65.59,27.14,122.14,0.0,0.0,3272.85,True,False,none
PR005823,EMP0370,2026-04-15,4658.8,698.82,232.94,288.85,67.55,14.86,120.86,0.0,0.0,3370.64,True,False,none
PR005824,EMP0370,2026-04-30,4750.33,712.55,237.52,294.52,68.88,0.0,0.0,0.0,0.0,3436.86,True,False,none
PR005825,EMP0370,2026-05-15,4768.52,715.28,238.43,295.65,69.14,0.0,0.0,0.0,0.0,3450.02,True,False,none
PR005826,EMP0370,2026-05-31,4746.23,711.93,237.31,294.27,68.82,0.0,0.0,0.0,0.0,3433.9,True,False,none
PR005827,EMP0370,2026-06-15,4628.13,694.22,231.41,286.94,67.11,0.0,0.0,0.0,0.0,3348.45,True,False,none
PR005828,EMP0370,2026-06-30,4543.7,681.55,227.19,281.71,65.88,0.0,0.0,0.0,0.0,3287.37,True,False,none
PR005829,EMP0370,2026-07-15,4667.75,700.16,233.39,289.4,67.68,0.0,0.0,0.0,0.0,3377.12,True,False,none
PR005830,EMP0370,2026-07-31,4556.8,683.52,227.84,282.52,66.07,0.0,0.0,0.0,0.0,3296.85,True,False,none
PR005831,EMP0370,2026-08-15,4861.32,729.2,243.07,301.4,70.49,0.0,0.0,0.0,0.0,3517.16,True,False,none
PR005832,EMP0370,2026-08-31,4685.63,702.84,234.28,290.51,67.94,0.0,0.0,0.0,0.0,3390.06,True,False,none
PR005833,EMP0371,2026-03-31,2325.25,348.79,116.26,144.17,33.72,13.95,62.78,79.06,0.0,1603.25,True,False,none
PR005834,EMP0371,2026-04-15,2409.17,361.38,120.46,149.37,34.93,14.46,65.05,81.91,0.0,1661.12,True,False,none
PR005835,EMP0371,2026-04-30,2359.02,353.85,117.95,146.26,34.21,13.59,63.69,80.21,0.0,1626.54,True,False,none
PR005836,EMP0371,2026-05-15,2323.9,348.58,255.64,144.08,33.7,0.0,51.48,79.01,0.0,1602.33,True,True,tax_miscalculation
PR005837,EMP0371,2026-05-31,2417.7,362.65,120.88,149.9,35.06,0.0,0.0,82.2,0.0,1667.01,True,False,none
PR005838,EMP0371,2026-06-15,2428.01,364.2,121.4,150.54,35.21,0.0,0.0,82.55,0.0,1674.11,True,False,none
PR005839,EMP0371,2026-06-30,2391.73,358.76,119.59,148.29,34.68,0.0,0.0,81.32,0.0,1649.09,True,False,none
PR005840,EMP0371,2026-07-15,2274.74,341.21,113.74,141.03,32.98,0.0,0.0,77.34,0.0,1568.44,True,False,none
PR005841,EMP0371,2026-07-31,2371.79,355.77,118.59,147.05,34.39,0.0,0.0,80.64,0.0,1635.35,True,False,none
PR005842,EMP0371,2026-08-15,2408.61,361.29,120.43,149.33,34.92,0.0,0.0,81.89,0.0,1660.75,True,False,none
PR005843,EMP0371,2026-08-31,2291.47,343.72,114.57,142.07,33.23,0.0,0.0,77.91,0.0,1579.97,True,False,none
PR005844,EMP0372,2026-03-29,639.42,95.91,0.0,39.64,9.27,3.84,17.26,0.0,0.0,494.6,True,False,none
PR005845,EMP0372,2026-04-05,673.26,100.99,0.0,41.74,9.76,4.04,18.18,0.0,0.0,520.77,True,False,none
PR005846,EMP0372,2026-04-12,628.62,94.29,0.0,38.97,9.11,3.77,16.97,0.0,0.0,486.25,True,False,none
PR005847,EMP0372,2026-04-19,666.54,99.98,0.0,41.33,9.66,4.0,18.0,0.0,0.0,515.57,True,False,none
PR005848,EMP0372,2026-04-26,652.1,97.81,0.0,40.43,9.46,3.91,17.61,0.0,0.0,504.4,True,False,none
PR005849,EMP0372,2026-05-03,650.71,97.61,0.0,40.34,9.44,3.9,17.57,0.0,0.0,503.32,True,False,none
PR005850,EMP0372,2026-05-10,627.95,94.19,0.0,38.93,9.11,3.77,16.95,0.0,0.0,485.72,True,False,none
PR005851,EMP0372,2026-05-17,669.99,100.5,0.0,41.54,9.71,4.02,18.09,0.0,0.0,518.24,True,False,none
PR005852,EMP0372,2026-05-24,646.21,96.93,0.0,40.07,9.37,3.88,17.45,0.0,0.0,499.84,True,False,none
PR005853,EMP0372,2026-05-31,655.57,98.34,0.0,40.65,9.51,3.93,17.7,0.0,0.0,507.07,True,False,none
PR005854,EMP0372,2026-06-07,662.64,99.4,0.0,41.08,9.61,2.94,17.89,0.0,0.0,512.55,True,False,none
PR005855,EMP0372,2026-06-14,663.95,99.59,0.0,41.16,9.63,0.0,17.93,0.0,0.0,513.57,True,False,none
PR005856,EMP0372,2026-06-21,677.06,101.56,0.0,41.98,9.82,0.0,18.28,0.0,0.0,523.7,True,False,none
PR005857,EMP0372,2026-06-28,655.08,98.26,0.0,40.61,9.5,0.0,13.12,0.0,0.0,506.71,True,False,none
PR005858,EMP0372,2026-07-05,648.27,97.24,0.0,40.19,9.4,0.0,0.0,0.0,0.0,501.44,True,False,none
PR005859,EMP0372,2026-07-12,676.94,101.54,0.0,41.97,9.82,0.0,0.0,0.0,0.0,523.61,True,False,none
PR005860,EMP0372,2026-07-19,660.82,99.12,0.0,40.97,9.58,0.0,0.0,0.0,0.0,511.15,True,False,none
PR005861,EMP0372,2026-07-26,643.01,96.45,0.0,39.87,9.32,0.0,0.0,0.0,0.0,497.37,True,False,none
PR005862,EMP0372,2026-08-02,634.13,95.12,0.0,39.32,9.19,0.0,0.0,0.0,0.0,490.5,True,False,none
PR005863,EMP0372,2026-08-09,671.19,100.68,0.0,41.61,9.73,0.0,0.0,0.0,0.0,519.17,True,False,none
PR005864,EMP0372,2026-08-16,646.33,96.95,0.0,40.07,9.37,0.0,0.0,0.0,0.0,499.94,True,False,none
PR005865,EMP0372,2026-08-23,661.77,99.27,0.0,41.03,9.6,0.0,0.0,0.0,0.0,511.87,True,False,none
PR005866,EMP0372,2026-08-30,651.95,97.79,0.0,40.42,9.45,0.0,0.0,0.0,0.0,504.29,True,False,none
PR005867,EMP0372,2026-09-06,637.88,95.68,0.0,39.55,9.25,0.0,0.0,0.0,0.0,493.4,True,False,none
PR005868,EMP0372,2026-09-13,658.72,98.81,0.0,40.84,9.55,0.0,0.0,0.0,0.0,509.52,True,False,none
PR005869,EMP0373,2026-03-29,1342.61,201.39,0.0,83.24,19.47,8.06,36.25,106.07,0.0,932.44,True,False,none
PR005870,EMP0373,2026-04-05,1381.46,207.22,0.0,85.65,20.03,8.29,37.3,109.14,0.0,959.42,True,False,none
PR005871,EMP0373,2026-04-12,1396.15,209.42,0.0,86.56,20.24,8.38,37.7,0.0,0.0,969.63,True,True,missing_401k
PR005872,EMP0373,2026-04-19,1383.96,207.59,0.0,85.81,20.07,8.3,37.37,109.33,0.0,961.16,True,False,none
PR005873,EMP0373,2026-04-26,1418.41,212.76,0.0,87.94,20.57,8.51,38.3,112.05,0.0,985.09,True,False,none
PR005874,EMP0373,2026-05-03,1427.14,214.07,0.0,88.48,20.69,0.46,38.53,112.74,0.0,991.16,True,False,none
PR005875,EMP0373,2026-05-10,1420.9,213.14,0.0,88.1,20.6,0.0,17.56,112.25,0.0,986.81,True,False,none
PR005876,EMP0373,2026-05-17,1340.2,201.03,0.0,83.09,19.43,0.0,0.0,105.88,0.0,930.77,True,False,none
PR005877,EMP0373,2026-05-24,1357.31,203.6,0.0,84.15,19.68,0.0,0.0,107.23,0.0,942.65,True,False,none
PR005878,EMP0373,2026-05-31,1395.04,209.26,0.0,86.49,20.23,0.0,0.0,110.21,0.0,968.85,True,False,none
PR005879,EMP0373,2026-06-07,1438.92,215.84,0.0,89.21,20.86,0.0,0.0,113.67,0.0,999.34,True,False,none
PR005880,EMP0373,2026-06-14,1427.92,214.19,0.0,88.53,20.7,0.0,0.0,112.81,0.0,991.69,True,False,none
PR005881,EMP0373,2026-06-21,1428.75,214.31,0.0,88.58,20.72,0.0,0.0,112.87,0.0,992.27,True,False,none
PR005882,EMP0373,2026-06-28,1369.33,205.4,0.0,84.9,19.86,0.0,0.0,108.18,0.0,950.99,True,False,none
PR005883,EMP0373,2026-07-05,1383.24,207.49,0.0,85.76,20.06,0.0,0.0,109.28,0.0,960.65,True,False,none
PR005884,EMP0373,2026-07-12,1387.78,208.17,0.0,154.87,20.12,0.0,0.0,109.63,0.0,963.82,True,True,tax_miscalculation
PR005885,EMP0373,2026-07-19,1353.26,202.99,0.0,83.9,19.62,0.0,0.0,106.91,0.0,939.84,True,False,none
PR005886,EMP0373,2026-07-26,1339.34,200.9,0.0,83.04,19.42,0.0,0.0,105.81,0.0,930.17,True,False,none
PR005887,EMP0373,2026-08-02,1440.25,216.04,0.0,89.3,20.88,0.0,0.0,113.78,0.0,1000.25,True,True,wage_base_cap_error
PR005888,EMP0373,2026-08-09,1362.44,204.37,0.0,84.47,19.76,0.0,0.0,107.63,0.0,946.21,True,False,none
PR005889,EMP0373,2026-08-16,1362.36,204.35,0.0,84.47,19.75,0.0,0.0,0.0,0.0,946.16,True,True,missing_401k
PR005890,EMP0373,2026-08-23,1345.11,201.77,0.0,83.4,19.5,0.0,0.0,106.26,0.0,934.18,True,False,none
PR005891,EMP0373,2026-08-30,1438.22,215.73,0.0,89.17,20.85,0.0,0.0,113.62,0.0,998.85,True,False,none
PR005892,EMP0373,2026-09-06,1399.8,209.97,0.0,86.79,20.3,0.0,0.0,110.58,0.0,972.16,True,False,none
PR005893,EMP0373,2026-09-13,1409.41,211.41,0.0,87.38,20.44,0.0,0.0,111.34,0.0,978.84,True,False,none
PR005894,EMP0374,2026-03-31,3316.66,497.5,132.67,205.63,48.09,19.9,89.55,0.0,0.0,2432.77,True,False,none
PR005895,EMP0374,2026-04-15,3172.67,475.9,126.91,196.71,46.0,19.04,85.66,0.0,0.0,2327.15,True,True,wage_base_cap_error
PR005896,EMP0374,2026-04-30,3242.86,486.43,129.71,201.06,47.02,3.06,67.79,0.0,0.0,2378.64,True,False,none
PR005897,EMP0374,2026-05-15,3094.62,464.19,123.78,191.87,44.87,0.0,0.0,0.0,0.0,2269.91,True,False,none
PR005898,EMP0374,2026-05-31,3132.26,469.84,125.29,194.2,45.42,0.0,0.0,0.0,0.0,2297.51,True,False,none
PR005899,EMP0374,2026-06-15,3296.22,494.43,131.85,204.37,47.8,0.0,0.0,0.0,0.0,2417.77,True,False,none
PR005900,EMP0374,2026-06-30,3279.82,491.97,131.19,203.35,47.56,0.0,0.0,0.0,0.0,2405.75,True,False,none
PR005901,EMP0374,2026-07-15,3173.95,476.09,126.96,196.78,46.02,0.0,0.0,0.0,0.0,2328.1,True,False,none
PR005902,EMP0374,2026-07-31,3180.61,477.09,127.22,197.2,46.12,0.0,0.0,0.0,0.0,2332.98,True,False,none
PR005903,EMP0374,2026-08-15,3220.49,483.07,128.82,199.67,46.7,0.0,0.0,0.0,0.0,2362.23,True,False,none
PR005904,EMP0374,2026-08-31,3084.81,462.72,123.39,191.26,44.73,0.0,0.0,0.0,0.0,2262.71,True,False,none
PR005905,EMP0375,2026-03-29,1549.29,232.39,77.46,96.06,22.46,9.3,41.83,0.0,0.0,1120.92,True,False,none
PR005906,EMP0375,2026-04-05,1545.16,231.77,77.26,95.8,22.4,9.27,41.72,0.0,0.0,1117.93,True,False,none
PR005907,EMP0375,2026-04-12,1550.45,232.57,77.52,96.13,22.48,9.3,41.86,0.0,0.0,1121.75,False,True,late_journal_posting
PR005908,EMP0375,2026-04-19,1620.04,243.01,81.0,100.44,23.49,9.72,43.74,0.0,0.0,1172.1,True,False,none
PR005909,EMP0375,2026-04-26,1554.11,233.12,77.71,96.35,22.53,4.41,41.96,0.0,0.0,1124.4,True,False,none
PR005910,EMP0375,2026-05-03,1543.06,231.46,77.15,47.84,22.37,0.0,31.89,0.0,0.0,1116.41,True,True,tax_miscalculation
PR005911,EMP0375,2026-05-10,1582.25,237.34,79.11,98.1,22.94,0.0,0.0,0.0,0.0,1144.76,True,False,none
PR005912,EMP0375,2026-05-17,1627.52,244.13,81.38,100.91,23.6,0.0,0.0,0.0,0.0,1177.5,True,False,none
PR005913,EMP0375,2026-05-24,1549.31,232.4,77.47,96.06,22.46,0.0,0.0,0.0,0.0,1120.92,True,False,none
PR005914,EMP0375,2026-05-31,1528.91,229.34,76.45,94.79,22.17,0.0,0.0,0.0,0.0,1106.16,True,False,none
PR005915,EMP0375,2026-06-07,1563.72,375.3,78.19,96.95,22.67,0.0,0.0,0.0,0.0,1131.35,True,True,tax_miscalculation
PR005916,EMP0375,2026-06-14,1612.74,241.91,80.64,99.99,23.38,0.0,0.0,0.0,0.0,1166.82,True,True,duplicate_deduction
PR005917,EMP0375,2026-06-21,1588.06,238.21,79.4,98.46,23.03,0.0,0.0,0.0,0.0,1148.96,True,False,none
PR005918,EMP0375,2026-06-28,1621.4,243.21,81.07,100.53,23.51,0.0,0.0,0.0,0.0,1173.08,True,False,none
PR005919,EMP0375,2026-07-05,1639.29,245.89,81.96,101.64,23.77,0.0,0.0,0.0,0.0,1186.03,True,False,none
PR005920,EMP0375,2026-07-12,1618.38,242.76,80.92,100.34,23.47,0.0,0.0,0.0,0.0,1170.89,True,False,none
PR005921,EMP0375,2026-07-19,1594.72,239.21,79.74,98.87,23.12,0.0,0.0,0.0,0.0,1153.78,True,False,none
PR005922,EMP0375,2026-07-26,1580.88,237.13,79.04,98.01,22.92,0.0,0.0,0.0,0.0,1143.78,True,False,none
PR005923,EMP0375,2026-08-02,1524.09,228.61,76.2,94.49,22.1,0.0,0.0,0.0,0.0,1102.69,True,False,none
PR005924,EMP0375,2026-08-09,1642.39,246.36,82.12,101.83,23.81,0.0,0.0,0.0,0.0,1188.27,True,False,none
PR005925,EMP0375,2026-08-16,1567.11,235.07,78.36,97.16,22.72,0.0,0.0,0.0,0.0,1133.8,True,False,none
PR005926,EMP0375,2026-08-23,1538.14,230.72,76.91,95.36,22.3,0.0,0.0,0.0,0.0,1112.85,True,False,none
PR005927,EMP0375,2026-08-30,1602.6,240.39,80.13,99.36,23.24,0.0,0.0,0.0,0.0,1159.48,True,False,none
PR005928,EMP0375,2026-09-06,1554.69,233.2,77.73,96.39,22.54,0.0,0.0,0.0,0.0,1124.83,True,False,none
PR005929,EMP0375,2026-09-13,1592.46,238.87,79.62,98.73,23.09,0.0,0.0,0.0,0.0,1152.15,True,False,none
PR005930,EMP0376,2026-04-05,5247.81,787.17,157.43,325.36,76.09,31.49,141.69,0.0,0.0,3901.76,True,False,none
PR005931,EMP0376,2026-04-19,5189.58,778.44,155.69,321.75,75.25,10.51,101.31,0.0,0.0,3858.45,True,False,none
PR005932,EMP0376,2026-05-03,5350.75,802.61,160.52,331.75,77.59,0.0,0.0,0.0,0.0,3978.28,True,False,none
PR005933,EMP0376,2026-05-17,5114.96,767.24,153.45,317.13,74.17,0.0,0.0,0.0,0.0,3802.97,True,False,none
PR005934,EMP0376,2026-05-31,5190.78,778.62,155.72,321.83,75.27,0.0,0.0,0.0,0.0,3859.34,True,False,none
PR005935,EMP0376,2026-06-14,5227.55,1254.61,156.83,324.11,75.8,0.0,0.0,0.0,0.0,3886.68,True,True,tax_miscalculation
PR005936,EMP0376,2026-06-28,5279.54,791.93,158.39,327.33,76.55,0.0,0.0,0.0,0.0,3925.34,True,False,none
PR005937,EMP0376,2026-07-12,5329.22,799.38,159.88,330.41,77.27,0.0,0.0,0.0,0.0,3962.28,True,False,none
PR005938,EMP0376,2026-07-26,5168.56,775.28,155.06,320.45,74.94,0.0,0.0,0.0,0.0,3842.83,True,False,none
PR005939,EMP0376,2026-08-09,5272.28,790.84,158.17,326.88,76.45,0.0,0.0,0.0,0.0,3919.94,True,False,none
PR005940,EMP0376,2026-08-23,5067.75,760.16,152.03,314.2,73.48,0.0,0.0,0.0,0.0,3767.88,True,False,none
PR005941,EMP0376,2026-09-06,5390.6,808.59,161.72,334.22,78.16,0.0,0.0,0.0,0.0,4007.91,True,False,none
PR005942,EMP0377,2026-03-31,2974.95,446.24,148.75,184.45,43.14,17.85,80.32,0.0,0.0,2152.37,True,False,none
PR005943,EMP0377,2026-04-15,3057.36,458.6,152.87,189.56,44.33,18.34,82.55,0.0,0.0,2212.0,True,False,none
PR005944,EMP0377,2026-04-30,2888.68,433.3,144.43,179.1,41.89,5.81,77.99,0.0,0.0,2089.96,True,False,none
PR005945,EMP0377,2026-05-15,2932.65,439.9,146.63,181.82,42.52,0.0,2.13,0.0,0.0,2121.78,True,False,none
PR005946,EMP0377,2026-05-31,2999.69,449.95,149.98,185.98,43.5,0.0,0.0,0.0,0.0,2170.28,True,False,none
PR005947,EMP0377,2026-06-15,3092.73,463.91,154.64,191.75,44.84,0.0,0.0,0.0,0.0,2237.59,True,False,none
PR005948,EMP0377,2026-06-30,3009.25,451.39,150.46,186.57,43.63,0.0,0.0,0.0,0.0,2177.2,True,False,none
PR005949,EMP0377,2026-07-15,3105.01,465.75,155.25,192.51,45.02,0.0,0.0,0.0,0.0,2246.48,True,False,none
PR005950,EMP0377,2026-07-31,2998.91,449.84,149.95,185.93,43.48,0.0,0.0,0.0,0.0,2169.71,True,False,none
PR005951,EMP0377,2026-08-15,3000.49,450.07,150.02,186.03,43.51,0.0,0.0,0.0,0.0,2170.86,True,False,none
PR005952,EMP0377,2026-08-31,2912.33,698.96,145.62,180.56,42.23,0.0,0.0,0.0,0.0,2107.07,True,True,tax_miscalculation
PR005953,EMP0378,2026-03-29,1791.59,268.74,0.0,111.08,25.98,10.75,48.37,175.58,310.54,899.67,True,False,none
PR005954,EMP0378,2026-04-05,1805.03,270.75,0.0,111.91,26.17,10.83,48.74,176.89,590.94,628.37,True,False,none
PR005955,EMP0378,2026-04-12,1811.08,271.66,0.0,112.29,26.26,10.87,48.9,177.49,428.76,794.62,True,False,none
PR005956,EMP0378,2026-04-19,1774.19,266.13,0.0,110.0,25.73,9.55,47.9,173.87,526.36,672.1,True,False,none
PR005957,EMP0378,2026-04-26,1698.51,254.78,0.0,105.31,24.63,0.0,45.86,166.45,433.93,713.41,True,False,none
PR005958,EMP0378,2026-05-03,1685.11,252.77,0.0,104.48,24.43,0.0,3.23,165.14,390.08,748.21,True,False,none
PR005959,EMP0378,2026-05-10,1701.81,255.27,0.0,105.51,24.68,0.0,0.0,166.78,269.69,879.88,True,False,none
PR005960,EMP0378,2026-05-17,1730.94,259.64,0.0,107.32,25.1,0.0,0.0,169.63,374.53,794.72,True,False,none
PR005961,EMP0378,2026-05-24,1766.72,265.01,0.0,109.54,25.62,0.0,0.0,173.14,235.5,957.91,True,False,none
PR005962,EMP0378,2026-05-31,1750.16,262.52,0.0,108.51,25.38,0.0,0.0,171.52,277.23,905.0,True,False,none
PR005963,EMP0378,2026-06-07,1759.9,263.99,0.0,109.11,25.52,0.0,0.0,172.47,464.5,724.31,True,False,none
PR005964,EMP0378,2026-06-14,1757.51,263.63,0.0,108.97,25.48,0.0,0.0,172.24,505.01,682.18,True,False,none
PR005965,EMP0378,2026-06-21,1726.86,259.03,0.0,107.07,25.04,0.0,0.0,169.23,506.95,659.54,True,False,none
PR005966,EMP0378,2026-06-28,1740.33,261.05,0.0,107.9,25.23,0.0,0.0,170.55,397.46,778.14,True,False,none
PR005967,EMP0378,2026-07-05,1770.17,265.53,0.0,109.75,25.67,0.0,0.0,173.48,212.92,982.82,True,False,none
PR005968,EMP0378,2026-07-12,1770.99,265.65,0.0,109.8,25.68,0.0,0.0,173.56,459.69,736.61,True,False,none
PR005969,EMP0378,2026-07-19,1723.29,258.49,0.0,106.84,24.99,0.0,0.0,168.88,234.25,929.84,True,False,none
PR005970,EMP0378,2026-07-26,1692.96,253.94,0.0,104.96,24.55,0.0,0.0,165.91,559.12,584.48,True,False,none
PR005971,EMP0378,2026-08-02,1775.88,266.38,0.0,110.1,25.75,0.0,0.0,174.04,258.43,941.18,True,False,none
PR005972,EMP0378,2026-08-09,1729.79,259.47,0.0,107.25,25.08,0.0,0.0,169.52,438.52,729.95,True,False,none
PR005973,EMP0378,2026-08-16,1796.15,269.42,0.0,111.36,26.04,0.0,0.0,176.02,226.6,986.71,True,False,none
PR005974,EMP0378,2026-08-23,1713.15,256.97,0.0,106.22,24.84,0.0,0.0,167.89,552.48,604.75,True,False,none
PR005975,EMP0378,2026-08-30,1681.62,252.24,0.0,104.26,24.38,0.0,0.0,164.8,273.7,862.24,True,False,none
PR005976,EMP0378,2026-09-06,1813.26,271.99,0.0,112.42,26.29,0.0,0.0,177.7,468.48,756.38,True,False,none
PR005977,EMP0378,2026-09-13,1716.62,257.49,0.0,106.43,24.89,0.0,0.0,168.23,225.86,933.72,True,False,none
PR005978,EMP0379,2026-03-29,1436.12,215.42,86.17,89.04,20.82,8.62,38.78,117.76,0.0,906.91,True,False,none
PR005979,EMP0379,2026-04-05,1461.71,219.26,87.7,90.63,21.19,8.77,39.47,119.86,0.0,923.07,True,False,none
PR005980,EMP0379,2026-04-12,1536.95,230.54,92.22,95.29,22.29,9.22,41.5,126.03,0.0,970.58,True,False,none
PR005981,EMP0379,2026-04-19,1481.94,222.29,88.92,91.88,21.49,8.89,40.01,121.52,0.0,935.84,True,False,none
PR005982,EMP0379,2026-04-26,1517.91,227.69,91.07,94.11,22.01,6.5,40.98,124.47,0.0,958.56,True,False,none
PR005983,EMP0379,2026-05-03,1541.3,231.19,92.48,95.56,22.35,0.0,41.62,126.39,0.0,973.33,True,False,none
PR005984,EMP0379,2026-05-10,1481.01,222.15,88.86,91.82,21.47,0.0,0.65,121.44,0.0,935.27,True,False,none
PR005985,EMP0379,2026-05-17,1455.39,218.31,87.32,90.23,21.1,0.0,0.0,119.34,0.0,919.09,True,False,none
PR005986,EMP0379,2026-05-24,1493.9,224.09,89.63,92.62,21.66,0.0,0.0,122.5,0.0,943.4,True,False,none
PR005987,EMP0379,2026-05-31,1540.1,231.01,92.41,95.49,22.33,0.0,0.0,126.29,0.0,972.57,True,False,none
PR005988,EMP0379,2026-06-07,1527.84,229.18,91.67,94.73,22.15,0.0,0.0,125.28,0.0,964.83,True,False,none
PR005989,EMP0379,2026-06-14,1440.57,216.09,86.43,89.32,20.89,0.0,0.0,118.13,0.0,909.71,True,False,none
PR005990,EMP0379,2026-06-21,1514.63,227.19,90.88,93.91,21.96,0.0,0.0,124.2,0.0,956.49,True,False,none
PR005991,EMP0379,2026-06-28,1500.37,225.06,90.02,93.02,21.76,0.0,0.0,123.03,0.0,947.48,True,False,none
PR005992,EMP0379,2026-07-05,1540.02,231.0,92.4,95.48,22.33,0.0,0.0,126.28,0.0,972.53,True,False,none
PR005993,EMP0379,2026-07-12,1447.26,217.09,86.84,89.73,20.99,0.0,0.0,118.68,0.0,913.93,True,False,none
PR005994,EMP0379,2026-07-19,1495.9,224.39,89.75,92.75,21.69,0.0,0.0,122.66,0.0,944.66,True,False,none
PR005995,EMP0379,2026-07-26,1536.71,230.51,92.2,95.28,22.28,0.0,0.0,126.01,0.0,970.43,True,False,none
PR005996,EMP0379,2026-08-02,1481.24,222.19,88.87,91.84,21.48,0.0,0.0,121.46,0.0,935.4,True,False,none
PR005997,EMP0379,2026-08-09,1489.75,223.46,89.38,92.36,21.6,0.0,0.0,122.16,0.0,940.79,True,False,none
PR005998,EMP0379,2026-08-16,1441.12,216.17,86.47,89.35,20.9,0.0,0.0,118.17,0.0,910.06,True,False,none
PR005999,EMP0379,2026-08-23,1465.66,219.85,87.94,90.87,21.25,0.0,0.0,120.18,0.0,925.57,True,False,none
PR006000,EMP0379,2026-08-30,1471.14,220.67,88.27,91.21,21.33,0.0,0.0,120.63,0.0,929.03,True,False,none
PR006001,EMP0379,2026-09-06,1544.47,231.67,92.67,95.76,22.39,0.0,0.0,126.65,0.0,975.33,True,False,none
PR006002,EMP0379,2026-09-13,1466.19,219.93,87.97,90.9,21.26,0.0,0.0,120.23,0.0,925.9,True,False,none
PR006003,EMP0380,2026-03-31,5430.68,814.6,325.84,336.7,78.74,32.58,146.63,624.53,0.0,3250.27,True,False,none
PR006004,EMP0380,2026-04-15,5521.48,828.22,331.29,342.33,80.06,9.42,96.37,634.97,0.0,3304.61,True,False,none
PR006005,EMP0380,2026-04-30,5301.8,795.27,318.11,328.71,76.88,0.0,0.0,609.71,0.0,3173.12,True,False,none
PR006006,EMP0380,2026-05-15,5441.72,816.26,326.5,337.39,78.9,0.0,0.0,625.8,0.0,3256.87,True,False,none
PR006007,EMP0380,2026-05-31,5550.49,832.57,333.03,344.13,80.48,0.0,0.0,638.31,0.0,3321.97,True,False,none
PR006008,EMP0380,2026-06-15,5605.86,840.88,336.35,347.56,81.28,0.0,0.0,644.67,0.0,3355.12,True,False,none
PR006009,EMP0380,2026-06-30,5502.05,825.31,330.12,341.13,79.78,0.0,0.0,632.74,0.0,3292.97,True,False,none
PR006010,EMP0380,2026-07-15,5520.51,828.08,331.23,342.27,80.05,0.0,0.0,634.86,0.0,3304.02,True,False,none
PR006011,EMP0380,2026-07-31,5286.31,792.95,317.18,327.75,76.65,0.0,0.0,607.93,0.0,3163.85,True,False,none
PR006012,EMP0380,2026-08-15,5639.91,845.99,338.39,349.67,81.78,0.0,0.0,648.59,0.0,3375.49,True,False,none
PR006013,EMP0380,2026-08-31,5289.02,793.35,317.34,327.92,76.69,0.0,0.0,608.24,0.0,3165.48,True,False,none
PR006014,EMP0381,2026-04-05,1929.76,289.46,96.49,119.65,27.98,11.58,52.1,218.06,0.0,1178.12,True,False,none
PR006015,EMP0381,2026-04-19,1853.49,278.02,92.67,57.46,26.88,11.12,50.04,209.44,0.0,1131.56,True,True,tax_miscalculation
PR006016,EMP0381,2026-05-03,1953.54,293.03,97.68,121.12,28.33,11.72,52.75,220.75,0.0,1192.63,True,False,none
PR006017,EMP0381,2026-05-17,1921.58,288.24,96.08,119.14,27.86,7.58,51.88,217.14,0.0,1173.12,True,False,none
PR006018,EMP0381,2026-05-31,1926.64,289.0,96.33,119.45,27.94,0.0,36.22,217.71,0.0,1176.21,True,False,none
PR006019,EMP0381,2026-06-14,1846.64,277.0,92.33,114.49,26.78,0.0,0.0,208.67,0.0,1127.37,True,False,none
PR006020,EMP0381,2026-06-28,1880.15,282.02,94.01,116.57,27.26,0.0,0.0,212.46,0.0,1147.83,True,False,none
PR006021,EMP0381,2026-07-12,1906.3,285.94,95.31,118.19,27.64,0.0,0.0,215.41,0.0,1163.81,True,False,none
PR006022,EMP0381,2026-07-26,1929.06,289.36,96.45,119.6,27.97,0.0,0.0,217.98,0.0,1177.7,True,True,wage_base_cap_error
PR006023,EMP0381,2026-08-09,1829.43,274.41,91.47,113.42,26.53,0.0,0.0,206.73,0.0,1116.87,True,False,none
PR006024,EMP0381,2026-08-23,1957.84,293.68,97.89,121.39,28.39,0.0,0.0,221.24,0.0,1195.25,True,False,none
PR006025,EMP0381,2026-09-06,1947.05,292.06,97.35,120.72,28.23,0.0,0.0,220.02,0.0,1188.67,True,False,none
PR006026,EMP0382,2026-03-29,1670.69,250.6,50.12,103.58,24.23,10.02,45.11,0.0,0.0,1242.16,True,False,none
PR006027,EMP0382,2026-04-05,1745.14,261.77,52.35,108.2,25.3,10.47,47.12,0.0,0.0,1297.52,True,False,none
PR006028,EMP0382,2026-04-12,1704.11,255.62,51.12,105.65,24.71,10.22,46.01,0.0,0.0,1267.01,True,False,none
PR006029,EMP0382,2026-04-19,1696.49,254.47,50.89,105.18,24.6,10.18,45.81,0.0,0.0,1261.35,True,False,none
PR006030,EMP0382,2026-04-26,1676.63,251.49,50.3,103.95,24.31,1.1,45.27,0.0,0.0,1246.58,True,False,none
PR006031,EMP0382,2026-05-03,1712.55,256.88,51.38,106.18,24.83,0.0,13.69,0.0,0.0,1273.28,True,False,none
PR006032,EMP0382,2026-05-10,1732.62,259.89,51.98,107.42,25.12,0.0,0.0,0.0,0.0,1288.21,True,False,none
PR006033,EMP0382,2026-05-17,1689.63,253.44,50.69,104.76,24.5,0.0,0.0,0.0,0.0,1256.24,True,False,none
PR006034,EMP0382,2026-05-24,1719.06,257.86,51.57,106.58,24.93,0.0,0.0,0.0,0.0,1278.12,True,False,none
PR006035,EMP0382,2026-05-31,1728.5,259.27,51.85,107.17,25.06,0.0,0.0,0.0,0.0,1285.15,True,False,none
PR006036,EMP0382,2026-06-07,1730.09,259.51,51.9,107.27,25.09,0.0,0.0,0.0,0.0,1286.32,True,False,none
PR006037,EMP0382,2026-06-14,1641.25,246.19,49.24,101.76,23.8,0.0,0.0,0.0,0.0,1220.26,True,True,wage_base_cap_error
PR006038,EMP0382,2026-06-21,1750.13,262.52,52.5,108.51,25.38,0.0,0.0,0.0,0.0,1301.22,True,False,none
PR006039,EMP0382,2026-06-28,1696.01,254.4,50.88,105.15,24.59,0.0,0.0,0.0,0.0,1260.99,True,False,none
PR006040,EMP0382,2026-07-05,1669.62,250.44,50.09,103.52,24.21,0.0,0.0,0.0,0.0,1241.36,True,False,none
PR006041,EMP0382,2026-07-12,1666.83,250.02,50.0,103.34,24.17,0.0,0.0,0.0,0.0,1239.3,True,False,none
PR006042,EMP0382,2026-07-19,1699.35,254.9,50.98,105.36,24.64,0.0,0.0,0.0,0.0,1263.47,True,False,none
PR006043,EMP0382,2026-07-26,1753.78,263.07,52.61,108.73,25.43,0.0,0.0,0.0,0.0,1303.94,True,False,none
PR006044,EMP0382,2026-08-02,1685.24,252.79,50.56,104.48,24.44,0.0,0.0,0.0,0.0,1252.97,True,False,none
PR006045,EMP0382,2026-08-09,1735.3,260.29,52.06,107.59,25.16,0.0,0.0,0.0,0.0,1290.2,True,False,none
PR006046,EMP0382,2026-08-16,1647.3,247.09,49.42,102.13,23.89,0.0,0.0,0.0,0.0,1224.77,True,False,none
PR006047,EMP0382,2026-08-23,1698.41,254.76,50.95,105.3,24.63,0.0,0.0,0.0,0.0,1262.77,True,False,none
PR006048,EMP0382,2026-08-30,1767.91,265.19,53.04,109.61,25.63,0.0,0.0,0.0,0.0,1314.44,True,False,none
PR006049,EMP0382,2026-09-06,1738.09,260.71,52.14,107.76,25.2,0.0,0.0,0.0,0.0,1292.28,True,False,none
PR006050,EMP0382,2026-09-13,1662.62,249.39,49.88,103.08,24.11,0.0,0.0,0.0,0.0,1236.16,True,False,none
PR006051,EMP0383,2026-03-31,2575.02,386.25,128.75,159.65,37.34,15.45,69.53,169.95,0.0,1693.08,True,False,none
PR006052,EMP0383,2026-04-15,2520.4,378.06,126.02,156.26,36.55,15.12,68.05,166.35,0.0,1657.16,True,False,none
PR006053,EMP0383,2026-04-30,2556.28,383.44,127.81,158.49,37.07,11.43,69.02,168.71,0.0,1680.76,True,False,none
PR006054,EMP0383,2026-05-15,2631.85,394.78,131.59,163.17,38.16,0.0,36.4,173.7,0.0,1730.45,True,False,none
PR006055,EMP0383,2026-05-31,2630.04,394.51,131.5,163.06,38.14,0.0,0.0,173.58,0.0,1729.25,True,False,none
PR006056,EMP0383,2026-06-15,2519.28,377.89,125.96,156.2,36.53,0.0,0.0,166.27,332.54,1656.43,True,True,duplicate_deduction
PR006057,EMP0383,2026-06-30,2660.83,399.12,133.04,164.97,38.58,0.0,0.0,175.61,0.0,1749.51,True,False,none
PR006058,EMP0383,2026-07-15,2593.6,389.04,129.68,160.8,37.61,0.0,0.0,171.18,0.0,1705.29,True,False,none
PR006059,EMP0383,2026-07-31,2550.24,382.54,127.51,158.11,36.98,0.0,0.0,168.32,0.0,1676.78,True,False,none
PR006060,EMP0383,2026-08-15,2575.12,386.27,128.76,159.66,37.34,0.0,0.0,169.96,0.0,1693.13,True,False,none
PR006061,EMP0383,2026-08-31,2596.15,389.42,129.81,160.96,37.64,0.0,0.0,171.35,0.0,1706.97,True,False,none
PR006062,EMP0384,2026-04-05,5571.35,835.7,278.57,345.42,80.78,33.43,150.43,0.0,0.0,4030.88,True,False,none
PR006063,EMP0384,2026-04-19,5539.07,830.86,276.95,343.42,80.32,8.57,92.57,0.0,0.0,4007.52,True,False,none
PR006064,EMP0384,2026-05-03,5547.21,832.08,277.36,343.93,80.43,0.0,0.0,0.0,0.0,4013.41,True,False,none
PR006065,EMP0384,2026-05-17,5402.92,810.44,270.15,334.98,78.34,0.0,0.0,0.0,0.0,3909.01,True,False,none
PR006066,EMP0384,2026-05-31,5682.4,852.36,284.12,352.31,82.39,0.0,0.0,0.0,0.0,4111.22,True,False,none
PR006067,EMP0384,2026-06-14,5563.38,834.51,278.17,344.93,80.67,0.0,0.0,0.0,0.0,4025.1,True,False,none
PR006068,EMP0384,2026-06-28,5383.01,807.45,269.15,333.75,78.05,0.0,0.0,0.0,0.0,3894.61,True,False,none
PR006069,EMP0384,2026-07-12,5661.94,849.29,283.1,351.04,82.1,0.0,0.0,0.0,0.0,4096.41,True,False,none
PR006070,EMP0384,2026-07-26,5734.98,860.25,286.75,355.57,83.16,0.0,0.0,0.0,0.0,4149.25,True,False,none
PR006071,EMP0384,2026-08-09,5741.51,861.23,287.08,355.97,83.25,0.0,0.0,0.0,0.0,4153.98,True,False,none
PR006072,EMP0384,2026-08-23,5487.51,823.13,274.38,340.23,79.57,0.0,0.0,0.0,0.0,3970.2,True,False,none
PR006073,EMP0384,2026-09-06,5384.96,807.74,269.25,333.87,78.08,0.0,0.0,0.0,0.0,3896.02,True,False,none
PR006074,EMP0385,2026-04-05,3410.44,511.57,0.0,211.45,49.45,20.46,92.08,180.75,0.0,2457.22,True,True,tax_miscalculation
PR006075,EMP0385,2026-04-19,3300.99,495.15,0.0,204.66,47.86,19.81,89.13,174.95,0.0,2378.37,True,False,none
PR006076,EMP0385,2026-05-03,3522.54,528.38,0.0,218.4,51.08,1.73,61.79,186.69,0.0,2537.99,True,False,none
PR006077,EMP0385,2026-05-17,3320.13,498.02,0.0,205.85,48.14,0.0,0.0,175.97,0.0,2392.15,True,False,none
PR006078,EMP0385,2026-05-31,3338.79,500.82,0.0,207.0,48.41,0.0,0.0,176.96,0.0,2405.6,True,True,tax_miscalculation
PR006079,EMP0385,2026-06-14,3380.3,507.05,0.0,209.58,49.01,0.0,0.0,179.16,0.0,2435.5,True,False,none
PR006080,EMP0385,2026-06-28,3373.97,506.1,0.0,209.19,48.92,0.0,0.0,178.82,0.0,2430.94,True,False,none
PR006081,EMP0385,2026-07-12,3484.96,522.74,0.0,216.07,50.53,0.0,0.0,184.7,0.0,2510.92,True,False,none
PR006082,EMP0385,2026-07-26,3393.7,509.05,0.0,210.41,49.21,0.0,0.0,179.87,0.0,2445.16,True,False,none
PR006083,EMP0385,2026-08-09,3316.67,497.5,0.0,205.63,48.09,0.0,0.0,175.78,0.0,2389.67,True,False,none
PR006084,EMP0385,2026-08-23,3342.69,501.4,0.0,207.25,48.47,0.0,0.0,177.16,0.0,2408.41,True,False,none
PR006085,EMP0385,2026-09-06,3407.94,511.19,0.0,211.29,49.42,0.0,0.0,180.62,0.0,2455.42,True,True,wage_base_cap_error
PR006086,EMP0386,2026-03-29,1955.56,293.33,0.0,121.24,28.36,11.73,52.8,86.04,0.0,1426.59,True,False,none
PR006087,EMP0386,2026-04-05,2029.52,304.43,0.0,226.49,29.43,12.18,54.8,89.3,0.0,1480.53,True,True,tax_miscalculation
PR006088,EMP0386,2026-04-12,2022.21,303.33,0.0,125.38,29.32,12.13,54.6,88.98,0.0,1475.2,True,True,tax_miscalculation
PR006089,EMP0386,2026-04-19,2045.94,306.89,0.0,126.85,29.67,5.96,55.24,90.02,0.0,1492.51,True,False,none
PR006090,EMP0386,2026-04-26,2081.48,312.22,0.0,129.05,30.18,0.0,25.56,91.59,0.0,1518.44,True,False,none
PR006091,EMP0386,2026-05-03,2077.42,311.61,0.0,128.8,30.12,0.0,0.0,91.41,0.0,1515.48,True,False,none
PR006092,EMP0386,2026-05-10,2082.81,312.42,0.0,129.13,30.2,0.0,0.0,91.64,0.0,1519.42,True,False,none
PR006093,EMP0386,2026-05-17,1971.05,295.66,0.0,122.21,28.58,0.0,0.0,86.73,0.0,1437.87,True,False,none
PR006094,EMP0386,2026-05-24,1953.02,292.95,0.0,121.09,28.32,0.0,0.0,85.93,0.0,1424.73,True,False,none
PR006095,EMP0386,2026-05-31,1980.23,297.03,0.0,122.77,28.71,0.0,0.0,87.13,0.0,1444.59,True,False,none
PR006096,EMP0386,2026-06-07,2074.69,311.2,0.0,128.63,30.08,0.0,0.0,91.29,0.0,1513.49,True,False,none
PR006097,EMP0386,2026-06-14,2086.95,313.04,0.0,129.39,30.26,0.0,0.0,91.83,0.0,1522.43,True,False,none
PR006098,EMP0386,2026-06-21,2068.99,310.35,0.0,128.28,30.0,0.0,0.0,91.04,0.0,1509.32,True,False,none
PR006099,EMP0386,2026-06-28,1949.59,292.44,0.0,120.87,28.27,0.0,0.0,85.78,0.0,1422.23,True,False,none
PR006100,EMP0386,2026-07-05,2083.03,312.45,0.0,129.15,30.2,0.0,0.0,91.65,0.0,1519.58,True,False,none
PR006101,EMP0386,2026-07-12,1999.52,299.93,0.0,123.97,28.99,0.0,0.0,87.98,0.0,1458.65,True,False,none
PR006102,EMP0386,2026-07-19,1933.54,290.03,0.0,119.88,28.04,0.0,0.0,85.08,0.0,1410.51,True,True,wage_base_cap_error
PR006103,EMP0386,2026-07-26,2002.55,300.38,0.0,124.16,29.04,0.0,0.0,88.11,0.0,1460.86,True,False,none
PR006104,EMP0386,2026-08-02,1939.4,290.91,0.0,120.24,28.12,0.0,0.0,85.33,0.0,1414.8,True,False,none
PR006105,EMP0386,2026-08-09,2018.72,302.81,0.0,125.16,29.27,0.0,0.0,88.82,0.0,1472.66,True,False,none
PR006106,EMP0386,2026-08-16,1986.01,297.9,0.0,123.13,28.8,0.0,0.0,87.38,0.0,1448.8,True,False,none
PR006107,EMP0386,2026-08-23,2007.5,301.12,0.0,124.47,29.11,0.0,0.0,88.33,0.0,1464.47,True,False,none
PR006108,EMP0386,2026-08-30,2029.76,304.46,0.0,125.85,29.43,0.0,0.0,89.31,0.0,1480.71,True,False,none
PR006109,EMP0386,2026-09-06,2070.5,310.57,0.0,128.37,30.02,0.0,0.0,91.1,0.0,1510.44,True,False,none
PR006110,EMP0386,2026-09-13,2037.53,305.63,0.0,126.33,29.54,0.0,0.0,89.65,0.0,1486.38,True,False,none
PR006111,EMP0387,2026-03-29,783.93,117.59,47.04,48.6,11.37,4.7,21.17,0.0,0.0,559.33,True,False,none
PR006112,EMP0387,2026-04-05,807.98,121.2,48.48,50.09,11.72,4.85,21.82,0.0,0.0,576.49,True,False,none
PR006113,EMP0387,2026-04-12,813.36,122.0,48.8,50.43,11.79,4.88,21.96,0.0,0.0,580.34,True,False,none
PR006114,EMP0387,2026-04-19,764.31,114.65,45.86,47.39,11.08,4.59,20.64,0.0,0.0,545.33,True,False,none
PR006115,EMP0387,2026-04-26,790.04,118.51,47.4,48.98,11.46,4.74,21.33,0.0,0.0,563.69,True,False,none
PR006116,EMP0387,2026-05-03,774.59,116.19,46.48,48.02,11.23,4.65,20.91,0.0,0.0,552.67,True,False,none
PR006117,EMP0387,2026-05-10,759.77,113.97,45.59,47.11,11.02,4.56,20.51,0.0,0.0,542.08,True,False,none
PR006118,EMP0387,2026-05-17,798.56,119.78,47.91,49.51,11.58,4.79,21.56,0.0,0.0,569.78,True,False,none
PR006119,EMP0387,2026-05-24,810.69,121.6,48.64,50.26,11.76,4.24,21.89,0.0,0.0,578.43,True,False,none
PR006120,EMP0387,2026-05-31,767.0,115.05,46.02,47.55,11.12,0.0,20.71,0.0,0.0,547.26,True,False,none
PR006121,EMP0387,2026-06-07,807.54,121.13,48.45,50.07,11.71,0.0,21.8,0.0,0.0,576.18,True,False,none
PR006122,EMP0387,2026-06-14,810.1,121.52,48.61,50.23,11.75,0.0,8.7,0.0,0.0,577.99,True,False,none
PR006123,EMP0387,2026-06-21,813.91,122.09,48.83,50.46,11.8,0.0,0.0,0.0,0.0,580.73,True,False,none
PR006124,EMP0387,2026-06-28,773.39,116.01,46.4,47.95,11.21,0.0,0.0,0.0,0.0,551.82,True,False,none
PR006125,EMP0387,2026-07-05,813.26,121.99,48.8,50.42,11.79,0.0,0.0,0.0,0.0,580.26,True,False,none
PR006126,EMP0387,2026-07-12,776.85,116.53,46.61,48.16,11.26,0.0,0.0,0.0,0.0,554.29,True,False,none
PR006127,EMP0387,2026-07-19,791.31,118.7,47.48,49.06,11.47,0.0,0.0,0.0,0.0,564.6,True,False,none
PR006128,EMP0387,2026-07-26,759.99,114.0,45.6,47.12,11.02,0.0,0.0,0.0,0.0,542.25,True,False,none
PR006129,EMP0387,2026-08-02,759.57,113.94,45.57,47.09,11.01,0.0,0.0,0.0,0.0,541.96,True,False,none
PR006130,EMP0387,2026-08-09,801.8,120.27,48.11,49.71,11.63,0.0,0.0,0.0,0.0,572.08,True,False,none
PR006131,EMP0387,2026-08-16,784.58,117.69,47.07,48.64,11.38,0.0,0.0,0.0,0.0,559.8,True,False,none
PR006132,EMP0387,2026-08-23,772.83,115.92,46.37,47.92,11.21,0.0,0.0,0.0,0.0,551.41,True,False,none
PR006133,EMP0387,2026-08-30,768.72,115.31,46.12,47.66,11.15,0.0,0.0,0.0,0.0,548.48,True,False,none
PR006134,EMP0387,2026-09-06,798.65,119.8,47.92,49.52,11.58,0.0,0.0,0.0,0.0,569.83,True,False,none
PR006135,EMP0387,2026-09-13,756.86,113.53,45.41,46.93,10.97,0.0,0.0,0.0,0.0,540.02,True,False,none
PR006136,EMP0388,2026-03-29,926.32,138.95,55.58,57.43,13.43,5.56,25.01,30.57,57.43,572.93,True,False,none
PR006137,EMP0388,2026-04-05,882.3,132.34,52.94,54.7,12.79,5.29,23.82,29.12,83.69,516.72,True,False,none
PR006138,EMP0388,2026-04-12,903.32,135.5,54.2,56.01,13.1,5.42,24.39,29.81,82.66,532.04,True,False,none
PR006139,EMP0388,2026-04-19,891.56,133.73,53.49,55.28,12.93,5.35,24.07,29.42,139.69,467.02,True,False,none
PR006140,EMP0388,2026-04-26,914.55,137.18,54.87,56.7,13.26,5.49,24.69,30.18,51.23,571.13,True,False,none
PR006141,EMP0388,2026-05-03,899.4,134.91,53.96,55.76,13.04,5.4,24.28,29.68,132.36,479.69,True,False,none
PR006142,EMP0388,2026-05-10,890.18,133.53,53.41,55.19,12.91,5.34,24.03,29.38,56.64,549.12,True,False,none
PR006143,EMP0388,2026-05-17,922.91,138.44,55.37,57.22,13.38,4.15,24.92,30.46,109.25,518.79,True,False,none
PR006144,EMP0388,2026-05-24,909.44,136.42,54.57,56.39,13.19,0.0,24.55,30.01,53.88,564.98,True,False,none
PR006145,EMP0388,2026-05-31,878.65,131.8,52.72,54.48,12.74,0.0,23.22,29.0,105.56,492.35,True,False,none
PR006146,EMP0388,2026-06-07,883.47,132.52,53.01,54.78,12.81,0.0,0.0,29.15,94.94,506.26,True,False,none
PR006147,EMP0388,2026-06-14,907.62,136.14,54.46,56.27,13.16,0.0,0.0,29.95,76.11,541.53,True,False,none
PR006148,EMP0388,2026-06-21,936.53,140.48,56.19,58.06,13.58,0.0,0.0,30.91,134.56,502.75,True,False,none
PR006149,EMP0388,2026-06-28,920.33,138.05,55.22,57.06,13.34,0.0,0.0,30.37,56.93,569.36,True,False,none
PR006150,EMP0388,2026-07-05,876.19,131.43,52.57,54.32,12.7,0.0,0.0,28.91,93.1,503.16,True,False,none
PR006151,EMP0388,2026-07-12,880.1,132.01,52.81,54.57,12.76,0.0,0.0,29.04,139.24,459.67,True,False,none
PR006152,EMP0388,2026-07-19,879.94,131.99,52.8,54.56,12.76,0.0,0.0,29.04,92.99,505.8,True,False,none
PR006153,EMP0388,2026-07-26,894.67,134.2,53.68,55.47,12.97,0.0,0.0,29.52,109.1,499.73,True,False,none
PR006154,EMP0388,2026-08-02,877.83,131.67,52.67,54.43,12.73,0.0,0.0,28.97,87.4,509.96,True,False,none
PR006155,EMP0388,2026-08-09,888.27,133.24,53.3,55.07,12.88,0.0,0.0,29.31,131.93,472.54,True,False,none
PR006156,EMP0388,2026-08-16,871.49,130.72,52.29,54.03,12.64,0.0,0.0,28.76,131.86,461.19,True,False,none
PR006157,EMP0388,2026-08-23,928.26,139.24,55.7,57.55,13.46,0.0,0.0,30.63,79.24,552.44,True,False,none
PR006158,EMP0388,2026-08-30,925.13,138.77,55.51,57.36,13.41,0.0,0.0,30.53,52.6,576.95,True,False,none
PR006159,EMP0388,2026-09-06,937.85,140.68,56.27,58.15,13.6,0.0,0.0,30.95,103.04,535.16,True,False,none
PR006160,EMP0388,2026-09-13,890.31,133.55,53.42,55.2,12.91,0.0,0.0,29.38,82.19,523.66,True,False,none
PR006161,EMP0389,2026-03-29,922.14,138.32,0.0,57.17,13.37,5.53,24.9,31.35,0.0,681.93,True,True,wage_base_cap_error
PR006162,EMP0389,2026-04-05,991.95,148.79,0.0,61.5,14.38,5.95,26.78,33.73,0.0,733.55,True,False,none
PR006163,EMP0389,2026-04-12,920.09,138.01,0.0,57.05,13.34,5.52,24.84,31.28,0.0,680.41,True,False,none
PR006164,EMP0389,2026-04-19,966.65,145.0,0.0,59.93,14.02,5.8,26.1,32.87,0.0,714.83,True,False,none
PR006165,EMP0389,2026-04-26,950.6,142.59,0.0,58.94,13.78,5.7,25.67,32.32,0.0,702.97,True,False,none
PR006166,EMP0389,2026-05-03,988.89,148.33,0.0,61.31,14.34,5.93,26.7,33.62,0.0,731.29,True,False,none
PR006167,EMP0389,2026-05-10,935.72,140.36,0.0,58.01,13.57,5.61,25.26,31.81,0.0,691.97,True,False,none
PR006168,EMP0389,2026-05-17,957.36,143.6,0.0,59.36,13.88,1.94,25.85,32.55,0.0,707.97,True,False,none
PR006169,EMP0389,2026-05-24,953.6,143.04,0.0,59.12,13.83,0.0,25.75,32.42,0.0,705.19,True,False,none
PR006170,EMP0389,2026-05-31,970.28,145.54,0.0,60.16,14.07,0.0,11.15,32.99,0.0,717.52,True,False,none
PR006171,EMP0389,2026-06-07,922.26,138.34,0.0,57.18,13.37,0.0,0.0,31.36,0.0,682.01,True,False,none
PR006172,EMP0389,2026-06-14,931.77,139.77,0.0,57.77,13.51,0.0,0.0,31.68,0.0,689.04,True,False,none
PR006173,EMP0389,2026-06-21,933.35,140.0,0.0,57.87,13.53,0.0,0.0,31.73,0.0,690.22,True,False,none
PR006174,EMP0389,2026-06-28,972.95,145.94,0.0,60.32,14.11,0.0,0.0,33.08,0.0,719.5,True,False,none
PR006175,EMP0389,2026-07-05,931.42,139.71,0.0,57.75,13.51,0.0,0.0,31.67,0.0,688.78,False,True,late_journal_posting
PR006176,EMP0389,2026-07-12,960.49,144.07,0.0,59.55,13.93,0.0,0.0,32.66,0.0,710.28,True,True,wage_base_cap_error
PR006177,EMP0389,2026-07-19,933.4,140.01,0.0,57.87,13.53,0.0,0.0,31.74,0.0,690.25,True,False,none
PR006178,EMP0389,2026-07-26,982.29,147.34,0.0,60.9,14.24,0.0,0.0,33.4,0.0,726.41,True,False,none
PR006179,EMP0389,2026-08-02,988.38,148.26,0.0,61.28,14.33,0.0,0.0,33.6,0.0,730.91,True,True,wage_base_cap_error
PR006180,EMP0389,2026-08-09,956.33,143.45,0.0,59.29,13.87,0.0,0.0,32.52,0.0,707.2,True,False,none
PR006181,EMP0389,2026-08-16,943.76,141.56,0.0,58.51,13.68,0.0,0.0,32.09,0.0,697.92,True,False,none
PR006182,EMP0389,2026-08-23,934.82,140.22,0.0,57.96,13.55,0.0,0.0,31.78,0.0,691.31,True,False,none
PR006183,EMP0389,2026-08-30,920.88,138.13,0.0,57.09,13.35,0.0,0.0,31.31,0.0,681.0,True,False,none
PR006184,EMP0389,2026-09-06,937.43,140.61,0.0,58.12,13.59,0.0,0.0,31.87,0.0,693.24,True,False,none
PR006185,EMP0389,2026-09-13,966.6,144.99,0.0,59.93,14.02,0.0,0.0,32.86,0.0,714.8,True,False,none
PR006186,EMP0390,2026-04-05,4067.07,610.06,0.0,252.16,58.97,24.4,109.81,154.55,0.0,2991.33,True,False,none
PR006187,EMP0390,2026-04-19,4198.94,629.84,0.0,260.33,60.88,17.6,113.37,159.56,0.0,3088.33,True,False,none
PR006188,EMP0390,2026-05-03,4022.95,603.44,0.0,249.42,58.33,0.0,19.82,152.87,0.0,2958.89,True,False,none
PR006189,EMP0390,2026-05-17,4118.56,617.78,0.0,255.35,59.72,0.0,0.0,156.51,0.0,3029.2,True,False,none
PR006190,EMP0390,2026-05-31,4052.84,607.93,0.0,251.28,58.77,0.0,0.0,154.01,0.0,2980.85,True,False,none
PR006191,EMP0390,2026-06-14,4060.31,609.05,0.0,251.74,58.87,0.0,0.0,154.29,0.0,2986.36,True,False,none
PR006192,EMP0390,2026-06-28,3981.66,597.25,0.0,246.86,57.73,0.0,0.0,151.3,0.0,2928.52,True,False,none
PR006193,EMP0390,2026-07-12,4041.8,606.27,0.0,250.59,58.61,0.0,0.0,153.59,0.0,2972.74,True,False,none
PR006194,EMP0390,2026-07-26,4046.88,607.03,0.0,250.91,58.68,0.0,0.0,153.78,0.0,2976.48,True,False,none
PR006195,EMP0390,2026-08-09,4122.66,618.4,0.0,255.6,59.78,0.0,0.0,156.66,0.0,3032.22,True,False,none
PR006196,EMP0390,2026-08-23,4197.84,629.68,0.0,260.27,60.87,0.0,0.0,159.52,0.0,3087.5,True,False,none
PR006197,EMP0390,2026-09-06,4001.43,600.21,0.0,248.09,58.02,0.0,0.0,152.05,0.0,2943.06,True,False,none
PR006198,EMP0391,2026-03-29,1330.16,199.52,39.9,82.47,19.29,7.98,35.91,146.32,0.0,842.66,True,False,none
PR006199,EMP0391,2026-04-05,1379.81,206.97,41.39,85.55,20.01,8.28,37.25,151.78,0.0,874.11,True,False,none
PR006200,EMP0391,2026-04-12,1385.07,207.76,41.55,85.87,20.08,8.31,37.4,152.36,0.0,877.45,True,False,none
PR006201,EMP0391,2026-04-19,1343.96,201.59,40.32,83.33,19.49,8.06,36.29,147.84,0.0,851.39,True,False,none
PR006202,EMP0391,2026-04-26,1408.69,211.3,42.26,87.34,20.43,8.45,38.03,154.96,0.0,892.4,True,False,none
PR006203,EMP0391,2026-05-03,1433.23,214.98,43.0,88.86,20.78,0.91,38.7,157.66,0.0,907.95,True,False,none
PR006204,EMP0391,2026-05-10,1428.95,214.34,42.87,88.59,20.72,0.0,19.42,157.18,0.0,905.25,True,False,none
PR006205,EMP0391,2026-05-17,1347.1,202.06,40.41,83.52,19.53,0.0,0.0,148.18,0.0,853.4,True,False,none
PR006206,EMP0391,2026-05-24,1421.25,213.19,42.64,88.12,20.61,0.0,0.0,156.34,0.0,900.35,True,False,none
PR006207,EMP0391,2026-05-31,1402.57,210.39,42.08,86.96,20.34,0.0,0.0,154.28,0.0,888.52,True,False,none
PR006208,EMP0391,2026-06-07,1375.17,206.28,41.26,85.26,19.94,0.0,0.0,151.27,0.0,871.16,True,False,none
PR006209,EMP0391,2026-06-14,1384.65,207.7,41.54,85.85,20.08,0.0,0.0,152.31,0.0,877.17,True,False,none
PR006210,EMP0391,2026-06-21,1418.43,212.76,42.55,87.94,20.57,0.0,0.0,156.03,0.0,898.58,True,False,none
PR006211,EMP0391,2026-06-28,1378.04,206.71,41.34,85.44,19.98,0.0,0.0,151.58,0.0,872.99,True,False,none
PR006212,EMP0391,2026-07-05,1366.35,204.95,40.99,84.71,19.81,0.0,0.0,150.3,0.0,865.59,True,False,none
PR006213,EMP0391,2026-07-12,1379.47,206.92,41.38,85.53,20.0,0.0,0.0,151.74,0.0,873.9,True,False,none
PR006214,EMP0391,2026-07-19,1388.86,208.33,41.67,86.11,20.14,0.0,0.0,152.77,0.0,879.84,True,False,none
PR006215,EMP0391,2026-07-26,1346.22,201.93,40.39,83.47,19.52,0.0,0.0,148.08,0.0,852.83,True,False,none
PR006216,EMP0391,2026-08-02,1424.04,213.61,42.72,88.29,20.65,0.0,0.0,156.64,0.0,902.13,True,False,none
PR006217,EMP0391,2026-08-09,1399.25,209.89,41.98,86.75,20.29,0.0,0.0,153.92,0.0,886.42,True,False,none
PR006218,EMP0391,2026-08-16,1394.78,209.22,41.84,86.48,20.22,0.0,0.0,153.43,0.0,883.59,True,True,wage_base_cap_error
PR006219,EMP0391,2026-08-23,1336.43,200.46,40.09,82.86,19.38,0.0,0.0,147.01,0.0,846.63,True,False,none
PR006220,EMP0391,2026-08-30,1391.6,208.74,41.75,86.28,20.18,0.0,0.0,153.08,0.0,881.57,True,False,none
PR006221,EMP0391,2026-09-06,1338.77,200.82,40.16,83.0,19.41,0.0,0.0,147.26,0.0,848.12,True,False,none
PR006222,EMP0391,2026-09-13,1334.15,200.12,40.02,82.72,19.35,0.0,0.0,146.76,0.0,845.18,True,False,none
PR006223,EMP0392,2026-03-31,3608.34,541.25,0.0,223.72,52.32,21.65,97.43,313.93,0.0,2477.12,True,False,none
PR006224,EMP0392,2026-04-15,3572.83,535.92,0.0,221.52,51.81,20.35,96.47,310.84,0.0,2452.74,True,False,none
PR006225,EMP0392,2026-04-30,3625.88,543.88,0.0,224.8,52.58,0.0,49.11,315.45,0.0,2489.17,True,False,none
PR006226,EMP0392,2026-05-15,3483.4,522.51,0.0,215.97,50.51,0.0,0.0,303.06,0.0,2391.35,True,False,none
PR006227,EMP0392,2026-05-31,3580.87,537.13,0.0,222.01,51.92,0.0,0.0,311.54,0.0,2458.27,True,False,none
PR006228,EMP0392,2026-06-15,3507.8,526.17,0.0,217.48,50.86,0.0,0.0,305.18,0.0,2408.11,True,False,none
PR006229,EMP0392,2026-06-30,3739.47,560.92,0.0,231.85,54.22,0.0,0.0,325.33,0.0,2567.15,True,False,none
PR006230,EMP0392,2026-07-15,3617.99,542.7,0.0,224.32,52.46,0.0,0.0,314.77,0.0,2483.74,True,False,none
PR006231,EMP0392,2026-07-31,3654.01,548.1,0.0,226.55,52.98,0.0,0.0,317.9,0.0,2508.48,True,False,none
PR006232,EMP0392,2026-08-15,3550.76,532.61,0.0,220.15,51.49,0.0,0.0,308.92,0.0,2437.59,True,False,none
PR006233,EMP0392,2026-08-31,3484.97,522.75,0.0,216.07,50.53,0.0,0.0,303.19,0.0,2392.43,True,False,none
PR006234,EMP0393,2026-03-31,2247.77,337.17,112.39,139.36,32.59,13.49,60.69,0.0,537.04,1089.22,True,False,none
PR006235,EMP0393,2026-04-15,2153.05,322.96,107.65,133.49,31.22,12.92,58.13,0.0,752.29,805.44,True,False,none
PR006236,EMP0393,2026-04-30,2084.57,312.69,104.23,129.24,30.23,12.51,56.28,0.0,829.96,678.22,True,False,none
PR006237,EMP0393,2026-05-15,2172.4,325.86,108.62,134.69,31.5,3.09,58.65,0.0,513.72,1058.01,True,False,none
PR006238,EMP0393,2026-05-31,2090.9,313.63,104.55,129.64,30.32,0.0,9.24,0.0,420.92,1091.84,True,False,none
PR006239,EMP0393,2026-06-15,2233.9,335.08,111.7,138.5,32.39,0.0,0.0,0.0,805.09,811.14,True,False,none
PR006240,EMP0393,2026-06-30,2123.21,318.48,106.16,131.64,30.79,0.0,0.0,0.0,364.91,1171.23,True,False,none
PR006241,EMP0393,2026-07-15,2198.82,329.82,109.94,136.33,31.88,0.0,0.0,0.0,716.54,874.31,True,False,none
PR006242,EMP0393,2026-07-31,2149.74,322.46,107.49,133.28,31.17,0.0,0.0,0.0,564.15,991.19,True,False,none
PR006243,EMP0393,2026-08-15,2117.53,317.63,105.88,131.29,30.7,0.0,0.0,0.0,752.59,779.44,True,False,none
PR006244,EMP0393,2026-08-31,2246.87,337.03,112.34,139.31,32.58,0.0,0.0,0.0,461.35,1164.26,True,False,none
PR006245,EMP0394,2026-03-31,2278.47,341.77,136.71,141.27,33.04,13.67,61.52,54.68,0.0,1571.0,True,False,none
PR006246,EMP0394,2026-04-15,2247.5,337.12,134.85,139.34,32.59,13.48,60.68,53.94,0.0,1549.66,True,True,wage_base_cap_error
PR006247,EMP0394,2026-04-30,2251.53,337.73,135.09,139.59,32.65,13.51,60.79,54.04,0.0,1552.43,True,False,none
PR006248,EMP0394,2026-05-15,2217.05,332.56,133.02,137.46,32.15,1.33,59.86,53.21,0.0,1528.65,True,False,none
PR006249,EMP0394,2026-05-31,2319.31,347.9,139.16,143.8,33.63,0.0,0.15,55.66,0.0,1599.16,True,False,none
PR006250,EMP0394,2026-06-15,2258.44,338.77,135.51,140.02,32.75,0.0,0.0,54.2,0.0,1557.19,True,False,none
PR006251,EMP0394,2026-06-30,2268.85,340.33,136.13,140.67,32.9,0.0,0.0,54.45,0.0,1564.37,True,False,none
PR006252,EMP0394,2026-07-15,2226.11,333.92,133.57,138.02,32.28,0.0,0.0,53.43,0.0,1534.89,True,False,none
PR006253,EMP0394,2026-07-31,2204.09,330.61,132.25,136.65,31.96,0.0,0.0,52.9,0.0,1519.72,True,False,none
PR006254,EMP0394,2026-08-15,2186.92,328.04,131.22,135.59,31.71,0.0,0.0,52.49,0.0,1507.87,True,False,none
PR006255,EMP0394,2026-08-31,2299.43,344.91,137.97,142.56,33.34,0.0,0.0,55.19,0.0,1585.46,True,False,none
PR006256,EMP0395,2026-04-05,1936.89,290.53,116.21,120.09,28.08,11.62,52.3,0.0,0.0,1381.98,True,False,none
PR006257,EMP0395,2026-04-19,2014.52,302.18,120.87,124.9,29.21,12.09,54.39,0.0,0.0,1437.36,True,True,duplicate_deduction
PR006258,EMP0395,2026-05-03,1967.4,295.11,118.04,121.98,28.53,11.8,53.12,0.0,0.0,1403.74,True,False,none
PR006259,EMP0395,2026-05-17,1971.4,295.71,118.28,122.23,28.59,6.49,53.23,0.0,0.0,1406.59,True,False,none
PR006260,EMP0395,2026-05-31,1979.79,296.97,118.79,122.75,28.71,0.0,29.96,0.0,0.0,1412.57,True,False,none
PR006261,EMP0395,2026-06-14,1963.84,294.58,117.83,121.76,28.48,0.0,0.0,0.0,0.0,1401.19,True,False,none
PR006262,EMP0395,2026-06-28,1921.85,288.28,115.31,119.15,27.87,0.0,0.0,0.0,0.0,1371.24,True,False,none
PR006263,EMP0395,2026-07-12,1954.71,293.21,117.28,121.19,28.34,0.0,0.0,0.0,0.0,1394.69,True,False,none
PR006264,EMP0395,2026-07-26,2010.38,301.56,120.62,124.64,29.15,0.0,0.0,0.0,0.0,1434.41,True,False,none
PR006265,EMP0395,2026-08-09,2010.7,301.61,120.64,124.66,29.16,0.0,0.0,0.0,0.0,1434.63,True,False,none
PR006266,EMP0395,2026-08-23,1951.03,292.65,117.06,120.96,28.29,0.0,0.0,0.0,0.0,1392.07,True,False,none
PR006267,EMP0395,2026-09-06,1978.36,296.75,118.7,122.66,28.69,0.0,0.0,0.0,0.0,1411.56,True,False,none
PR006268,EMP0396,2026-04-05,2406.1,360.91,144.37,149.18,34.89,14.44,64.96,0.0,0.0,1716.75,True,False,none
PR006269,EMP0396,2026-04-19,2409.41,361.41,144.56,149.38,34.94,14.46,65.05,0.0,0.0,1719.12,True,False,none
PR006270,EMP0396,2026-05-03,2372.82,355.92,142.37,147.11,34.41,13.11,64.07,0.0,0.0,1693.01,True,False,none
PR006271,EMP0396,2026-05-17,2543.48,381.52,152.61,157.7,36.88,0.0,48.92,0.0,0.0,1814.77,False,True,late_journal_posting
PR006272,EMP0396,2026-05-31,2409.48,361.42,144.57,149.39,34.94,0.0,0.0,0.0,0.0,1719.16,True,False,none
PR006273,EMP0396,2026-06-14,2412.76,361.91,144.77,149.59,34.99,0.0,0.0,0.0,0.0,1721.5,True,False,none
PR006274,EMP0396,2026-06-28,2422.93,363.44,145.38,150.22,35.13,0.0,0.0,0.0,0.0,1728.76,True,False,none
PR006275,EMP0396,2026-07-12,2393.2,358.98,143.59,148.38,34.7,0.0,0.0,0.0,0.0,1707.55,True,False,none
PR006276,EMP0396,2026-07-26,2493.18,373.98,149.59,154.58,36.15,0.0,0.0,0.0,0.0,1778.88,True,False,none
PR006277,EMP0396,2026-08-09,2383.0,357.45,142.98,147.75,34.55,0.0,0.0,0.0,0.0,1700.27,True,False,none
PR006278,EMP0396,2026-08-23,2394.53,359.18,143.67,148.46,34.72,0.0,0.0,0.0,0.0,1708.5,True,False,none
PR006279,EMP0396,2026-09-06,2494.26,374.14,149.66,154.64,36.17,0.0,0.0,0.0,0.0,1779.65,True,False,none
PR006280,EMP0397,2026-04-05,1994.43,299.16,99.72,123.65,28.92,11.97,53.85,57.84,0.0,1385.14,True,False,none
PR006281,EMP0397,2026-04-19,2053.36,308.0,102.67,127.31,29.77,12.32,55.44,59.55,0.0,1426.06,True,True,wage_base_cap_error
PR006282,EMP0397,2026-05-03,2029.27,304.39,101.46,125.81,29.42,12.18,54.79,58.85,0.0,1409.34,True,False,none
PR006283,EMP0397,2026-05-17,1981.05,297.16,99.05,122.83,28.73,5.54,53.49,57.45,0.0,1375.83,True,False,none
PR006284,EMP0397,2026-05-31,2044.22,306.63,102.21,126.74,29.64,0.0,25.43,59.28,0.0,1419.72,True,False,none
PR006285,EMP0397,2026-06-14,1958.69,293.8,97.93,121.44,28.4,0.0,0.0,56.8,0.0,1360.32,True,False,none
PR006286,EMP0397,2026-06-28,2025.91,303.89,101.3,125.61,29.38,0.0,0.0,58.75,0.0,1406.98,True,False,none
PR006287,EMP0397,2026-07-12,2010.03,301.5,100.5,124.62,29.15,0.0,0.0,58.29,0.0,1395.97,True,False,none
PR006288,EMP0397,2026-07-26,1982.94,297.44,99.15,122.94,28.75,0.0,0.0,57.51,0.0,1377.15,True,False,none
PR006289,EMP0397,2026-08-09,2036.73,305.51,101.84,126.28,29.53,0.0,0.0,59.07,0.0,1414.5,True,False,none
PR006290,EMP0397,2026-08-23,2079.5,311.93,103.98,128.93,30.15,0.0,0.0,60.31,0.0,1444.2,True,False,none
PR006291,EMP0397,2026-09-06,2099.91,314.99,105.0,130.19,30.45,0.0,0.0,60.9,0.0,1458.38,True,False,none
PR006292,EMP0398,2026-03-31,1936.73,290.51,0.0,120.08,28.08,11.62,52.29,127.82,0.0,1370.24,True,False,none
PR006293,EMP0398,2026-04-15,1905.85,285.88,0.0,118.16,27.63,11.44,51.46,125.79,0.0,1348.39,True,False,none
PR006294,EMP0398,2026-04-30,1878.54,281.78,0.0,116.47,27.24,11.27,50.72,123.98,0.0,1329.07,True,False,none
PR006295,EMP0398,2026-05-15,1883.39,282.51,0.0,116.77,27.31,7.67,50.85,124.3,0.0,1332.5,True,False,none
PR006296,EMP0398,2026-05-31,1917.22,287.58,0.0,118.87,27.8,0.0,37.68,126.54,0.0,1356.43,True,False,none
PR006297,EMP0398,2026-06-15,1900.15,285.02,0.0,117.81,27.55,0.0,0.0,125.41,0.0,1344.36,True,False,none
PR006298,EMP0398,2026-06-30,1983.28,297.49,0.0,122.96,28.76,0.0,0.0,130.9,0.0,1403.17,True,False,none
PR006299,EMP0398,2026-07-15,1900.31,285.05,0.0,117.82,27.55,0.0,0.0,125.42,0.0,1344.47,True,False,none
PR006300,EMP0398,2026-07-31,1901.09,285.16,0.0,117.87,27.57,0.0,0.0,125.47,0.0,1345.02,True,False,none
PR006301,EMP0398,2026-08-15,1902.63,285.39,0.0,117.96,27.59,0.0,0.0,125.57,0.0,1346.12,True,False,none
PR006302,EMP0398,2026-08-31,1971.54,295.73,0.0,122.24,28.59,0.0,0.0,130.12,0.0,1394.86,True,False,none
PR006303,EMP0399,2026-03-29,1087.23,163.08,32.62,67.41,15.76,6.52,29.36,60.88,0.0,747.48,True,False,none
PR006304,EMP0399,2026-04-05,1084.12,162.62,32.52,67.22,15.72,6.5,29.27,60.71,0.0,745.33,True,False,none
PR006305,EMP0399,2026-04-12,1060.29,159.04,31.81,65.74,15.37,6.36,28.63,59.38,0.0,728.95,True,False,none
PR006306,EMP0399,2026-04-19,1101.46,165.22,33.04,68.29,15.97,6.61,29.74,61.68,0.0,757.26,True,False,none
PR006307,EMP0399,2026-04-26,1035.12,155.27,31.05,64.18,15.01,6.21,27.95,57.97,0.0,711.64,True,False,none
PR006308,EMP0399,2026-05-03,1105.96,165.89,33.18,68.57,16.04,6.64,29.86,61.93,0.0,760.35,True,False,none
PR006309,EMP0399,2026-05-10,1075.49,161.32,32.26,66.68,15.59,3.15,29.04,60.23,0.0,739.41,True,False,none
PR006310,EMP0399,2026-05-17,1065.74,159.86,31.97,66.08,15.45,0.0,28.77,59.68,0.0,732.7,True,False,none
PR006311,EMP0399,2026-05-24,1074.16,161.12,32.22,66.6,15.58,0.0,10.38,60.15,0.0,738.49,True,False,none
PR006312,EMP0399,2026-05-31,1088.65,163.3,32.66,67.5,15.79,0.0,0.0,60.96,121.92,748.44,True,True,duplicate_deduction
PR006313,EMP0399,2026-06-07,1032.94,154.94,30.99,64.04,14.98,0.0,0.0,57.84,0.0,710.15,True,False,none
PR006314,EMP0399,2026-06-14,1106.02,165.9,33.18,68.57,16.04,0.0,0.0,61.94,0.0,760.39,True,False,none
PR006315,EMP0399,2026-06-21,1069.87,160.48,32.1,66.33,15.51,0.0,0.0,59.91,0.0,735.54,True,False,none
PR006316,EMP0399,2026-06-28,1061.04,159.16,31.83,65.78,15.39,0.0,0.0,59.42,0.0,729.46,True,False,none
PR006317,EMP0399,2026-07-05,1043.62,156.54,31.31,64.7,15.13,0.0,0.0,58.44,0.0,717.5,True,False,none
PR006318,EMP0399,2026-07-12,1069.25,160.39,32.08,66.29,15.5,0.0,0.0,59.88,0.0,735.11,True,False,none
PR006319,EMP0399,2026-07-19,1074.09,161.11,32.22,66.59,15.57,0.0,0.0,60.15,0.0,738.45,True,False,none
PR006320,EMP0399,2026-07-26,1066.2,159.93,31.99,66.1,15.46,0.0,0.0,59.71,0.0,733.01,True,False,none
PR006321,EMP0399,2026-08-02,1089.61,163.44,32.69,67.56,15.8,0.0,0.0,61.02,0.0,749.1,True,False,none
PR006322,EMP0399,2026-08-09,1067.67,160.15,32.03,66.2,15.48,0.0,0.0,59.79,0.0,734.02,True,False,none
PR006323,EMP0399,2026-08-16,1113.67,167.05,33.41,69.05,16.15,0.0,0.0,62.37,0.0,765.64,True,False,none
PR006324,EMP0399,2026-08-23,1082.85,162.43,32.49,67.14,15.7,0.0,0.0,60.64,0.0,744.45,True,False,none
PR006325,EMP0399,2026-08-30,1100.57,165.09,33.02,68.24,15.96,0.0,0.0,61.63,0.0,756.63,True,False,none
PR006326,EMP0399,2026-09-06,1041.16,156.17,31.23,64.55,15.1,0.0,0.0,58.3,0.0,715.81,True,False,none
PR006327,EMP0399,2026-09-13,1065.66,159.85,31.97,66.07,15.45,0.0,0.0,59.68,0.0,732.64,True,False,none
PR006328,EMP0400,2026-03-29,1704.13,255.62,102.25,105.66,24.71,10.22,46.01,0.0,0.0,1215.89,True,False,none
PR006329,EMP0400,2026-04-05,1735.94,260.39,104.16,107.63,25.17,10.42,46.87,0.0,0.0,1238.59,True,False,none
PR006330,EMP0400,2026-04-12,1775.82,266.37,106.55,110.1,25.75,10.65,47.95,0.0,0.0,1267.05,True,False,none
PR006331,EMP0400,2026-04-19,1668.78,250.32,100.13,103.46,24.2,10.01,45.06,0.0,0.0,1190.67,True,False,none
PR006332,EMP0400,2026-04-26,1667.99,250.2,100.08,103.42,24.19,0.69,45.04,0.0,0.0,1190.1,True,False,none
PR006333,EMP0400,2026-05-03,1774.35,266.15,106.46,110.01,25.73,0.0,12.08,0.0,0.0,1266.0,True,False,none
PR006334,EMP0400,2026-05-10,1687.18,253.08,101.23,104.61,24.46,0.0,0.0,0.0,0.0,1203.8,True,False,none
PR006335,EMP0400,2026-05-17,1749.52,262.43,104.97,108.47,25.37,0.0,0.0,0.0,0.0,1248.28,True,False,none
PR006336,EMP0400,2026-05-24,1732.31,259.85,103.94,107.4,25.12,0.0,0.0,0.0,0.0,1236.0,True,False,none
PR006337,EMP0400,2026-05-31,1771.97,265.8,106.32,109.86,25.69,0.0,0.0,0.0,0.0,1264.3,True,False,none
PR006338,EMP0400,2026-06-07,1675.17,251.28,100.51,103.86,24.29,0.0,0.0,0.0,0.0,1195.23,True,False,none
PR006339,EMP0400,2026-06-14,1675.82,251.37,100.55,103.9,24.3,0.0,0.0,0.0,0.0,1195.7,True,False,none
PR006340,EMP0400,2026-06-21,1734.21,260.13,104.05,107.52,25.15,0.0,0.0,0.0,0.0,1237.36,True,False,none
PR006341,EMP0400,2026-06-28,1787.48,268.12,107.25,110.82,25.92,0.0,0.0,0.0,0.0,1275.37,True,False,none
PR006342,EMP0400,2026-07-05,1714.82,257.22,102.89,106.32,24.86,0.0,0.0,0.0,0.0,1223.53,True,False,none
PR006343,EMP0400,2026-07-12,1702.78,255.42,102.17,105.57,24.69,0.0,0.0,0.0,0.0,1214.93,True,False,none
PR006344,EMP0400,2026-07-19,1741.03,261.15,104.46,107.94,25.24,0.0,0.0,0.0,0.0,1242.24,True,True,duplicate_deduction
PR006345,EMP0400,2026-07-26,1785.31,267.8,107.12,55.34,25.89,0.0,0.0,0.0,0.0,1273.81,True,True,tax_miscalculation
PR006346,EMP0400,2026-08-02,1772.52,265.88,106.35,109.9,25.7,0.0,0.0,0.0,0.0,1264.69,True,False,none
PR006347,EMP0400,2026-08-09,1794.2,269.13,107.65,111.24,26.02,0.0,0.0,0.0,0.0,1280.16,True,False,none
PR006348,EMP0400,2026-08-16,1661.15,249.17,99.67,102.99,24.09,0.0,0.0,0.0,0.0,1185.23,True,False,none
PR006349,EMP0400,2026-08-23,1673.5,251.02,100.41,103.76,24.27,0.0,0.0,0.0,0.0,1194.04,True,False,none
PR006350,EMP0400,2026-08-30,1741.41,261.21,104.48,107.97,25.25,0.0,0.0,0.0,0.0,1242.5,True,False,none
PR006351,EMP0400,2026-09-06,1770.28,265.54,106.22,109.76,25.67,0.0,0.0,0.0,0.0,1263.09,True,False,none
PR006352,EMP0400,2026-09-13,1697.08,254.56,101.82,105.22,24.61,0.0,0.0,0.0,0.0,1210.87,True,False,none
PR006353,EMP0401,2026-03-31,4534.15,680.12,0.0,281.12,65.75,27.2,122.42,0.0,0.0,3507.16,True,False,none
PR006354,EMP0401,2026-04-15,4735.02,710.25,0.0,293.57,68.66,14.8,120.58,0.0,0.0,3662.54,True,False,none
PR006355,EMP0401,2026-04-30,4467.1,670.07,0.0,276.96,64.77,0.0,0.0,0.0,0.0,3455.3,True,False,none
PR006356,EMP0401,2026-05-15,4581.88,687.28,0.0,284.08,66.44,0.0,0.0,0.0,0.0,3544.08,True,False,none
PR006357,EMP0401,2026-05-31,4631.91,694.79,0.0,287.18,67.16,0.0,0.0,0.0,0.0,3582.78,True,False,none
PR006358,EMP0401,2026-06-15,4651.91,697.79,0.0,288.42,67.45,0.0,0.0,0.0,0.0,3830.4,True,True,net_pay_mismatch
PR006359,EMP0401,2026-06-30,4576.55,686.48,0.0,283.75,66.36,0.0,0.0,0.0,0.0,3539.96,True,False,none
PR006360,EMP0401,2026-07-15,4671.11,700.67,0.0,289.61,67.73,0.0,0.0,0.0,0.0,3613.1,True,False,none
PR006361,EMP0401,2026-07-31,4661.09,699.16,0.0,288.99,67.59,0.0,0.0,0.0,0.0,3605.35,True,False,none
PR006362,EMP0401,2026-08-15,4647.24,697.09,0.0,288.13,67.38,0.0,0.0,0.0,0.0,3594.64,True,False,none
PR006363,EMP0401,2026-08-31,4681.3,702.2,0.0,290.24,67.88,0.0,0.0,0.0,0.0,3620.98,True,False,none
PR006364,EMP0402,2026-04-05,1388.67,208.3,55.55,86.1,20.14,8.33,37.49,138.87,0.0,879.71,True,False,none
PR006365,EMP0402,2026-04-19,1369.07,205.36,54.76,84.88,19.85,8.21,36.96,136.91,0.0,867.31,True,False,none
PR006366,EMP0402,2026-05-03,1372.95,205.94,54.92,85.12,19.91,8.24,37.07,137.3,0.0,869.76,True,False,none
PR006367,EMP0402,2026-05-17,1384.76,207.71,55.39,85.86,20.08,8.31,37.39,138.48,0.0,877.24,True,False,none
PR006368,EMP0402,2026-05-31,1415.66,212.35,56.63,87.77,20.53,8.49,38.22,141.57,0.0,896.81,True,False,none
PR006369,EMP0402,2026-06-14,1453.82,218.07,58.15,90.14,21.08,0.41,39.25,145.38,0.0,921.0,True,False,none
PR006370,EMP0402,2026-06-28,1438.21,215.73,57.53,89.17,20.85,0.0,16.61,143.82,0.0,911.11,True,False,none
PR006371,EMP0402,2026-07-12,1448.05,217.21,57.92,89.78,21.0,0.0,0.0,144.81,0.0,917.33,True,False,none
PR006372,EMP0402,2026-07-26,1398.93,209.84,55.96,86.73,20.28,0.0,0.0,139.89,0.0,886.23,True,False,none
PR006373,EMP0402,2026-08-09,1404.95,210.74,56.2,87.11,20.37,0.0,0.0,140.5,0.0,890.03,True,False,none
PR006374,EMP0402,2026-08-23,1403.72,210.56,56.15,87.03,20.35,0.0,0.0,140.37,0.0,889.26,True,False,none
PR006375,EMP0402,2026-09-06,1381.09,207.16,55.24,85.63,20.03,0.0,0.0,138.11,0.0,874.92,True,False,none
PR006376,EMP0403,2026-04-05,3860.32,579.05,193.02,239.34,55.97,23.16,104.23,108.09,0.0,2684.85,True,False,none
PR006377,EMP0403,2026-04-19,4028.12,604.22,201.41,249.74,58.41,18.84,108.76,112.79,0.0,2801.55,True,False,none
PR006378,EMP0403,2026-05-03,4154.29,623.14,207.71,257.57,60.24,0.0,30.01,116.32,0.0,2889.31,True,False,none
PR006379,EMP0403,2026-05-17,3893.78,584.07,194.69,241.41,56.46,0.0,0.0,109.03,0.0,2708.12,True,False,none
PR006380,EMP0403,2026-05-31,3855.72,578.36,192.79,239.05,55.91,0.0,0.0,107.96,0.0,2681.65,True,False,none
PR006381,EMP0403,2026-06-14,4087.87,613.18,204.39,253.45,59.27,0.0,0.0,114.46,0.0,2843.12,False,True,late_journal_posting
PR006382,EMP0403,2026-06-28,3920.94,588.14,196.05,243.1,56.85,0.0,0.0,109.79,0.0,2727.01,True,False,none
PR006383,EMP0403,2026-07-12,4103.74,615.56,205.19,254.43,59.5,0.0,0.0,114.9,0.0,2854.16,True,False,none
PR006384,EMP0403,2026-07-26,4063.92,609.59,203.2,251.96,58.93,0.0,0.0,113.79,0.0,2826.45,True,False,none
PR006385,EMP0403,2026-08-09,4140.5,621.07,207.03,256.71,60.04,0.0,0.0,115.93,0.0,2879.72,False,True,late_journal_posting
PR006386,EMP0403,2026-08-23,3970.47,595.57,198.52,246.17,57.57,0.0,0.0,111.17,0.0,2761.47,True,False,none
PR006387,EMP0403,2026-09-06,4050.63,607.59,202.53,251.14,58.73,0.0,0.0,113.42,0.0,2817.22,True,False,none
PR006388,EMP0404,2026-04-05,5063.62,759.54,253.18,313.94,73.42,30.38,136.72,567.13,0.0,3096.41,True,False,none
PR006389,EMP0404,2026-04-19,5130.27,769.54,256.51,318.08,74.39,11.62,106.28,574.59,0.0,3137.16,True,False,none
PR006390,EMP0404,2026-05-03,5057.48,758.62,252.87,313.56,73.33,0.0,0.0,566.44,0.0,3092.66,True,False,none
PR006391,EMP0404,2026-05-17,4952.52,742.88,247.63,307.06,71.81,0.0,0.0,554.68,0.0,3028.46,True,False,none
PR006392,EMP0404,2026-05-31,5080.93,762.14,254.05,315.02,73.67,0.0,0.0,569.06,0.0,3106.99,True,False,none
PR006393,EMP0404,2026-06-14,5089.25,763.39,254.46,315.53,73.79,0.0,0.0,570.0,0.0,3112.08,True,False,none
PR006394,EMP0404,2026-06-28,5202.68,780.4,260.13,322.57,75.44,0.0,0.0,582.7,0.0,3181.44,True,False,none
PR006395,EMP0404,2026-07-12,5172.48,775.87,258.62,320.69,75.0,0.0,0.0,579.32,0.0,3162.98,True,False,none
PR006396,EMP0404,2026-07-26,5143.63,771.54,257.18,318.91,74.58,0.0,0.0,576.09,0.0,3145.33,True,False,none
PR006397,EMP0404,2026-08-09,4922.26,738.34,246.11,305.18,71.37,0.0,0.0,551.29,0.0,3009.97,True,False,none
PR006398,EMP0404,2026-08-23,5166.48,774.97,258.32,320.32,74.91,0.0,0.0,578.65,0.0,3159.31,True,False,none
PR006399,EMP0404,2026-09-06,5077.87,761.68,253.89,314.83,73.63,0.0,0.0,568.72,0.0,3105.12,True,False,none
PR006400,EMP0405,2026-03-29,779.18,116.88,46.75,48.31,11.3,4.68,21.04,37.4,236.81,281.73,True,False,none
PR006401,EMP0405,2026-04-05,728.97,109.35,43.74,45.2,10.57,4.37,19.68,34.99,206.06,279.06,True,False,none
PR006402,EMP0405,2026-04-12,727.92,109.19,43.68,45.13,10.55,4.37,19.65,34.94,135.11,349.32,True,False,none
PR006403,EMP0405,2026-04-19,758.12,113.72,45.49,47.0,10.99,4.55,20.47,36.39,105.17,399.36,True,False,none
PR006404,EMP0405,2026-04-26,770.33,115.55,46.22,47.76,11.17,4.62,20.8,36.98,83.82,428.83,True,False,none
PR006405,EMP0405,2026-05-03,735.76,110.36,44.15,45.62,10.67,4.41,19.87,35.32,170.21,319.43,True,False,none
PR006406,EMP0405,2026-05-10,768.42,115.26,46.11,47.64,11.14,4.61,20.75,36.88,233.01,278.38,True,False,none
PR006407,EMP0405,2026-05-17,767.89,115.18,46.07,47.61,11.13,4.61,20.73,36.86,192.61,318.43,True,False,none
PR006408,EMP0405,2026-05-24,749.27,112.39,44.96,46.45,10.86,4.5,20.23,35.96,80.4,418.25,True,False,none
PR006409,EMP0405,2026-05-31,732.86,109.93,43.97,45.44,10.63,1.28,19.79,35.18,162.29,325.42,True,False,none
PR006410,EMP0405,2026-06-07,766.07,114.91,45.96,47.5,11.11,0.0,20.68,36.77,150.44,359.38,True,False,none
PR006411,EMP0405,2026-06-14,769.4,115.41,46.16,47.7,11.16,0.0,19.31,36.93,168.29,343.75,True,False,none
PR006412,EMP0405,2026-06-21,730.11,109.52,43.81,45.27,10.59,0.0,0.0,35.05,108.15,377.72,True,False,none
PR006413,EMP0405,2026-06-28,775.94,116.39,46.56,48.11,11.25,0.0,0.0,37.25,203.44,312.94,True,False,none
PR006414,EMP0405,2026-07-05,779.22,116.88,46.75,48.31,11.3,0.0,0.0,37.4,103.0,415.58,True,False,none
PR006415,EMP0405,2026-07-12,784.93,117.74,47.1,48.67,11.38,0.0,0.0,37.68,119.19,403.17,True,False,none
PR006416,EMP0405,2026-07-19,726.37,108.96,43.58,81.05,10.53,0.0,0.0,34.87,232.82,250.58,True,True,tax_miscalculation
PR006417,EMP0405,2026-07-26,742.49,111.37,44.55,46.03,10.77,0.0,0.0,35.64,185.63,308.5,True,False,none
PR006418,EMP0405,2026-08-02,736.24,110.44,44.17,45.65,10.68,0.0,0.0,35.34,170.23,319.73,True,False,none
PR006419,EMP0405,2026-08-09,779.77,116.97,46.79,48.35,11.31,0.0,0.0,37.43,136.89,382.03,True,False,none
PR006420,EMP0405,2026-08-16,765.78,114.87,45.95,47.48,11.1,0.0,0.0,36.76,112.76,396.86,True,False,none
PR006421,EMP0405,2026-08-23,763.06,114.46,45.78,47.31,11.06,0.0,0.0,36.63,136.62,371.2,True,False,none
PR006422,EMP0405,2026-08-30,738.31,110.75,44.3,45.78,10.71,0.0,0.0,35.44,128.51,362.82,True,False,none
PR006423,EMP0405,2026-09-06,736.37,110.46,44.18,45.65,10.68,0.0,0.0,35.35,220.97,269.08,True,False,none
PR006424,EMP0405,2026-09-13,749.44,112.42,44.97,46.47,10.87,0.0,0.0,35.97,119.55,379.19,True,False,none
PR006425,EMP0406,2026-04-05,4762.45,714.37,0.0,295.27,69.06,28.57,128.59,0.0,0.0,3231.32,True,True,missing_401k
PR006426,EMP0406,2026-04-19,4714.01,707.1,0.0,292.27,68.35,13.43,114.41,447.83,0.0,3198.46,True,False,none
PR006427,EMP0406,2026-05-03,4874.57,731.19,0.0,302.22,70.68,0.0,0.0,463.08,0.0,3307.4,True,False,none
PR006428,EMP0406,2026-05-17,4960.47,744.07,0.0,307.55,71.93,0.0,0.0,471.24,0.0,3365.68,True,False,none
PR006429,EMP0406,2026-05-31,4758.52,713.78,0.0,295.03,69.0,0.0,0.0,452.06,0.0,3228.65,True,False,none
PR006430,EMP0406,2026-06-14,4918.74,737.81,0.0,304.96,71.32,0.0,0.0,467.28,0.0,3337.37,True,False,none
PR006431,EMP0406,2026-06-28,4806.94,721.04,0.0,298.03,69.7,0.0,0.0,456.66,0.0,3261.51,True,False,none
PR006432,EMP0406,2026-07-12,4652.16,697.82,0.0,288.43,67.46,0.0,0.0,441.96,0.0,3156.49,True,False,none
PR006433,EMP0406,2026-07-26,4854.19,728.13,0.0,300.96,70.39,0.0,0.0,461.15,0.0,3293.56,True,False,none
PR006434,EMP0406,2026-08-09,4787.08,718.06,0.0,296.8,69.41,0.0,0.0,454.77,0.0,3460.69,True,True,net_pay_mismatch
PR006435,EMP0406,2026-08-23,4929.59,739.44,0.0,305.63,71.48,0.0,0.0,468.31,0.0,3344.73,True,False,none
PR006436,EMP0406,2026-09-06,4759.43,713.91,0.0,295.08,69.01,0.0,0.0,452.15,0.0,3229.28,True,False,none
PR006437,EMP0407,2026-04-05,2118.29,317.74,84.73,65.67,30.72,12.71,57.19,86.85,0.0,1466.92,True,True,tax_miscalculation
PR006438,EMP0407,2026-04-19,2093.82,314.07,83.75,129.82,30.36,12.56,56.53,85.85,0.0,1449.97,True,False,none
PR006439,EMP0407,2026-05-03,2051.2,307.68,82.05,127.17,29.74,12.31,55.38,84.1,0.0,1420.46,True,False,none
PR006440,EMP0407,2026-05-17,2069.84,310.48,82.79,128.33,30.01,4.42,55.89,84.86,0.0,1433.37,True,False,none
PR006441,EMP0407,2026-05-31,2024.69,303.7,80.99,125.53,29.36,0.0,18.0,0.0,0.0,1402.1,True,True,missing_401k
PR006442,EMP0407,2026-06-14,2131.7,319.75,85.27,132.17,30.91,0.0,0.0,87.4,0.0,1476.2,True,False,none
PR006443,EMP0407,2026-06-28,2080.27,312.04,83.21,128.98,30.16,0.0,0.0,85.29,0.0,1440.59,True,False,none
PR006444,EMP0407,2026-07-12,1978.87,296.83,79.15,122.69,28.69,0.0,0.0,81.13,0.0,1370.38,True,False,none
PR006445,EMP0407,2026-07-26,2024.86,303.73,80.99,125.54,29.36,0.0,0.0,83.02,0.0,1402.22,True,False,none
PR006446,EMP0407,2026-08-09,2073.11,310.97,82.92,128.53,30.06,0.0,0.0,85.0,0.0,1435.63,True,False,none
PR006447,EMP0407,2026-08-23,1980.91,297.14,79.24,122.82,28.72,0.0,0.0,81.22,0.0,1371.77,True,False,none
PR006448,EMP0407,2026-09-06,1975.63,296.34,79.03,122.49,28.65,0.0,0.0,81.0,0.0,1368.12,True,False,none
PR006449,EMP0408,2026-03-29,1428.97,214.35,57.16,88.6,20.72,8.57,38.58,97.17,0.0,950.97,True,False,none
PR006450,EMP0408,2026-04-05,1415.64,212.35,56.63,87.77,20.53,8.49,38.22,96.26,0.0,942.1,True,False,none
PR006451,EMP0408,2026-04-12,1427.64,214.15,57.11,88.51,20.7,8.57,38.55,97.08,0.0,950.09,True,False,none
PR006452,EMP0408,2026-04-19,1407.69,211.15,56.31,87.28,20.41,8.45,38.01,95.72,0.0,936.82,True,False,none
PR006453,EMP0408,2026-04-26,1396.55,209.48,55.86,86.59,20.25,7.92,37.71,94.97,0.0,929.4,True,False,none
PR006454,EMP0408,2026-05-03,1456.15,218.42,58.25,90.28,21.11,0.0,39.32,99.02,0.0,969.07,True,False,none
PR006455,EMP0408,2026-05-10,1436.31,215.45,57.45,89.05,20.83,0.0,12.62,97.67,0.0,955.86,True,False,none
PR006456,EMP0408,2026-05-17,1400.58,210.09,56.02,86.84,20.31,0.0,0.0,95.24,0.0,932.08,True,False,none
PR006457,EMP0408,2026-05-24,1414.15,212.12,56.57,87.68,20.51,0.0,0.0,96.16,0.0,941.11,True,False,none
PR006458,EMP0408,2026-05-31,1445.09,216.76,57.8,89.6,20.95,0.0,0.0,98.27,0.0,961.71,True,False,none
PR006459,EMP0408,2026-06-07,1386.04,207.91,55.44,85.93,20.1,0.0,0.0,94.25,0.0,922.41,True,False,none
PR006460,EMP0408,2026-06-14,1394.59,209.19,55.78,86.46,20.22,0.0,0.0,94.83,0.0,928.11,True,False,none
PR006461,EMP0408,2026-06-21,1386.16,207.92,55.45,85.94,20.1,0.0,0.0,94.26,0.0,922.49,True,False,none
PR006462,EMP0408,2026-06-28,1470.14,220.52,58.81,91.15,21.32,0.0,0.0,99.97,0.0,978.37,True,False,none
PR006463,EMP0408,2026-07-05,1463.34,219.5,58.53,90.73,21.22,0.0,0.0,99.51,0.0,973.85,True,False,none
PR006464,EMP0408,2026-07-12,1463.44,219.52,58.54,90.73,21.22,0.0,0.0,99.51,0.0,973.92,True,False,none
PR006465,EMP0408,2026-07-19,1459.24,218.89,58.37,90.47,21.16,0.0,0.0,99.23,0.0,971.12,True,False,none
PR006466,EMP0408,2026-07-26,1453.9,218.09,58.16,90.14,21.08,0.0,0.0,98.87,0.0,967.56,True,False,none
PR006467,EMP0408,2026-08-02,1432.04,214.81,57.28,88.79,20.76,0.0,0.0,97.38,0.0,953.02,True,False,none
PR006468,EMP0408,2026-08-09,1450.82,217.62,58.03,89.95,21.04,0.0,0.0,98.66,0.0,965.52,True,False,none
PR006469,EMP0408,2026-08-16,1382.19,207.33,55.29,85.7,20.04,0.0,0.0,93.99,0.0,919.84,True,False,none
PR006470,EMP0408,2026-08-23,1448.46,217.27,57.94,89.8,21.0,0.0,0.0,98.5,0.0,963.95,True,False,none
PR006471,EMP0408,2026-08-30,1466.23,219.93,58.65,90.91,21.26,0.0,0.0,99.7,0.0,975.78,True,False,none
PR006472,EMP0408,2026-09-06,1434.69,215.2,57.39,88.95,20.8,0.0,0.0,97.56,0.0,954.79,True,False,none
PR006473,EMP0408,2026-09-13,1418.46,212.77,56.74,87.94,20.57,0.0,0.0,96.46,0.0,943.98,True,False,none
PR006474,EMP0409,2026-03-31,4211.15,631.67,252.67,261.09,61.06,25.27,113.7,240.04,0.0,2764.62,True,False,none
PR006475,EMP0409,2026-04-15,4335.21,650.28,260.11,268.78,62.86,16.73,117.05,247.11,0.0,2846.07,True,False,none
PR006476,EMP0409,2026-04-30,4352.19,652.83,261.13,269.84,63.11,0.0,12.25,248.07,0.0,2857.21,True,False,none
PR006477,EMP0409,2026-05-15,4412.69,661.9,264.76,273.59,63.98,0.0,0.0,251.52,0.0,2896.94,True,False,none
PR006478,EMP0409,2026-05-31,4233.19,634.98,253.99,262.46,61.38,0.0,0.0,241.29,0.0,2779.09,True,False,none
PR006479,EMP0409,2026-06-15,4378.32,656.75,262.7,271.46,63.49,0.0,0.0,249.56,0.0,3064.7,True,True,net_pay_mismatch
PR006480,EMP0409,2026-06-30,4416.72,662.51,265.0,273.84,64.04,0.0,0.0,251.75,0.0,2899.58,True,False,none
PR006481,EMP0409,2026-07-15,4296.17,644.43,257.77,266.36,62.29,0.0,0.0,244.88,0.0,2820.44,True,False,none
PR006482,EMP0409,2026-07-31,4292.71,643.91,257.56,266.15,62.24,0.0,0.0,244.68,0.0,2818.17,True,False,none
PR006483,EMP0409,2026-08-15,4313.17,646.98,258.79,267.42,62.54,0.0,0.0,245.85,0.0,2831.59,True,False,none
PR006484,EMP0409,2026-08-31,4371.38,655.71,262.28,271.03,63.39,0.0,0.0,249.17,0.0,2869.8,True,False,none
PR006485,EMP0410,2026-04-05,3393.91,509.09,203.63,210.42,49.21,20.36,91.64,0.0,0.0,2421.56,True,False,none
PR006486,EMP0410,2026-04-19,3162.86,759.09,189.77,196.1,45.86,18.98,85.4,0.0,0.0,2256.7,True,True,tax_miscalculation
PR006487,EMP0410,2026-05-03,3157.64,473.65,189.46,195.77,45.79,2.66,65.97,0.0,0.0,2252.97,True,False,none
PR006488,EMP0410,2026-05-17,3386.87,508.03,203.21,209.99,49.11,0.0,0.0,0.0,0.0,2416.53,True,False,none
PR006489,EMP0410,2026-05-31,3281.17,492.18,196.87,203.43,47.58,0.0,0.0,0.0,0.0,2341.11,True,False,none
PR006490,EMP0410,2026-06-14,3303.22,495.48,198.19,204.8,47.9,0.0,0.0,0.0,0.0,2356.85,True,False,none
PR006491,EMP0410,2026-06-28,3268.87,490.33,196.13,202.67,47.4,0.0,0.0,0.0,0.0,2332.34,True,False,none
PR006492,EMP0410,2026-07-12,3168.07,475.21,190.08,196.42,45.94,0.0,0.0,0.0,0.0,2260.42,True,False,none
PR006493,EMP0410,2026-07-26,3342.94,501.44,200.58,207.26,48.47,0.0,0.0,0.0,0.0,2385.19,True,False,none
PR006494,EMP0410,2026-08-09,3337.53,500.63,200.25,206.93,48.39,0.0,0.0,0.0,0.0,2381.33,True,False,none
PR006495,EMP0410,2026-08-23,3224.6,483.69,193.48,199.93,46.76,0.0,0.0,0.0,0.0,2300.74,False,True,late_journal_posting
PR006496,EMP0410,2026-09-06,3223.19,483.48,425.46,199.84,46.74,0.0,0.0,0.0,0.0,2299.74,True,True,tax_miscalculation
PR006497,EMP0411,2026-03-31,5032.36,754.85,0.0,312.01,72.97,30.19,135.87,120.78,0.0,3771.75,True,False,none
PR006498,EMP0411,2026-04-15,4735.19,710.28,0.0,293.58,68.66,11.81,107.13,113.64,0.0,3549.03,True,False,none
PR006499,EMP0411,2026-04-30,5049.15,757.37,0.0,313.05,73.21,0.0,0.0,121.18,0.0,3784.34,True,False,none
PR006500,EMP0411,2026-05-15,4806.74,721.01,0.0,298.02,69.7,0.0,0.0,115.36,0.0,3602.65,True,False,none
PR006501,EMP0411,2026-05-31,4937.3,740.6,0.0,306.11,71.59,0.0,0.0,118.5,0.0,3700.5,True,False,none
PR006502,EMP0411,2026-06-15,5070.46,760.57,0.0,314.37,73.52,0.0,0.0,121.69,0.0,3800.31,True,False,none
PR006503,EMP0411,2026-06-30,4970.35,745.55,0.0,308.16,72.07,0.0,0.0,119.29,0.0,3725.28,True,False,none
PR006504,EMP0411,2026-07-15,4867.98,730.2,0.0,301.81,70.59,0.0,0.0,116.83,0.0,3648.55,True,False,none
PR006505,EMP0411,2026-07-31,4974.78,746.22,0.0,308.44,72.13,0.0,0.0,119.39,0.0,3728.6,True,False,none
PR006506,EMP0411,2026-08-15,4840.63,726.09,0.0,300.12,70.19,0.0,0.0,116.18,0.0,3628.05,True,False,none
PR006507,EMP0411,2026-08-31,4814.73,722.21,0.0,298.51,69.81,0.0,0.0,115.55,0.0,3608.65,True,False,none
PR006508,EMP0412,2026-04-05,2443.68,366.55,0.0,151.51,35.43,14.66,65.98,222.37,0.0,1667.82,True,False,none
PR006509,EMP0412,2026-04-19,2397.88,359.68,0.0,148.67,34.77,14.39,64.74,218.21,0.0,1636.55,True,False,none
PR006510,EMP0412,2026-05-03,2378.13,356.72,0.0,147.44,34.48,12.95,64.21,216.41,0.0,1623.08,True,False,none
PR006511,EMP0412,2026-05-17,2324.23,348.63,0.0,144.1,33.7,0.0,48.07,211.5,0.0,1586.3,True,False,none
PR006512,EMP0412,2026-05-31,2267.22,340.08,0.0,140.57,32.87,0.0,0.0,206.32,0.0,1547.38,True,False,none
PR006513,EMP0412,2026-06-14,2263.85,339.58,0.0,140.36,32.83,0.0,0.0,206.01,0.0,1545.07,True,False,none
PR006514,EMP0412,2026-06-28,2361.27,354.19,0.0,146.4,34.24,0.0,0.0,214.88,0.0,1611.56,True,False,none
PR006515,EMP0412,2026-07-12,2399.98,360.0,0.0,148.8,34.8,0.0,0.0,218.4,0.0,1637.98,True,False,none
PR006516,EMP0412,2026-07-26,2358.14,353.72,0.0,146.2,34.19,0.0,0.0,214.59,429.18,1609.44,True,True,duplicate_deduction
PR006517,EMP0412,2026-08-09,2414.64,362.2,0.0,149.71,35.01,0.0,0.0,219.73,0.0,1647.99,True,False,none
PR006518,EMP0412,2026-08-23,2264.29,339.64,0.0,140.39,32.83,0.0,0.0,206.05,0.0,1545.38,True,False,none
PR006519,EMP0412,2026-09-06,2326.36,348.95,0.0,144.23,33.73,0.0,0.0,211.7,0.0,1587.75,True,False,none
PR006520,EMP0413,2026-03-29,2532.48,379.87,126.62,157.01,36.72,15.19,68.38,179.81,0.0,1652.45,True,False,none
PR006521,EMP0413,2026-04-05,2575.54,386.33,128.78,159.68,37.35,15.45,69.54,182.86,0.0,1680.54,True,False,none
PR006522,EMP0413,2026-04-12,2498.74,374.81,124.94,154.92,36.23,11.35,67.47,177.41,0.0,1630.43,True,False,none
PR006523,EMP0413,2026-04-19,2679.38,401.91,133.97,166.12,38.85,0.0,37.62,190.24,0.0,1748.29,True,False,none
PR006524,EMP0413,2026-04-26,2529.65,379.45,126.48,156.84,36.68,0.0,0.0,179.61,0.0,1650.59,True,False,none
PR006525,EMP0413,2026-05-03,2672.86,400.93,133.64,165.72,38.76,0.0,0.0,189.77,0.0,1744.04,True,False,none
PR006526,EMP0413,2026-05-10,2571.16,385.67,128.56,159.41,37.28,0.0,0.0,182.55,0.0,1677.69,True,False,none
PR006527,EMP0413,2026-05-17,2685.81,402.87,134.29,166.52,38.94,0.0,0.0,190.69,0.0,1752.5,True,False,none
PR006528,EMP0413,2026-05-24,2597.42,389.61,129.87,161.04,37.66,0.0,0.0,184.42,0.0,1694.82,True,False,none
PR006529,EMP0413,2026-05-31,2674.61,401.19,133.73,165.83,38.78,0.0,0.0,189.9,0.0,1745.18,True,False,none
PR006530,EMP0413,2026-06-07,2485.01,372.75,124.25,154.07,36.03,0.0,0.0,176.44,0.0,1621.47,True,False,none
PR006531,EMP0413,2026-06-14,2637.2,395.58,131.86,163.51,38.24,0.0,0.0,187.24,0.0,1720.77,True,False,none
PR006532,EMP0413,2026-06-21,2668.91,400.34,133.45,165.47,38.7,0.0,0.0,189.49,0.0,1741.46,True,False,none
PR006533,EMP0413,2026-06-28,2512.54,376.88,125.63,155.78,36.43,0.0,0.0,178.39,0.0,1639.43,True,False,none
PR006534,EMP0413,2026-07-05,2503.61,375.54,125.18,155.22,36.3,0.0,0.0,177.76,0.0,1633.61,True,False,none
PR006535,EMP0413,2026-07-12,2570.89,385.63,128.54,159.4,37.28,0.0,0.0,182.53,0.0,1677.51,False,True,late_journal_posting
PR006536,EMP0413,2026-07-19,2675.19,401.28,133.76,165.86,38.79,0.0,0.0,189.94,379.88,1745.56,True,True,duplicate_deduction
PR006537,EMP0413,2026-07-26,2595.03,389.25,129.75,160.89,37.63,0.0,0.0,184.25,0.0,1693.26,True,False,none
PR006538,EMP0413,2026-08-02,2591.97,388.8,129.6,160.7,37.58,0.0,0.0,184.03,0.0,1691.26,True,False,none
PR006539,EMP0413,2026-08-09,2512.83,376.92,125.64,155.8,36.44,0.0,0.0,178.41,0.0,1639.62,True,False,none
PR006540,EMP0413,2026-08-16,2484.08,372.61,124.2,154.01,36.02,0.0,0.0,176.37,0.0,1620.87,True,False,none
PR006541,EMP0413,2026-08-23,2649.88,397.48,132.49,164.29,38.42,0.0,0.0,188.14,0.0,1729.06,True,False,none
PR006542,EMP0413,2026-08-30,2501.86,375.28,125.09,155.12,36.28,0.0,0.0,177.63,0.0,1632.46,True,False,none
PR006543,EMP0413,2026-09-06,2613.77,392.07,130.69,162.05,37.9,0.0,0.0,185.58,0.0,1705.48,True,False,none
PR006544,EMP0413,2026-09-13,2671.28,400.69,133.56,165.62,38.73,0.0,0.0,189.66,0.0,1743.02,True,False,none
PR006545,EMP0414,2026-03-31,3787.62,568.14,113.63,234.83,54.92,22.73,102.27,117.42,0.0,2698.68,True,False,none
PR006546,EMP0414,2026-04-15,3927.84,589.18,117.84,243.53,56.95,19.27,106.05,121.76,0.0,2798.58,True,False,none
PR006547,EMP0414,2026-04-30,3747.71,562.16,112.43,232.36,54.34,0.0,34.68,116.18,0.0,2670.24,True,False,none
PR006548,EMP0414,2026-05-15,3908.95,586.34,117.27,242.35,56.68,0.0,0.0,121.18,0.0,2785.13,True,False,none
PR006549,EMP0414,2026-05-31,3773.88,566.08,113.22,233.98,54.72,0.0,0.0,116.99,0.0,2688.89,True,False,none
PR006550,EMP0414,2026-06-15,3949.55,592.43,118.49,244.87,57.27,0.0,0.0,122.44,0.0,2814.05,True,False,none
PR006551,EMP0414,2026-06-30,3816.05,572.41,114.48,236.6,55.33,0.0,0.0,118.3,0.0,2718.93,True,False,none
PR006552,EMP0414,2026-07-15,3865.85,579.88,115.98,239.68,56.05,0.0,0.0,119.84,0.0,2754.42,True,False,none
PR006553,EMP0414,2026-07-31,3907.62,586.14,117.23,242.27,56.66,0.0,0.0,121.14,0.0,2784.18,True,False,none
PR006554,EMP0414,2026-08-15,3776.14,566.42,113.28,117.06,54.75,0.0,0.0,117.06,0.0,2690.51,True,True,tax_miscalculation
PR006555,EMP0414,2026-08-31,3951.29,592.69,118.54,244.98,57.29,0.0,0.0,122.49,0.0,2815.3,True,False,none
PR006556,EMP0415,2026-03-29,1578.46,236.77,0.0,97.86,22.89,9.47,42.62,0.0,0.0,1220.94,True,False,none
PR006557,EMP0415,2026-04-05,1624.15,243.62,0.0,100.7,23.55,9.74,43.85,0.0,0.0,1256.28,True,False,none
PR006558,EMP0415,2026-04-12,1560.12,234.02,0.0,96.73,22.62,9.36,42.12,0.0,0.0,1206.75,True,False,none
PR006559,EMP0415,2026-04-19,1627.42,244.11,0.0,100.9,23.6,9.76,43.94,0.0,0.0,1258.81,True,False,none
PR006560,EMP0415,2026-04-26,1556.3,233.44,0.0,96.49,22.57,3.66,42.02,0.0,0.0,1203.8,True,False,none
PR006561,EMP0415,2026-05-03,1594.04,239.11,0.0,98.83,23.11,0.0,28.45,0.0,0.0,1232.99,True,False,none
PR006562,EMP0415,2026-05-10,1571.41,235.71,0.0,97.43,22.79,0.0,0.0,0.0,0.0,1215.48,True,False,none
PR006563,EMP0415,2026-05-17,1635.07,245.26,0.0,101.37,23.71,0.0,0.0,0.0,0.0,1264.73,True,False,none
PR006564,EMP0415,2026-05-24,1573.3,235.99,0.0,97.54,22.81,0.0,0.0,0.0,0.0,1216.96,True,False,none
PR006565,EMP0415,2026-05-31,1652.01,247.8,0.0,102.42,23.95,0.0,0.0,0.0,0.0,1277.84,False,True,late_journal_posting
PR006566,EMP0415,2026-06-07,1653.29,247.99,0.0,102.5,23.97,0.0,0.0,0.0,0.0,1278.83,True,False,none
PR006567,EMP0415,2026-06-14,1564.97,234.75,0.0,97.03,22.69,0.0,0.0,0.0,0.0,1210.5,True,False,none
PR006568,EMP0415,2026-06-21,1617.98,242.7,0.0,100.31,23.46,0.0,0.0,0.0,0.0,1251.51,True,False,none
PR006569,EMP0415,2026-06-28,1551.16,232.67,0.0,96.17,22.49,0.0,0.0,0.0,0.0,1199.83,True,False,none
PR006570,EMP0415,2026-07-05,1589.75,238.46,0.0,98.56,23.05,0.0,0.0,0.0,0.0,1229.68,True,False,none
PR006571,EMP0415,2026-07-12,1630.62,244.59,0.0,101.1,23.64,0.0,0.0,0.0,0.0,1261.29,True,False,none
PR006572,EMP0415,2026-07-19,1623.77,243.57,0.0,100.67,23.54,0.0,0.0,0.0,0.0,1255.99,True,False,none
PR006573,EMP0415,2026-07-26,1619.36,242.9,0.0,100.4,23.48,0.0,0.0,0.0,0.0,1252.58,True,False,none
PR006574,EMP0415,2026-08-02,1575.9,236.38,0.0,97.71,22.85,0.0,0.0,0.0,0.0,1218.96,True,False,none
PR006575,EMP0415,2026-08-09,1588.03,238.2,0.0,98.46,23.03,0.0,0.0,0.0,0.0,1228.34,True,False,none
PR006576,EMP0415,2026-08-16,1553.09,232.96,0.0,96.29,22.52,0.0,0.0,0.0,0.0,1201.32,True,False,none
PR006577,EMP0415,2026-08-23,1631.34,244.7,0.0,101.14,23.65,0.0,0.0,0.0,0.0,1261.85,True,False,none
PR006578,EMP0415,2026-08-30,1604.02,240.6,0.0,99.45,23.26,0.0,0.0,0.0,0.0,1240.71,True,False,none
PR006579,EMP0415,2026-09-06,1630.04,244.51,0.0,101.06,23.64,0.0,0.0,0.0,0.0,1260.83,True,False,none
PR006580,EMP0415,2026-09-13,1571.64,235.75,0.0,97.44,22.79,0.0,0.0,0.0,0.0,1215.66,True,False,none
PR006581,EMP0416,2026-04-05,3531.26,529.69,176.56,218.94,51.2,21.19,95.34,155.38,0.0,2399.49,True,False,none
PR006582,EMP0416,2026-04-19,3534.04,530.11,176.7,219.11,51.24,20.81,95.42,155.5,0.0,2401.38,True,False,none
PR006583,EMP0416,2026-05-03,3446.54,516.98,172.33,213.69,49.97,0.0,52.24,151.65,0.0,2341.92,True,False,none
PR006584,EMP0416,2026-05-17,3535.98,530.4,176.8,219.23,51.27,0.0,0.0,155.58,0.0,2402.7,True,False,none
PR006585,EMP0416,2026-05-31,3667.09,550.06,183.35,227.36,53.17,0.0,0.0,161.35,0.0,2491.8,True,False,none
PR006586,EMP0416,2026-06-14,3693.75,554.06,184.69,229.01,53.56,0.0,0.0,162.52,0.0,2509.91,True,False,none
PR006587,EMP0416,2026-06-28,3586.23,537.93,179.31,222.35,52.0,0.0,0.0,157.79,0.0,2436.85,True,False,none
PR006588,EMP0416,2026-07-12,3568.44,535.27,178.42,221.24,51.74,0.0,0.0,157.01,0.0,2424.76,True,False,none
PR006589,EMP0416,2026-07-26,3447.98,517.2,172.4,213.77,50.0,0.0,0.0,151.71,0.0,2342.9,True,False,none
PR006590,EMP0416,2026-08-09,3688.62,553.29,184.43,228.69,53.48,0.0,0.0,162.3,0.0,2506.43,True,False,none
PR006591,EMP0416,2026-08-23,3442.93,516.44,172.15,213.46,49.92,0.0,0.0,151.49,0.0,2339.47,True,False,none
PR006592,EMP0416,2026-09-06,3707.21,556.08,185.36,229.85,53.75,0.0,0.0,163.12,0.0,2519.05,True,False,none
PR006593,EMP0417,2026-03-31,2624.79,393.72,131.24,162.74,38.06,15.75,70.87,152.24,0.0,1746.79,True,False,none
PR006594,EMP0417,2026-04-15,2594.14,389.12,129.71,160.84,37.62,15.56,70.04,150.46,0.0,1726.39,True,False,none
PR006595,EMP0417,2026-04-30,2715.3,407.3,135.77,168.35,39.37,10.69,73.31,157.49,0.0,1807.02,True,False,none
PR006596,EMP0417,2026-05-15,2528.07,379.21,126.4,156.74,36.66,0.0,28.78,146.63,0.0,1682.43,True,False,none
PR006597,EMP0417,2026-05-31,2643.97,396.6,132.2,163.93,38.34,0.0,0.0,153.35,0.0,1759.55,True,False,none
PR006598,EMP0417,2026-06-15,2637.21,395.58,131.86,163.51,38.24,0.0,0.0,152.96,0.0,1755.06,True,False,none
PR006599,EMP0417,2026-06-30,2568.63,385.29,128.43,159.26,37.25,0.0,0.0,148.98,0.0,1709.42,True,False,none
PR006600,EMP0417,2026-07-15,2612.23,391.83,130.61,161.96,37.88,0.0,0.0,151.51,0.0,1738.44,True,False,none
PR006601,EMP0417,2026-07-31,2658.71,398.81,132.94,164.84,38.55,0.0,0.0,154.21,0.0,1769.36,True,False,none
PR006602,EMP0417,2026-08-15,2674.29,401.14,133.71,165.81,38.78,0.0,0.0,155.11,0.0,1779.74,True,False,none
PR006603,EMP0417,2026-08-31,2523.14,378.47,126.16,156.43,36.59,0.0,0.0,146.34,0.0,1679.15,True,False,none
PR006604,EMP0418,2026-03-31,1492.01,223.8,0.0,92.5,21.63,8.95,40.28,77.58,0.0,1076.5,True,False,none
PR006605,EMP0418,2026-04-15,1403.79,210.57,0.0,87.03,20.35,8.42,37.9,0.0,0.0,1012.84,True,True,missing_401k
PR006606,EMP0418,2026-04-30,1411.68,211.75,0.0,87.52,20.47,8.47,38.12,73.41,0.0,1018.53,True,False,none
PR006607,EMP0418,2026-05-15,1415.1,212.26,0.0,87.74,20.52,8.49,38.21,73.59,0.0,1020.99,True,False,none
PR006608,EMP0418,2026-05-31,1389.32,208.4,0.0,86.14,20.15,7.66,37.51,72.24,0.0,1002.39,True,False,none
PR006609,EMP0418,2026-06-15,1399.06,209.86,0.0,86.74,20.29,0.0,37.77,72.75,0.0,1009.42,True,False,none
PR006610,EMP0418,2026-06-30,1497.67,224.65,0.0,92.86,21.72,0.0,13.2,77.88,0.0,1080.56,True,False,none
PR006611,EMP0418,2026-07-15,1421.01,213.15,0.0,88.1,20.6,0.0,0.0,73.89,0.0,1025.27,True,False,none
PR006612,EMP0418,2026-07-31,1398.17,209.73,0.0,86.69,20.27,0.0,0.0,72.7,0.0,1008.78,True,False,none
PR006613,EMP0418,2026-08-15,1397.22,209.58,0.0,86.63,20.26,0.0,0.0,72.66,0.0,1008.09,True,False,none
PR006614,EMP0418,2026-08-31,1467.18,220.08,0.0,90.97,21.27,0.0,0.0,76.29,0.0,1058.57,True,False,none
PR006615,EMP0419,2026-04-05,2232.23,334.83,66.97,138.4,32.37,13.39,60.27,118.31,0.0,1541.35,True,False,none
PR006616,EMP0419,2026-04-19,2129.45,319.42,63.88,132.03,30.88,12.78,57.5,112.86,0.0,1470.38,True,False,none
PR006617,EMP0419,2026-05-03,2088.86,313.33,62.67,129.51,30.29,12.53,56.4,110.71,0.0,1442.35,True,False,none
PR006618,EMP0419,2026-05-17,2123.63,318.54,63.71,131.67,30.79,3.3,57.34,112.55,0.0,1466.37,True,False,none
PR006619,EMP0419,2026-05-31,2094.98,314.25,62.85,129.89,30.38,0.0,11.5,111.03,0.0,1446.58,True,False,none
PR006620,EMP0419,2026-06-14,2103.04,315.46,63.09,130.39,30.49,0.0,0.0,111.46,0.0,1452.15,True,False,none
PR006621,EMP0419,2026-06-28,2159.47,323.92,64.78,133.89,31.31,0.0,0.0,114.45,0.0,1491.12,True,False,none
PR006622,EMP0419,2026-07-12,2124.8,318.72,63.74,131.74,30.81,0.0,0.0,112.61,0.0,1467.18,True,False,none
PR006623,EMP0419,2026-07-26,2173.99,326.1,65.22,134.79,31.52,0.0,0.0,115.22,0.0,1501.14,True,False,none
PR006624,EMP0419,2026-08-09,2128.86,319.33,63.87,131.99,30.87,0.0,0.0,112.83,0.0,1469.97,True,False,none
PR006625,EMP0419,2026-08-23,2247.02,337.05,67.41,139.32,32.58,0.0,0.0,119.09,0.0,1551.57,True,False,none
PR006626,EMP0419,2026-09-06,2241.07,336.16,67.23,138.95,32.5,0.0,0.0,118.78,0.0,1547.45,True,False,none
PR006627,EMP0420,2026-03-31,1926.33,288.95,96.32,119.43,27.93,11.56,52.01,0.0,0.0,1393.7,True,False,none
PR006628,EMP0420,2026-04-15,1894.09,284.11,94.7,117.43,27.46,11.36,51.14,0.0,0.0,1370.39,True,False,none
PR006629,EMP0420,2026-04-30,1898.15,284.72,94.91,117.69,27.52,11.39,51.25,0.0,0.0,1373.31,True,False,none
PR006630,EMP0420,2026-05-15,1902.81,285.42,95.14,117.97,27.59,7.69,51.38,0.0,0.0,1376.69,True,False,none
PR006631,EMP0420,2026-05-31,1950.73,292.61,97.54,120.95,28.29,0.0,37.22,0.0,0.0,1411.34,True,False,none
PR006632,EMP0420,2026-06-15,1908.85,286.33,95.44,118.35,27.68,0.0,0.0,0.0,0.0,1381.05,True,False,none
PR006633,EMP0420,2026-06-30,1970.33,295.55,98.52,122.16,28.57,0.0,0.0,0.0,0.0,1425.53,True,False,none
PR006634,EMP0420,2026-07-15,1983.59,297.54,99.18,122.98,28.76,0.0,0.0,0.0,0.0,1435.13,True,False,none
PR006635,EMP0420,2026-07-31,1891.29,283.69,94.56,117.26,27.42,0.0,0.0,0.0,0.0,1368.36,True,True,duplicate_deduction
PR006636,EMP0420,2026-08-15,1925.4,288.81,96.27,119.37,27.92,0.0,0.0,0.0,0.0,1393.03,True,False,none
PR006637,EMP0420,2026-08-31,1854.72,278.21,92.74,114.99,26.89,0.0,0.0,0.0,0.0,1341.89,False,True,late_journal_posting
PR006638,EMP0421,2026-03-29,2514.96,377.24,0.0,155.93,36.47,15.09,67.9,0.0,0.0,1945.32,True,False,none
PR006639,EMP0421,2026-04-05,2558.42,383.76,0.0,158.62,37.1,15.35,69.08,0.0,0.0,1978.94,True,False,none
PR006640,EMP0421,2026-04-12,2516.13,377.42,0.0,156.0,36.48,11.56,67.94,0.0,0.0,1946.23,True,False,none
PR006641,EMP0421,2026-04-19,2652.91,397.94,0.0,164.48,38.47,0.0,38.08,0.0,0.0,2052.02,True,False,none
PR006642,EMP0421,2026-04-26,2506.35,375.95,0.0,155.39,36.34,0.0,0.0,0.0,0.0,1938.67,True,False,none
PR006643,EMP0421,2026-05-03,2567.03,385.05,0.0,159.16,37.22,0.0,0.0,0.0,0.0,1985.6,True,False,none
PR006644,EMP0421,2026-05-10,2597.64,389.65,0.0,161.05,37.67,0.0,0.0,0.0,0.0,2009.27,True,False,none
PR006645,EMP0421,2026-05-17,2615.22,392.28,0.0,162.14,37.92,0.0,0.0,0.0,0.0,2022.88,True,False,none
PR006646,EMP0421,2026-05-24,2552.22,382.83,0.0,158.24,37.01,0.0,0.0,0.0,0.0,1974.14,True,False,none
PR006647,EMP0421,2026-05-31,2651.39,397.71,0.0,164.39,38.45,0.0,0.0,0.0,0.0,2050.84,True,False,none
PR006648,EMP0421,2026-06-07,2590.01,388.5,0.0,160.58,37.56,0.0,0.0,0.0,0.0,2003.37,True,False,none
PR006649,EMP0421,2026-06-14,2563.73,384.56,0.0,158.95,37.17,0.0,0.0,0.0,0.0,1983.05,True,True,duplicate_deduction
PR006650,EMP0421,2026-06-21,2487.77,373.17,0.0,154.24,36.07,0.0,0.0,0.0,0.0,1924.29,True,False,none
PR006651,EMP0421,2026-06-28,2568.87,385.33,0.0,159.27,37.25,0.0,0.0,0.0,0.0,1987.02,True,False,none
PR006652,EMP0421,2026-07-05,2641.52,396.23,0.0,163.77,38.3,0.0,0.0,0.0,0.0,2043.22,True,False,none
PR006653,EMP0421,2026-07-12,2599.45,389.92,0.0,161.17,37.69,0.0,0.0,0.0,0.0,2010.67,True,False,none
PR006654,EMP0421,2026-07-19,2643.85,396.58,0.0,163.92,38.34,0.0,0.0,0.0,0.0,2045.01,True,False,none
PR006655,EMP0421,2026-07-26,2574.85,386.23,0.0,159.64,37.34,0.0,0.0,0.0,0.0,1991.64,True,False,none
PR006656,EMP0421,2026-08-02,2498.22,374.73,0.0,154.89,36.22,0.0,0.0,0.0,0.0,1932.38,True,False,none
PR006657,EMP0421,2026-08-09,2476.83,371.52,0.0,153.56,35.91,0.0,0.0,0.0,0.0,1915.84,True,False,none
PR006658,EMP0421,2026-08-16,2535.92,380.39,0.0,157.23,36.77,0.0,0.0,0.0,0.0,1961.53,True,False,none
PR006659,EMP0421,2026-08-23,2616.47,392.47,0.0,162.22,37.94,0.0,0.0,0.0,0.0,2023.84,True,False,none
PR006660,EMP0421,2026-08-30,2635.3,395.3,0.0,163.39,38.21,0.0,0.0,0.0,0.0,2038.4,True,False,none
PR006661,EMP0421,2026-09-06,2534.4,380.16,0.0,157.13,36.75,0.0,0.0,0.0,0.0,1960.36,True,False,none
PR006662,EMP0421,2026-09-13,2575.19,386.28,0.0,287.39,37.34,0.0,0.0,0.0,0.0,1991.91,True,True,tax_miscalculation
PR006663,EMP0422,2026-03-31,4143.4,621.51,207.17,256.89,60.08,24.86,111.87,364.62,0.0,2633.13,True,False,none
PR006664,EMP0422,2026-04-15,4139.9,620.98,207.0,256.67,60.03,17.14,111.78,364.31,0.0,2630.91,True,False,none
PR006665,EMP0422,2026-04-30,4080.72,612.11,204.04,253.0,59.17,0.0,19.35,359.1,0.0,2593.3,True,False,none
PR006666,EMP0422,2026-05-15,4049.36,607.4,202.47,251.06,58.72,0.0,0.0,356.34,0.0,2573.37,True,False,none
PR006667,EMP0422,2026-05-31,4069.28,610.39,203.46,252.3,59.0,0.0,0.0,358.1,0.0,2586.03,True,False,none
PR006668,EMP0422,2026-06-15,4022.59,603.39,201.13,249.4,58.33,0.0,0.0,353.99,0.0,2556.35,True,False,none
PR006669,EMP0422,2026-06-30,4069.75,610.46,203.49,252.32,59.01,0.0,0.0,358.14,0.0,2586.33,True,False,none
PR006670,EMP0422,2026-07-15,4007.36,601.1,200.37,248.46,58.11,0.0,0.0,352.65,0.0,2546.67,True,False,none
PR006671,EMP0422,2026-07-31,4211.47,631.72,210.57,261.11,61.07,0.0,0.0,370.61,0.0,2676.39,True,False,none
PR006672,EMP0422,2026-08-15,4108.8,616.32,205.44,254.75,59.58,0.0,0.0,361.57,0.0,2611.14,True,False,none
PR006673,EMP0422,2026-08-31,4325.7,648.85,216.28,268.19,62.72,0.0,0.0,380.66,0.0,2749.0,True,False,none
PR006674,EMP0423,2026-03-29,2296.52,344.48,137.79,142.38,33.3,13.78,62.01,160.76,0.0,1477.81,True,False,none
PR006675,EMP0423,2026-04-05,2324.88,348.73,139.49,144.14,33.71,13.95,62.77,162.74,0.0,1496.07,True,False,none
PR006676,EMP0423,2026-04-12,2327.12,349.07,139.63,144.28,33.74,13.96,62.83,162.9,0.0,1497.5,True,False,none
PR006677,EMP0423,2026-04-19,2261.98,339.3,135.72,140.24,32.8,0.31,55.39,158.34,0.0,1455.58,True,False,none
PR006678,EMP0423,2026-04-26,2416.85,362.53,145.01,149.84,35.04,0.0,0.0,169.18,0.0,1555.25,True,False,none
PR006679,EMP0423,2026-05-03,2266.37,339.96,135.98,140.51,32.86,0.0,0.0,0.0,0.0,1458.41,True,True,missing_401k
PR006680,EMP0423,2026-05-10,2435.68,365.35,146.14,151.01,35.32,0.0,0.0,170.5,0.0,1567.36,True,False,none
PR006681,EMP0423,2026-05-17,2426.71,364.01,145.6,150.46,35.19,0.0,0.0,169.87,0.0,1561.58,True,False,none
PR006682,EMP0423,2026-05-24,2360.24,354.04,141.61,146.33,34.22,0.0,0.0,165.22,0.0,1518.82,True,False,none
PR006683,EMP0423,2026-05-31,2361.74,354.26,141.7,146.43,34.25,0.0,0.0,165.32,0.0,1519.78,True,False,none
PR006684,EMP0423,2026-06-07,2382.29,357.34,142.94,147.7,34.54,0.0,0.0,166.76,0.0,1533.01,True,False,none
PR006685,EMP0423,2026-06-14,2332.56,349.88,139.95,144.62,33.82,0.0,0.0,163.28,0.0,1501.01,True,False,none
PR006686,EMP0423,2026-06-21,2381.06,357.16,142.86,147.63,34.53,0.0,0.0,166.67,0.0,1532.21,True,False,none
PR006687,EMP0423,2026-06-28,2268.75,340.31,136.12,140.66,32.9,0.0,0.0,158.81,0.0,1459.95,True,False,none
PR006688,EMP0423,2026-07-05,2270.48,340.57,136.23,140.77,32.92,0.0,0.0,158.93,0.0,1461.06,True,False,none
PR006689,EMP0423,2026-07-12,2345.64,351.85,140.74,145.43,34.01,0.0,0.0,164.19,0.0,1509.42,True,False,none
PR006690,EMP0423,2026-07-19,2362.87,354.43,141.77,146.5,34.26,0.0,0.0,165.4,0.0,1520.51,True,False,none
PR006691,EMP0423,2026-07-26,2425.92,363.89,145.56,150.41,35.18,0.0,0.0,169.81,339.62,1561.07,True,True,duplicate_deduction
PR006692,EMP0423,2026-08-02,2279.92,341.99,136.8,141.36,33.06,0.0,0.0,159.59,0.0,1467.12,True,False,none
PR006693,EMP0423,2026-08-09,2413.77,362.07,318.63,149.65,35.0,0.0,0.0,168.96,0.0,1553.26,True,True,tax_miscalculation
PR006694,EMP0423,2026-08-16,2299.56,344.93,137.97,142.57,33.34,0.0,0.0,160.97,0.0,1479.78,True,False,none
PR006695,EMP0423,2026-08-23,2333.87,350.08,140.03,144.7,33.84,0.0,0.0,163.37,0.0,1501.85,True,False,none
PR006696,EMP0423,2026-08-30,2319.43,347.91,139.17,143.8,33.63,0.0,0.0,162.36,0.0,1492.56,True,False,none
PR006697,EMP0423,2026-09-06,2335.0,350.25,308.22,144.77,33.86,0.0,0.0,163.45,0.0,1502.57,True,True,tax_miscalculation
PR006698,EMP0423,2026-09-13,2288.46,343.27,137.31,141.88,33.18,0.0,0.0,160.19,0.0,1472.63,True,False,none
PR006699,EMP0424,2026-03-29,812.54,121.88,40.63,50.38,11.78,4.88,21.94,0.0,0.0,587.87,True,False,none
PR006700,EMP0424,2026-04-05,831.72,124.76,41.59,51.57,12.06,4.99,22.46,0.0,0.0,601.74,True,False,none
PR006701,EMP0424,2026-04-12,808.55,121.28,40.43,50.13,11.72,4.85,21.83,0.0,0.0,584.99,True,False,none
PR006702,EMP0424,2026-04-19,811.71,121.76,40.59,50.33,11.77,4.87,21.92,0.0,0.0,587.26,True,False,none
PR006703,EMP0424,2026-04-26,834.75,125.21,41.74,51.75,12.1,5.01,22.54,0.0,0.0,603.95,True,False,none
PR006704,EMP0424,2026-05-03,825.57,123.84,41.28,51.19,11.97,4.95,22.29,0.0,0.0,597.29,True,False,none
PR006705,EMP0424,2026-05-10,811.7,121.75,40.59,50.33,11.77,4.87,21.92,0.0,0.0,587.26,True,False,none
PR006706,EMP0424,2026-05-17,796.72,119.51,39.84,49.4,11.55,4.78,21.51,0.0,0.0,576.42,True,False,none
PR006707,EMP0424,2026-05-24,837.08,125.56,41.85,51.9,12.14,2.8,22.6,0.0,0.0,605.63,True,False,none
PR006708,EMP0424,2026-05-31,817.27,122.59,40.86,50.67,11.85,0.0,22.07,0.0,0.0,591.3,True,False,none
PR006709,EMP0424,2026-06-07,794.37,119.16,39.72,49.25,11.52,0.0,21.45,0.0,0.0,574.72,True,False,none
PR006710,EMP0424,2026-06-14,797.46,119.62,39.87,49.44,11.56,0.0,0.49,0.0,0.0,576.97,True,False,none
PR006711,EMP0424,2026-06-21,831.82,124.77,41.59,51.57,12.06,0.0,0.0,0.0,0.0,601.83,True,False,none
PR006712,EMP0424,2026-06-28,782.98,117.45,39.15,48.54,11.35,0.0,0.0,0.0,0.0,566.49,True,False,none
PR006713,EMP0424,2026-07-05,843.97,126.6,42.2,52.33,12.24,0.0,0.0,0.0,0.0,610.6,True,False,none
PR006714,EMP0424,2026-07-12,788.53,118.28,39.43,48.89,11.43,0.0,0.0,0.0,0.0,570.5,True,False,none
PR006715,EMP0424,2026-07-19,831.36,124.7,41.57,51.54,12.05,0.0,0.0,0.0,0.0,601.5,True,False,none
PR006716,EMP0424,2026-07-26,805.54,120.83,40.28,49.94,11.68,0.0,0.0,0.0,0.0,582.81,True,False,none
PR006717,EMP0424,2026-08-02,811.81,121.77,40.59,50.33,11.77,0.0,0.0,0.0,0.0,587.35,True,False,none
PR006718,EMP0424,2026-08-09,836.8,125.52,41.84,51.88,12.13,0.0,0.0,0.0,0.0,605.43,True,False,none
PR006719,EMP0424,2026-08-16,806.71,121.01,88.75,50.02,11.7,0.0,0.0,0.0,0.0,583.64,True,True,tax_miscalculation
PR006720,EMP0424,2026-08-23,814.72,122.21,40.74,50.51,11.81,0.0,0.0,0.0,0.0,589.45,True,False,none
PR006721,EMP0424,2026-08-30,783.31,117.5,39.17,48.57,11.36,0.0,0.0,0.0,0.0,566.71,True,False,none
PR006722,EMP0424,2026-09-06,780.29,117.04,39.01,48.38,11.31,0.0,0.0,0.0,0.0,564.55,True,False,none
PR006723,EMP0424,2026-09-13,795.89,119.38,39.79,49.35,11.54,0.0,0.0,0.0,0.0,575.83,True,False,none
PR006724,EMP0425,2026-03-31,3956.63,593.49,197.83,245.31,57.37,23.74,106.83,0.0,0.0,2862.63,True,False,none
PR006725,EMP0425,2026-04-15,3783.81,567.57,189.19,234.6,54.87,18.26,102.16,0.0,0.0,2737.58,True,False,none
PR006726,EMP0425,2026-04-30,3781.49,567.22,189.07,234.45,54.83,0.0,34.01,0.0,0.0,2735.92,True,False,none
PR006727,EMP0425,2026-05-15,3873.32,581.0,193.67,240.15,56.16,0.0,0.0,0.0,0.0,2802.34,True,False,none
PR006728,EMP0425,2026-05-31,3946.51,591.98,197.33,244.68,57.22,0.0,0.0,0.0,0.0,2855.3,True,False,none
PR006729,EMP0425,2026-06-15,3966.36,594.95,198.32,245.91,57.51,0.0,0.0,0.0,0.0,2869.67,True,False,none
PR006730,EMP0425,2026-06-30,3801.48,570.22,190.07,235.69,55.12,0.0,0.0,0.0,0.0,2750.38,True,False,none
PR006731,EMP0425,2026-07-15,3770.93,565.64,188.55,233.8,54.68,0.0,0.0,0.0,0.0,2728.26,True,False,none
PR006732,EMP0425,2026-07-31,4036.9,605.53,201.85,250.29,58.54,0.0,0.0,0.0,0.0,2920.69,True,False,none
PR006733,EMP0425,2026-08-15,3826.88,574.03,191.34,237.27,55.49,0.0,0.0,0.0,0.0,2768.75,True,False,none
PR006734,EMP0425,2026-08-31,4010.01,601.5,200.5,248.62,58.15,0.0,0.0,0.0,0.0,2901.24,True,False,none
PR006735,EMP0426,2026-03-31,4256.46,638.47,0.0,263.9,61.72,25.54,114.92,404.36,0.0,3131.14,True,True,net_pay_mismatch
PR006736,EMP0426,2026-04-15,4028.81,604.32,0.0,249.79,58.42,16.46,108.78,382.74,0.0,2733.54,True,False,none
PR006737,EMP0426,2026-04-30,4242.8,636.42,0.0,263.05,61.52,0.0,19.3,403.07,0.0,2878.74,True,False,none
PR006738,EMP0426,2026-05-15,4225.58,633.84,0.0,261.99,61.27,0.0,0.0,401.43,0.0,2867.05,True,False,none
PR006739,EMP0426,2026-05-31,4169.04,625.36,0.0,258.48,60.45,0.0,0.0,396.06,0.0,2828.69,True,False,none
PR006740,EMP0426,2026-06-15,4083.99,612.6,0.0,253.21,59.22,0.0,0.0,387.98,0.0,2770.98,True,False,none
PR006741,EMP0426,2026-06-30,4059.51,608.93,0.0,251.69,58.86,0.0,0.0,385.65,0.0,2754.38,True,False,none
PR006742,EMP0426,2026-07-15,4013.43,602.01,0.0,248.83,58.19,0.0,0.0,381.28,0.0,2723.12,True,False,none
PR006743,EMP0426,2026-07-31,4140.54,621.08,0.0,256.71,60.04,0.0,0.0,393.35,0.0,2809.36,True,False,none
PR006744,EMP0426,2026-08-15,4165.28,624.79,0.0,258.25,60.4,0.0,0.0,395.7,0.0,2826.14,True,False,none
PR006745,EMP0426,2026-08-31,4091.24,613.69,0.0,253.66,59.32,0.0,0.0,388.67,0.0,2775.9,True,False,none
PR006746,EMP0427,2026-04-05,3131.77,469.77,0.0,194.17,45.41,18.79,84.56,103.35,0.0,2319.07,True,False,none
PR006747,EMP0427,2026-04-19,3103.97,465.6,0.0,192.45,45.01,18.62,83.81,102.43,0.0,2298.48,True,False,none
PR006748,EMP0427,2026-05-03,3172.94,475.94,0.0,196.72,46.01,4.59,74.64,104.71,0.0,2349.56,True,False,none
PR006749,EMP0427,2026-05-17,3237.63,485.64,0.0,200.73,46.95,0.0,0.0,106.84,0.0,2397.47,True,False,none
PR006750,EMP0427,2026-05-31,3054.37,458.16,0.0,189.37,44.29,0.0,0.0,100.79,0.0,2261.76,True,False,none
PR006751,EMP0427,2026-06-14,3108.42,466.26,0.0,192.72,45.07,0.0,0.0,102.58,0.0,2301.79,True,False,none
PR006752,EMP0427,2026-06-28,3048.64,457.3,0.0,189.02,44.21,0.0,0.0,100.61,0.0,2257.5,True,False,none
PR006753,EMP0427,2026-07-12,3168.95,475.34,0.0,196.47,45.95,0.0,0.0,104.58,0.0,2346.61,True,False,none
PR006754,EMP0427,2026-07-26,3194.78,479.22,0.0,198.08,46.32,0.0,0.0,105.43,0.0,2365.73,True,False,none
PR006755,EMP0427,2026-08-09,3245.25,486.79,0.0,201.21,47.06,0.0,0.0,107.09,0.0,2522.82,True,True,net_pay_mismatch
PR006756,EMP0427,2026-08-23,3249.79,487.47,0.0,201.49,47.12,0.0,0.0,107.24,0.0,2406.47,True,False,none
PR006757,EMP0427,2026-09-06,3029.35,454.4,0.0,187.82,43.93,0.0,0.0,99.97,0.0,2243.23,True,False,none
PR006758,EMP0428,2026-04-05,2509.05,376.36,125.45,155.56,36.38,15.05,67.74,0.0,0.0,1815.3,True,False,none
PR006759,EMP0428,2026-04-19,2401.44,360.22,120.07,148.89,34.82,14.41,64.84,0.0,0.0,1737.44,True,False,none
PR006760,EMP0428,2026-05-03,2566.37,384.96,128.32,159.11,37.21,12.54,69.29,0.0,0.0,1856.77,True,False,none
PR006761,EMP0428,2026-05-17,2494.62,374.19,124.73,154.67,36.17,0.0,41.12,0.0,0.0,1804.86,True,False,none
PR006762,EMP0428,2026-05-31,2522.13,378.32,126.11,156.37,36.57,0.0,0.0,0.0,0.0,1824.76,True,False,none
PR006763,EMP0428,2026-06-14,2554.11,383.12,127.71,158.35,37.03,0.0,0.0,0.0,0.0,1847.9,False,True,late_journal_posting
PR006764,EMP0428,2026-06-28,2419.81,362.97,120.99,150.03,35.09,0.0,0.0,0.0,0.0,1750.73,True,False,none
PR006765,EMP0428,2026-07-12,2397.79,359.67,119.89,148.66,34.77,0.0,0.0,0.0,0.0,1734.8,True,False,none
PR006766,EMP0428,2026-07-26,2563.43,384.51,128.17,158.93,37.17,0.0,0.0,0.0,0.0,1854.65,True,False,none
PR006767,EMP0428,2026-08-09,2452.26,367.84,122.61,152.04,35.56,0.0,0.0,0.0,0.0,1774.21,True,False,none
PR006768,EMP0428,2026-08-23,2415.61,362.34,120.78,149.77,35.03,0.0,0.0,0.0,0.0,1747.69,True,False,none
PR006769,EMP0428,2026-09-06,2482.53,372.38,124.13,153.92,36.0,0.0,0.0,0.0,0.0,1796.1,True,False,none
PR006770,EMP0429,2026-03-29,1429.48,214.42,71.47,88.63,20.73,8.58,38.6,121.51,0.0,912.72,True,False,none
PR006771,EMP0429,2026-04-05,1365.74,204.86,68.29,84.68,19.8,8.19,36.87,116.09,0.0,872.02,True,False,none
PR006772,EMP0429,2026-04-12,1393.14,208.97,69.66,86.37,20.2,8.36,37.61,118.42,0.0,889.52,True,False,none
PR006773,EMP0429,2026-04-19,1365.94,204.89,68.3,84.69,19.81,8.2,36.88,116.1,0.0,872.15,True,False,none
PR006774,EMP0429,2026-04-26,1409.48,211.42,70.47,87.39,20.44,8.46,38.06,119.81,0.0,899.95,True,False,none
PR006775,EMP0429,2026-05-03,1462.82,219.42,73.14,90.69,21.21,0.22,39.5,124.34,0.0,934.02,True,False,none
PR006776,EMP0429,2026-05-10,1472.66,220.9,73.63,91.3,21.35,0.0,15.48,125.18,0.0,940.3,True,False,none
PR006777,EMP0429,2026-05-17,1433.83,215.07,71.69,88.9,20.79,0.0,0.0,121.88,0.0,915.5,True,False,none
PR006778,EMP0429,2026-05-24,1380.42,207.06,151.84,85.59,20.02,0.0,0.0,117.34,0.0,881.39,True,True,tax_miscalculation
PR006779,EMP0429,2026-05-31,1464.03,219.6,73.2,90.77,21.23,0.0,0.0,124.44,0.0,934.79,True,False,none
PR006780,EMP0429,2026-06-07,1420.26,213.04,156.22,88.06,20.59,0.0,0.0,120.72,0.0,906.84,True,True,tax_miscalculation
PR006781,EMP0429,2026-06-14,1379.53,206.93,68.98,85.53,20.0,0.0,0.0,117.26,0.0,880.83,True,False,none
PR006782,EMP0429,2026-06-21,1465.82,219.87,73.29,90.88,21.25,0.0,0.0,124.59,0.0,935.94,True,False,none
PR006783,EMP0429,2026-06-28,1447.36,217.1,72.37,89.74,20.99,0.0,0.0,123.03,0.0,924.13,True,False,none
PR006784,EMP0429,2026-07-05,1444.47,216.67,72.22,89.56,20.94,0.0,0.0,122.78,0.0,922.3,True,False,none
PR006785,EMP0429,2026-07-12,1441.94,216.29,72.1,89.4,20.91,0.0,0.0,122.56,0.0,920.68,True,False,none
PR006786,EMP0429,2026-07-19,1384.77,207.72,69.24,85.86,20.08,0.0,0.0,117.71,0.0,884.16,True,False,none
PR006787,EMP0429,2026-07-26,1385.97,207.9,69.3,85.93,20.1,0.0,0.0,117.81,0.0,884.93,True,False,none
PR006788,EMP0429,2026-08-02,1439.59,215.94,71.98,89.25,20.87,0.0,0.0,122.37,0.0,919.18,True,False,none
PR006789,EMP0429,2026-08-09,1386.94,208.04,69.35,85.99,20.11,0.0,0.0,117.89,0.0,885.56,True,False,none
PR006790,EMP0429,2026-08-16,1411.54,211.73,70.58,87.52,20.47,0.0,0.0,119.98,0.0,901.26,True,False,none
PR006791,EMP0429,2026-08-23,1450.12,217.52,72.51,89.91,21.03,0.0,0.0,123.26,0.0,925.89,True,False,none
PR006792,EMP0429,2026-08-30,1450.34,217.55,72.52,89.92,21.03,0.0,0.0,123.28,0.0,926.04,True,False,none
PR006793,EMP0429,2026-09-06,1413.18,211.98,70.66,87.62,20.49,0.0,0.0,120.12,0.0,902.31,True,False,none
PR006794,EMP0429,2026-09-13,1451.26,217.69,159.63,89.98,21.04,0.0,0.0,123.36,0.0,926.63,True,True,tax_miscalculation
PR006795,EMP0430,2026-03-31,4169.88,625.48,0.0,258.53,60.46,25.02,112.59,233.51,0.0,2991.9,True,False,none
PR006796,EMP0430,2026-04-15,4110.74,616.61,0.0,254.87,59.61,16.98,110.99,230.2,0.0,2949.45,True,False,none
PR006797,EMP0430,2026-04-30,3973.6,596.04,0.0,246.36,57.62,0.0,19.42,222.52,0.0,2851.06,True,False,none
PR006798,EMP0430,2026-05-15,3988.26,598.24,0.0,247.27,57.83,0.0,0.0,223.34,0.0,2861.58,True,False,none
PR006799,EMP0430,2026-05-31,4001.4,600.21,0.0,248.09,58.02,0.0,0.0,224.08,0.0,2871.0,True,False,none
PR006800,EMP0430,2026-06-15,3937.7,590.65,0.0,244.14,57.1,0.0,0.0,220.51,0.0,2825.3,True,False,none
PR006801,EMP0430,2026-06-30,3987.99,598.2,0.0,247.26,57.83,0.0,0.0,223.33,0.0,2861.37,True,False,none
PR006802,EMP0430,2026-07-15,3967.52,595.13,0.0,245.99,57.53,0.0,0.0,222.18,0.0,2846.69,True,False,none
PR006803,EMP0430,2026-07-31,4046.59,606.99,0.0,250.89,58.68,0.0,0.0,226.61,0.0,2903.42,True,False,none
PR006804,EMP0430,2026-08-15,4192.33,628.85,0.0,259.92,60.79,0.0,0.0,234.77,0.0,3008.0,True,False,none
PR006805,EMP0430,2026-08-31,3933.73,590.06,0.0,243.89,57.04,0.0,0.0,220.29,0.0,2822.45,True,False,none
PR006806,EMP0431,2026-03-31,6143.3,921.5,368.6,380.88,89.08,36.86,165.87,497.61,0.0,3885.63,True,False,none
PR006807,EMP0431,2026-04-15,6127.53,919.13,367.65,379.91,88.85,5.14,77.13,496.33,0.0,3875.66,True,False,none
PR006808,EMP0431,2026-04-30,5844.63,876.69,350.68,362.37,84.75,0.0,0.0,473.42,0.0,3696.72,True,False,none
PR006809,EMP0431,2026-05-15,6240.05,936.01,374.4,386.88,90.48,0.0,0.0,505.44,0.0,3946.84,True,False,none
PR006810,EMP0431,2026-05-31,6070.7,910.6,364.24,376.38,88.03,0.0,0.0,491.73,0.0,3839.72,True,False,none
PR006811,EMP0431,2026-06-15,5972.78,895.92,358.37,370.31,86.61,0.0,0.0,483.8,0.0,3777.77,True,False,none
PR006812,EMP0431,2026-06-30,6160.65,924.1,369.64,381.96,89.33,0.0,0.0,499.01,0.0,3896.61,True,False,none
PR006813,EMP0431,2026-07-15,5921.92,888.29,355.32,367.16,85.87,0.0,0.0,479.68,0.0,3745.6,True,False,none
PR006814,EMP0431,2026-07-31,6130.5,919.57,367.83,380.09,88.89,0.0,0.0,496.57,0.0,3877.55,True,False,none
PR006815,EMP0431,2026-08-15,5817.82,872.67,349.07,360.7,84.36,0.0,0.0,471.24,0.0,3679.78,True,False,none
PR006816,EMP0431,2026-08-31,6200.28,930.04,372.02,384.42,89.9,0.0,0.0,502.22,0.0,3921.68,True,False,none
PR006817,EMP0432,2026-04-05,2275.03,341.25,113.75,141.05,32.99,13.65,61.43,68.25,0.0,1577.74,True,False,none
PR006818,EMP0432,2026-04-19,2309.15,346.37,115.46,143.17,33.48,13.85,62.35,69.27,0.0,1601.4,True,False,none
PR006819,EMP0432,2026-05-03,2233.97,335.1,111.7,138.51,32.39,13.4,60.32,67.02,0.0,1549.25,True,False,none
PR006820,EMP0432,2026-05-17,2316.45,347.47,115.82,143.62,33.59,1.09,58.91,69.49,0.0,1606.46,True,False,none
PR006821,EMP0432,2026-05-31,2333.67,350.05,116.68,144.69,33.84,0.0,0.0,70.01,0.0,1618.4,True,False,none
PR006822,EMP0432,2026-06-14,2279.56,341.93,113.98,141.33,33.05,0.0,0.0,68.39,0.0,1580.88,True,False,none
PR006823,EMP0432,2026-06-28,2305.71,345.86,115.29,142.95,33.43,0.0,0.0,69.17,0.0,1599.01,True,False,none
PR006824,EMP0432,2026-07-12,2276.51,341.48,113.83,141.14,33.01,0.0,0.0,68.3,0.0,1578.75,True,False,none
PR006825,EMP0432,2026-07-26,2355.72,353.36,117.79,146.05,34.16,0.0,0.0,70.67,0.0,1633.69,True,False,none
PR006826,EMP0432,2026-08-09,2284.03,342.6,114.2,141.61,33.12,0.0,0.0,68.52,0.0,1583.98,True,False,none
PR006827,EMP0432,2026-08-23,2346.26,351.94,117.31,145.47,34.02,0.0,0.0,70.39,0.0,1627.13,True,False,none
PR006828,EMP0432,2026-09-06,2338.94,350.84,116.95,145.01,33.91,0.0,0.0,70.17,0.0,1622.06,True,False,none
PR006829,EMP0433,2026-04-05,1900.5,285.07,95.03,117.83,27.56,11.4,51.31,85.52,0.0,1289.49,True,False,none
PR006830,EMP0433,2026-04-19,1873.15,280.97,93.66,116.14,27.16,11.24,50.58,84.29,0.0,1270.93,True,True,wage_base_cap_error
PR006831,EMP0433,2026-05-03,1899.83,284.97,94.99,117.79,27.55,11.4,51.3,85.49,0.0,1289.04,True,False,none
PR006832,EMP0433,2026-05-17,1963.53,294.53,98.18,121.74,28.47,7.96,53.02,88.36,0.0,1332.25,True,False,none
PR006833,EMP0433,2026-05-31,1872.78,280.92,93.64,116.11,27.16,0.0,36.8,84.28,0.0,1270.67,True,False,none
PR006834,EMP0433,2026-06-14,1917.77,287.67,95.89,118.9,27.81,0.0,0.0,86.3,0.0,1301.2,True,False,none
PR006835,EMP0433,2026-06-28,1960.48,294.07,98.02,121.55,28.43,0.0,0.0,88.22,0.0,1330.19,True,False,none
PR006836,EMP0433,2026-07-12,1891.86,283.78,94.59,117.3,27.43,0.0,0.0,85.13,0.0,1283.63,True,False,none
PR006837,EMP0433,2026-07-26,1935.63,290.34,96.78,120.01,28.07,0.0,0.0,87.1,0.0,1313.33,True,False,none
PR006838,EMP0433,2026-08-09,1875.5,281.32,93.78,116.28,27.19,0.0,0.0,84.4,0.0,1272.53,True,False,none
PR006839,EMP0433,2026-08-23,1854.83,278.22,92.74,115.0,26.9,0.0,0.0,83.47,0.0,1258.5,True,False,none
PR006840,EMP0433,2026-09-06,1958.7,293.81,97.94,121.44,28.4,0.0,0.0,88.14,0.0,1328.97,True,False,none
PR006841,EMP0434,2026-03-29,943.26,141.49,28.3,58.48,13.68,5.66,25.47,36.79,0.0,664.52,True,False,none
PR006842,EMP0434,2026-04-05,956.56,143.48,28.7,59.31,13.87,5.74,25.83,37.31,0.0,673.89,True,False,none
PR006843,EMP0434,2026-04-12,1001.61,150.24,30.05,62.1,14.52,6.01,27.04,39.06,0.0,705.64,True,False,none
PR006844,EMP0434,2026-04-19,962.36,144.35,28.87,59.67,13.95,5.77,25.98,37.53,0.0,677.99,True,True,wage_base_cap_error
PR006845,EMP0434,2026-04-26,1010.71,151.61,30.32,62.66,14.66,6.06,27.29,39.42,0.0,712.04,True,False,none
PR006846,EMP0434,2026-05-03,1011.22,151.68,30.34,62.7,14.66,6.07,27.3,39.44,0.0,712.4,True,False,none
PR006847,EMP0434,2026-05-10,956.32,143.45,28.69,59.29,13.87,5.74,25.82,37.3,0.0,673.72,True,False,none
PR006848,EMP0434,2026-05-17,938.78,140.82,28.16,58.2,13.61,0.95,25.35,36.61,0.0,661.38,True,False,none
PR006849,EMP0434,2026-05-24,990.03,148.5,29.7,61.38,14.36,0.0,26.73,38.61,0.0,697.48,True,False,none
PR006850,EMP0434,2026-05-31,970.42,145.56,29.11,60.17,14.07,0.0,6.19,37.85,0.0,683.66,True,False,none
PR006851,EMP0434,2026-06-07,943.4,141.51,28.3,58.49,13.68,0.0,0.0,36.79,0.0,664.63,True,False,none
PR006852,EMP0434,2026-06-14,990.22,148.53,29.71,61.39,14.36,0.0,0.0,38.62,0.0,697.61,True,False,none
PR006853,EMP0434,2026-06-21,938.03,140.7,28.14,58.16,13.6,0.0,0.0,36.58,0.0,660.85,True,False,none
PR006854,EMP0434,2026-06-28,1002.77,150.42,30.08,62.17,14.54,0.0,0.0,39.11,0.0,706.45,True,False,none
PR006855,EMP0434,2026-07-05,946.32,141.95,28.39,58.67,13.72,0.0,0.0,36.91,0.0,666.68,True,False,none
PR006856,EMP0434,2026-07-12,945.44,141.82,28.36,58.62,13.71,0.0,0.0,36.87,0.0,666.06,True,False,none
PR006857,EMP0434,2026-07-19,949.18,142.38,28.48,58.85,13.76,0.0,0.0,37.02,0.0,668.69,True,False,none
PR006858,EMP0434,2026-07-26,1009.72,151.46,30.29,62.6,14.64,0.0,0.0,39.38,0.0,711.35,True,False,none
PR006859,EMP0434,2026-08-02,989.11,148.37,29.67,61.32,14.34,0.0,0.0,38.58,0.0,696.83,True,False,none
PR006860,EMP0434,2026-08-09,997.46,149.62,29.92,61.84,14.46,0.0,0.0,38.9,0.0,702.72,True,False,none
PR006861,EMP0434,2026-08-16,966.3,144.94,28.99,59.91,14.01,0.0,0.0,37.69,0.0,680.76,True,False,none
PR006862,EMP0434,2026-08-23,961.57,144.24,28.85,59.62,13.94,0.0,0.0,37.5,0.0,677.42,True,False,none
PR006863,EMP0434,2026-08-30,953.71,143.06,28.61,59.13,13.83,0.0,0.0,37.19,0.0,671.89,True,False,none
PR006864,EMP0434,2026-09-06,972.71,145.91,29.18,60.31,14.1,0.0,0.0,37.94,0.0,685.27,True,False,none
PR006865,EMP0434,2026-09-13,978.2,146.73,29.35,60.65,14.18,0.0,0.0,38.15,0.0,689.14,True,False,none
PR006866,EMP0435,2026-03-29,1260.29,189.04,63.01,78.14,18.27,7.56,34.03,0.0,289.95,621.88,True,False,none
PR006867,EMP0435,2026-04-05,1291.59,193.74,64.58,80.08,18.73,7.75,34.87,0.0,262.86,671.6,True,False,none
PR006868,EMP0435,2026-04-12,1293.27,193.99,64.66,80.18,18.75,7.76,34.92,0.0,202.33,733.36,True,False,none
PR006869,EMP0435,2026-04-19,1245.4,186.81,62.27,77.21,18.06,7.47,33.63,0.0,315.38,585.67,True,False,none
PR006870,EMP0435,2026-04-26,1242.24,186.34,62.11,77.02,18.01,7.45,33.54,0.0,404.15,494.61,True,False,none
PR006871,EMP0435,2026-05-03,1240.9,186.14,62.05,76.94,17.99,4.0,33.5,0.0,344.96,552.82,True,False,none
PR006872,EMP0435,2026-05-10,1270.26,190.54,63.51,78.76,18.42,0.0,34.3,0.0,457.74,461.29,True,False,none
PR006873,EMP0435,2026-05-17,1280.19,192.03,64.01,79.37,18.56,0.0,4.21,0.0,291.74,634.48,True,False,none
PR006874,EMP0435,2026-05-24,1258.09,188.71,62.9,78.0,18.24,0.0,0.0,0.0,414.87,495.37,True,False,none
PR006875,EMP0435,2026-05-31,1234.4,185.16,61.72,76.53,17.9,0.0,0.0,0.0,369.87,523.22,True,False,none
PR006876,EMP0435,2026-06-07,1228.87,184.33,61.44,76.19,17.82,0.0,0.0,0.0,239.68,649.41,True,False,none
PR006877,EMP0435,2026-06-14,1218.99,182.85,60.95,75.58,17.68,0.0,0.0,0.0,224.29,657.64,True,False,none
PR006878,EMP0435,2026-06-21,1265.35,189.8,63.27,78.45,18.35,0.0,0.0,0.0,446.3,469.18,True,False,none
PR006879,EMP0435,2026-06-28,1291.78,193.77,64.59,80.09,18.73,0.0,0.0,0.0,482.69,451.91,True,False,none
PR006880,EMP0435,2026-07-05,1203.01,180.45,60.15,74.59,17.44,0.0,0.0,0.0,506.02,364.36,True,False,none
PR006881,EMP0435,2026-07-12,1283.1,192.46,64.16,79.55,18.6,0.0,0.0,0.0,367.8,757.0,True,True,net_pay_mismatch
PR006882,EMP0435,2026-07-19,1294.3,194.14,64.72,80.25,18.77,0.0,0.0,0.0,406.0,530.42,True,False,none
PR006883,EMP0435,2026-07-26,1287.31,193.1,64.37,79.81,18.67,0.0,0.0,0.0,228.07,703.29,True,False,none
PR006884,EMP0435,2026-08-02,1216.75,182.51,60.84,75.44,17.64,0.0,0.0,0.0,347.83,532.49,True,False,none
PR006885,EMP0435,2026-08-09,1255.64,188.35,62.78,77.85,18.21,0.0,0.0,0.0,502.21,406.24,True,False,none
PR006886,EMP0435,2026-08-16,1295.5,194.32,64.78,80.32,18.78,0.0,0.0,0.0,349.91,587.39,True,False,none
PR006887,EMP0435,2026-08-23,1202.56,180.38,60.13,74.56,17.44,0.0,0.0,0.0,475.48,394.57,True,False,none
PR006888,EMP0435,2026-08-30,1257.58,188.64,62.88,77.97,18.23,0.0,0.0,0.0,266.94,642.92,True,False,none
PR006889,EMP0435,2026-09-06,1246.76,187.01,62.34,77.3,18.08,0.0,0.0,0.0,470.65,431.38,True,False,none
PR006890,EMP0435,2026-09-13,1273.98,191.1,63.7,78.99,18.47,0.0,0.0,0.0,386.97,534.75,True,False,none
PR006891,EMP0436,2026-03-29,986.6,147.99,49.33,61.17,14.31,5.92,26.64,0.0,0.0,713.8,True,False,none
PR006892,EMP0436,2026-04-05,1039.66,155.95,51.98,64.46,15.08,6.24,28.07,0.0,0.0,752.19,True,False,none
PR006893,EMP0436,2026-04-12,1015.03,152.25,50.75,62.93,14.72,6.09,27.41,0.0,0.0,734.38,True,False,none
PR006894,EMP0436,2026-04-19,994.78,149.22,49.74,61.68,14.42,5.97,26.86,0.0,0.0,719.72,True,False,none
PR006895,EMP0436,2026-04-26,984.64,236.32,49.23,61.05,14.28,5.91,26.59,0.0,0.0,712.38,True,True,tax_miscalculation
PR006896,EMP0436,2026-05-03,1020.4,153.06,51.02,63.26,14.8,6.12,27.55,0.0,0.0,738.26,True,False,none
PR006897,EMP0436,2026-05-10,981.6,147.24,49.08,60.86,14.23,5.75,26.5,0.0,0.0,710.19,True,False,none
PR006898,EMP0436,2026-05-17,976.0,146.4,48.8,60.51,14.15,0.0,26.35,0.0,0.0,706.14,True,False,none
PR006899,EMP0436,2026-05-24,1004.43,150.66,50.22,62.27,14.56,0.0,27.03,0.0,0.0,726.72,True,False,none
PR006900,EMP0436,2026-05-31,985.39,147.81,49.27,61.09,14.29,0.0,0.0,0.0,0.0,712.93,True,False,none
PR006901,EMP0436,2026-06-07,1012.29,151.84,50.61,62.76,14.68,0.0,0.0,0.0,0.0,732.4,True,False,none
PR006902,EMP0436,2026-06-14,971.74,145.76,48.59,60.25,14.09,0.0,0.0,0.0,0.0,703.05,True,False,none
PR006903,EMP0436,2026-06-21,1014.36,152.15,50.72,62.89,14.71,0.0,0.0,0.0,0.0,733.89,True,False,none
PR006904,EMP0436,2026-06-28,984.86,147.73,49.24,61.06,14.28,0.0,0.0,0.0,0.0,712.55,True,False,none
PR006905,EMP0436,2026-07-05,962.39,144.36,48.12,59.67,13.95,0.0,0.0,0.0,0.0,696.29,True,False,none
PR006906,EMP0436,2026-07-12,972.45,145.87,48.62,60.29,14.1,0.0,0.0,0.0,0.0,703.57,True,False,none
PR006907,EMP0436,2026-07-19,1036.48,155.47,51.82,64.26,15.03,0.0,0.0,0.0,0.0,749.9,True,False,none
PR006908,EMP0436,2026-07-26,1031.22,154.68,51.56,63.94,14.95,0.0,0.0,0.0,0.0,746.09,True,False,none
PR006909,EMP0436,2026-08-02,980.92,147.14,49.05,60.82,14.22,0.0,0.0,0.0,0.0,709.69,True,False,none
PR006910,EMP0436,2026-08-09,1024.15,153.62,51.21,63.5,14.85,0.0,0.0,0.0,0.0,740.97,True,False,none
PR006911,EMP0436,2026-08-16,1010.68,151.6,50.53,62.66,14.65,0.0,0.0,0.0,0.0,731.24,True,False,none
PR006912,EMP0436,2026-08-23,1039.44,155.92,51.97,64.45,15.07,0.0,0.0,0.0,0.0,752.03,True,True,duplicate_deduction
PR006913,EMP0436,2026-08-30,992.03,148.8,49.6,61.51,14.38,0.0,0.0,0.0,0.0,717.74,True,False,none
PR006914,EMP0436,2026-09-06,1016.46,152.47,50.82,63.02,14.74,0.0,0.0,0.0,0.0,735.41,True,False,none
PR006915,EMP0436,2026-09-13,967.42,145.11,48.37,59.98,14.03,0.0,0.0,0.0,0.0,699.93,True,False,none
PR006916,EMP0437,2026-03-29,2568.48,385.27,0.0,159.25,37.24,15.41,69.35,71.92,0.0,1914.8,False,True,late_journal_posting
PR006917,EMP0437,2026-04-05,2684.91,402.74,0.0,166.46,38.93,16.11,72.49,75.18,0.0,2001.6,True,False,none
PR006918,EMP0437,2026-04-12,2597.76,389.66,0.0,161.06,37.67,10.48,70.14,72.74,0.0,1936.63,True,False,none
PR006919,EMP0437,2026-04-19,2546.25,381.94,0.0,157.87,36.92,0.0,31.02,71.3,0.0,1898.22,True,True,tax_miscalculation
PR006920,EMP0437,2026-04-26,2511.87,376.78,0.0,155.74,36.42,0.0,0.0,70.33,0.0,1872.6,True,False,none
PR006921,EMP0437,2026-05-03,2631.52,394.73,0.0,163.15,38.16,0.0,0.0,73.68,0.0,1961.8,True,False,none
PR006922,EMP0437,2026-05-10,2619.48,392.92,0.0,162.41,37.98,0.0,0.0,73.35,0.0,1952.82,True,False,none
PR006923,EMP0437,2026-05-17,2563.91,384.59,0.0,158.96,37.18,0.0,0.0,71.79,0.0,1911.39,True,False,none
PR006924,EMP0437,2026-05-24,2682.27,402.34,0.0,166.3,38.89,0.0,0.0,75.1,0.0,1999.64,True,False,none
PR006925,EMP0437,2026-05-31,2491.76,373.76,0.0,154.49,36.13,0.0,0.0,69.77,0.0,1857.61,True,False,none
PR006926,EMP0437,2026-06-07,2549.5,382.43,0.0,158.07,36.97,0.0,0.0,71.39,0.0,1900.64,True,False,none
PR006927,EMP0437,2026-06-14,2676.14,401.42,0.0,165.92,38.8,0.0,0.0,74.93,0.0,1995.07,True,False,none
PR006928,EMP0437,2026-06-21,2553.03,382.95,0.0,158.29,37.02,0.0,0.0,71.48,0.0,1903.29,True,False,none
PR006929,EMP0437,2026-06-28,2538.95,380.84,0.0,157.41,36.81,0.0,0.0,71.09,0.0,1892.8,True,False,none
PR006930,EMP0437,2026-07-05,2596.79,389.52,0.0,161.0,37.65,0.0,0.0,72.71,0.0,1935.91,True,False,none
PR006931,EMP0437,2026-07-12,2656.19,398.43,0.0,164.68,38.51,0.0,0.0,74.37,0.0,1980.2,True,False,none
PR006932,EMP0437,2026-07-19,2508.36,376.25,0.0,155.52,36.37,0.0,0.0,70.23,0.0,1869.99,True,False,none
PR006933,EMP0437,2026-07-26,2680.64,402.1,0.0,166.2,38.87,0.0,0.0,75.06,0.0,1998.41,True,False,none
PR006934,EMP0437,2026-08-02,2650.29,397.54,0.0,164.32,38.43,0.0,0.0,74.21,0.0,1975.79,True,False,none
PR006935,EMP0437,2026-08-09,2524.38,378.66,0.0,156.51,36.6,0.0,0.0,70.68,0.0,1881.93,True,False,none
PR006936,EMP0437,2026-08-16,2633.26,394.99,0.0,163.26,38.18,0.0,0.0,73.73,0.0,1963.1,True,False,none
PR006937,EMP0437,2026-08-23,2566.17,384.93,0.0,159.1,37.21,0.0,0.0,71.85,0.0,1913.08,True,False,none
PR006938,EMP0437,2026-08-30,2569.72,385.46,0.0,159.32,37.26,0.0,0.0,71.95,0.0,1915.73,True,False,none
PR006939,EMP0437,2026-09-06,2647.88,397.18,0.0,164.17,38.39,0.0,0.0,74.14,0.0,1974.0,True,False,none
PR006940,EMP0437,2026-09-13,2684.7,402.7,0.0,166.45,38.93,0.0,0.0,75.17,0.0,2001.45,True,False,none
PR006941,EMP0438,2026-04-05,3440.63,516.09,0.0,213.32,49.89,20.64,92.9,209.88,0.0,2451.45,True,False,none
PR006942,EMP0438,2026-04-19,3523.19,528.48,0.0,218.44,51.09,21.14,95.13,214.91,0.0,2510.27,True,False,none
PR006943,EMP0438,2026-05-03,3540.13,531.02,0.0,219.49,51.33,0.22,54.98,215.95,0.0,2522.34,True,False,none
PR006944,EMP0438,2026-05-17,3510.74,526.61,0.0,217.67,50.91,0.0,0.0,214.16,0.0,2501.39,True,False,none
PR006945,EMP0438,2026-05-31,3507.06,526.06,0.0,217.44,50.85,0.0,0.0,213.93,0.0,2498.78,True,False,none
PR006946,EMP0438,2026-06-14,3419.74,512.96,0.0,212.02,49.59,0.0,0.0,208.6,0.0,2436.57,True,False,none
PR006947,EMP0438,2026-06-28,3597.59,539.64,0.0,223.05,52.17,0.0,0.0,219.45,0.0,2563.28,True,False,none
PR006948,EMP0438,2026-07-12,3527.57,529.14,0.0,218.71,51.15,0.0,0.0,215.18,0.0,2513.39,True,False,none
PR006949,EMP0438,2026-07-26,3459.77,518.97,0.0,214.51,50.17,0.0,0.0,211.05,0.0,2465.07,True,False,none
PR006950,EMP0438,2026-08-09,3634.23,545.13,0.0,225.32,52.7,0.0,0.0,221.69,0.0,2589.39,True,False,none
PR006951,EMP0438,2026-08-23,3630.45,544.57,0.0,225.09,52.64,0.0,0.0,221.46,0.0,2586.69,True,False,none
PR006952,EMP0438,2026-09-06,3541.66,531.25,0.0,219.58,51.35,0.0,0.0,216.04,0.0,2523.44,True,False,none
PR006953,EMP0439,2026-03-29,2733.33,410.0,0.0,169.47,39.63,16.4,73.8,0.0,0.0,2114.23,True,False,none
PR006954,EMP0439,2026-04-05,2808.05,421.21,0.0,174.1,40.72,16.85,75.82,0.0,0.0,2172.02,True,False,none
PR006955,EMP0439,2026-04-12,2731.06,409.66,0.0,169.33,39.6,8.75,73.74,0.0,0.0,2112.47,True,False,none
PR006956,EMP0439,2026-04-19,2719.59,407.94,0.0,168.61,39.43,0.0,19.64,0.0,0.0,2103.61,True,False,none
PR006957,EMP0439,2026-04-26,2828.39,424.26,0.0,175.36,41.01,0.0,0.0,0.0,0.0,2187.76,True,True,wage_base_cap_error
PR006958,EMP0439,2026-05-03,2676.54,401.48,0.0,165.95,38.81,0.0,0.0,0.0,0.0,2070.3,True,False,none
PR006959,EMP0439,2026-05-10,2688.51,403.28,0.0,166.69,38.98,0.0,0.0,0.0,0.0,2079.56,True,False,none
PR006960,EMP0439,2026-05-17,2669.16,400.37,0.0,165.49,38.7,0.0,0.0,0.0,0.0,2064.6,True,False,none
PR006961,EMP0439,2026-05-24,2701.31,405.2,0.0,167.48,39.17,0.0,0.0,0.0,0.0,2089.46,True,False,none
PR006962,EMP0439,2026-05-31,2682.84,402.43,0.0,166.34,38.9,0.0,0.0,0.0,0.0,2075.17,True,False,none
PR006963,EMP0439,2026-06-07,2886.75,433.01,0.0,178.98,41.86,0.0,0.0,0.0,0.0,2232.9,True,False,none
PR006964,EMP0439,2026-06-14,2731.21,409.68,0.0,169.34,39.6,0.0,0.0,0.0,0.0,2112.59,True,False,none
PR006965,EMP0439,2026-06-21,2700.5,405.07,0.0,167.43,39.16,0.0,0.0,0.0,0.0,2088.84,True,False,none
PR006966,EMP0439,2026-06-28,2720.69,408.1,0.0,168.68,39.45,0.0,0.0,0.0,0.0,2104.46,True,False,none
PR006967,EMP0439,2026-07-05,2873.62,431.04,0.0,178.16,41.67,0.0,0.0,0.0,0.0,2222.75,True,False,none
PR006968,EMP0439,2026-07-12,2782.11,417.32,0.0,172.49,40.34,0.0,0.0,0.0,0.0,2151.96,True,False,none
PR006969,EMP0439,2026-07-19,2747.93,412.19,0.0,170.37,39.84,0.0,0.0,0.0,0.0,2125.53,True,False,none
PR006970,EMP0439,2026-07-26,2859.82,428.97,0.0,177.31,41.47,0.0,0.0,0.0,0.0,2212.07,True,False,none
PR006971,EMP0439,2026-08-02,2754.57,413.19,0.0,170.78,39.94,0.0,0.0,0.0,0.0,2130.66,True,False,none
PR006972,EMP0439,2026-08-09,2741.37,411.21,0.0,169.96,39.75,0.0,0.0,0.0,0.0,2120.45,True,False,none
PR006973,EMP0439,2026-08-16,2713.27,406.99,0.0,168.22,39.34,0.0,0.0,0.0,0.0,2098.72,True,False,none
PR006974,EMP0439,2026-08-23,2750.78,412.62,0.0,170.55,39.89,0.0,0.0,0.0,0.0,2127.72,True,False,none
PR006975,EMP0439,2026-08-30,2737.34,410.6,0.0,169.72,39.69,0.0,0.0,0.0,0.0,2117.33,True,False,none
PR006976,EMP0439,2026-09-06,2816.68,422.5,0.0,174.63,40.84,0.0,0.0,0.0,0.0,2178.71,False,True,late_journal_posting
PR006977,EMP0439,2026-09-13,2731.38,409.71,0.0,169.35,39.61,0.0,0.0,0.0,0.0,2112.71,True,False,none
PR006978,EMP0440,2026-03-31,1890.95,283.64,75.64,117.24,27.42,11.35,51.06,113.46,329.66,943.89,True,False,none
PR006979,EMP0440,2026-04-15,1833.5,275.02,73.34,113.68,26.59,11.0,49.5,110.01,512.54,722.32,True,False,none
PR006980,EMP0440,2026-04-30,1944.51,291.68,77.78,120.56,28.2,11.67,52.5,116.67,525.51,784.11,True,False,none
PR006981,EMP0440,2026-05-15,1903.88,285.58,76.16,118.04,27.61,7.99,51.4,114.23,442.88,839.38,True,False,none
PR006982,EMP0440,2026-05-31,1823.94,273.59,72.96,113.08,26.45,0.0,38.53,109.44,313.84,914.58,True,False,none
PR006983,EMP0440,2026-06-15,1850.49,277.57,74.02,114.73,26.83,0.0,0.0,111.03,374.92,871.39,True,False,none
PR006984,EMP0440,2026-06-30,1830.93,274.64,73.24,113.52,26.55,0.0,0.0,109.86,711.13,521.99,True,False,none
PR006985,EMP0440,2026-07-15,1807.38,271.11,72.3,112.06,26.21,0.0,0.0,108.44,588.98,628.28,True,False,none
PR006986,EMP0440,2026-07-31,1861.51,279.23,74.46,115.41,26.99,0.0,0.0,111.69,577.23,676.5,True,False,none
PR006987,EMP0440,2026-08-15,1888.81,283.32,75.55,117.11,27.39,0.0,0.0,113.33,473.29,798.82,True,False,none
PR006988,EMP0440,2026-08-31,1848.96,277.34,73.96,114.64,26.81,0.0,0.0,110.94,702.56,542.71,True,False,none
PR006989,EMP0441,2026-03-29,2830.19,424.53,0.0,175.47,41.04,16.98,76.42,302.83,0.0,1886.32,True,False,none
PR006990,EMP0441,2026-04-05,2682.39,402.36,0.0,166.31,38.89,16.09,72.42,287.02,0.0,1787.81,True,False,none
PR006991,EMP0441,2026-04-12,2661.71,399.26,0.0,165.03,38.59,8.92,71.87,284.8,0.0,1774.03,True,False,none
PR006992,EMP0441,2026-04-19,2835.97,425.4,0.0,175.83,41.12,0.0,22.29,303.45,0.0,1890.17,True,False,none
PR006993,EMP0441,2026-04-26,2716.65,407.5,0.0,168.43,39.39,0.0,0.0,290.68,0.0,1810.65,True,False,none
PR006994,EMP0441,2026-05-03,2760.52,414.08,0.0,171.15,40.03,0.0,0.0,295.38,0.0,1839.88,True,False,none
PR006995,EMP0441,2026-05-10,2718.75,407.81,0.0,168.56,39.42,0.0,0.0,290.91,0.0,1812.05,True,False,none
PR006996,EMP0441,2026-05-17,2667.85,400.18,0.0,165.41,38.68,0.0,0.0,285.46,0.0,1778.12,True,False,none
PR006997,EMP0441,2026-05-24,2768.79,415.32,0.0,171.66,40.15,0.0,0.0,296.26,0.0,1845.4,True,False,none
PR006998,EMP0441,2026-05-31,2754.81,413.22,0.0,170.8,39.94,0.0,0.0,294.76,0.0,1836.09,True,False,none
PR006999,EMP0441,2026-06-07,2684.66,402.7,0.0,166.45,38.93,0.0,0.0,287.26,0.0,1789.32,True,False,none
PR007000,EMP0441,2026-06-14,2738.86,410.83,0.0,169.81,39.71,0.0,0.0,293.06,0.0,1825.45,True,False,none
PR007001,EMP0441,2026-06-21,2814.01,422.1,0.0,174.47,40.8,0.0,0.0,301.1,0.0,1875.54,True,False,none
PR007002,EMP0441,2026-06-28,2769.03,415.35,0.0,171.68,40.15,0.0,0.0,296.29,0.0,1845.56,True,False,none
PR007003,EMP0441,2026-07-05,2661.56,399.23,0.0,165.02,38.59,0.0,0.0,284.79,0.0,1773.93,True,False,none
PR007004,EMP0441,2026-07-12,2759.8,413.97,0.0,171.11,40.02,0.0,0.0,295.3,0.0,1839.4,True,False,none
PR007005,EMP0441,2026-07-19,2793.49,419.02,0.0,173.2,40.51,0.0,0.0,298.9,0.0,1861.86,True,False,none
PR007006,EMP0441,2026-07-26,2813.08,421.96,0.0,174.41,40.79,0.0,0.0,301.0,0.0,1874.92,True,False,none
PR007007,EMP0441,2026-08-02,2777.46,416.62,0.0,172.2,40.27,0.0,0.0,297.19,0.0,1851.18,True,False,none
PR007008,EMP0441,2026-08-09,2673.7,401.05,0.0,165.77,38.77,0.0,0.0,286.09,0.0,1782.02,True,False,none
PR007009,EMP0441,2026-08-16,2795.11,419.27,0.0,173.3,40.53,0.0,0.0,299.08,0.0,1862.93,True,False,none
PR007010,EMP0441,2026-08-23,2787.96,418.19,0.0,172.85,40.43,0.0,0.0,298.31,0.0,1858.18,True,False,none
PR007011,EMP0441,2026-08-30,2645.77,396.87,0.0,164.04,38.36,0.0,0.0,283.1,0.0,1763.4,True,False,none
PR007012,EMP0441,2026-09-06,2730.12,409.52,0.0,169.27,39.59,0.0,0.0,292.12,0.0,1819.62,True,False,none
PR007013,EMP0441,2026-09-13,2712.96,406.94,0.0,168.2,39.34,0.0,0.0,290.29,0.0,1808.19,True,False,none
PR007014,EMP0442,2026-04-05,4894.52,734.18,244.73,303.46,70.97,29.37,132.15,0.0,0.0,3541.18,True,False,none
PR007015,EMP0442,2026-04-19,4721.12,708.17,236.06,292.71,68.46,12.63,110.85,0.0,0.0,3415.72,True,False,none
PR007016,EMP0442,2026-05-03,4864.47,729.67,243.22,301.6,70.53,0.0,0.0,0.0,0.0,3519.45,True,False,none
PR007017,EMP0442,2026-05-17,4987.78,748.17,249.39,309.24,72.32,0.0,0.0,0.0,0.0,3608.66,True,False,none
PR007018,EMP0442,2026-05-31,4943.63,741.54,247.18,306.51,71.68,0.0,0.0,0.0,0.0,3576.72,True,False,none
PR007019,EMP0442,2026-06-14,4990.94,748.64,249.55,309.44,72.37,0.0,0.0,0.0,0.0,3610.94,True,False,none
PR007020,EMP0442,2026-06-28,5012.76,751.91,250.64,310.79,72.69,0.0,0.0,0.0,0.0,3626.73,True,False,none
PR007021,EMP0442,2026-07-12,4642.52,696.38,232.13,287.84,67.32,0.0,0.0,0.0,0.0,3358.85,True,False,none
PR007022,EMP0442,2026-07-26,4876.66,731.5,243.83,302.35,70.71,0.0,0.0,0.0,0.0,3528.27,True,False,none
PR007023,EMP0442,2026-08-09,4796.37,719.46,239.82,297.37,69.55,0.0,0.0,0.0,0.0,3470.17,True,False,none
PR007024,EMP0442,2026-08-23,4967.37,745.11,248.37,307.98,72.03,0.0,0.0,0.0,0.0,3593.88,True,False,none
PR007025,EMP0442,2026-09-06,4734.77,710.22,236.74,293.56,68.65,0.0,0.0,0.0,0.0,3425.6,True,False,none
PR007026,EMP0443,2026-03-31,2671.14,400.67,133.56,165.61,38.73,16.03,72.12,0.0,0.0,1932.57,True,False,none
PR007027,EMP0443,2026-04-15,2596.28,389.44,129.81,160.97,37.65,15.58,70.1,0.0,0.0,1878.41,True,False,none
PR007028,EMP0443,2026-04-30,2632.93,394.94,131.65,163.24,38.18,10.4,71.09,0.0,0.0,1904.92,True,False,none
PR007029,EMP0443,2026-05-15,2488.64,373.3,124.43,154.3,36.09,0.0,29.69,0.0,0.0,1800.52,True,False,none
PR007030,EMP0443,2026-05-31,2508.59,376.29,125.43,155.53,36.37,0.0,0.0,0.0,0.0,1814.97,True,False,none
PR007031,EMP0443,2026-06-15,2625.77,393.87,131.29,162.8,38.07,0.0,0.0,0.0,0.0,1899.74,True,False,none
PR007032,EMP0443,2026-06-30,2475.68,371.35,123.78,153.49,35.9,0.0,0.0,0.0,0.0,1791.16,True,False,none
PR007033,EMP0443,2026-07-15,2637.69,395.65,131.88,163.54,38.25,0.0,0.0,0.0,0.0,1908.37,True,False,none
PR007034,EMP0443,2026-07-31,2474.04,371.11,123.7,153.39,35.87,0.0,0.0,0.0,0.0,1789.97,True,False,none
PR007035,EMP0443,2026-08-15,2605.12,390.77,130.26,161.52,37.77,0.0,0.0,0.0,0.0,1884.8,True,False,none
PR007036,EMP0443,2026-08-31,2545.61,381.84,127.28,157.83,36.91,0.0,0.0,0.0,0.0,1841.75,True,False,none
PR007037,EMP0444,2026-04-05,2010.81,301.62,100.54,124.67,29.16,12.06,54.29,174.94,0.0,1279.88,True,False,none
PR007038,EMP0444,2026-04-19,2024.16,303.62,101.21,125.5,29.35,12.14,54.65,176.1,0.0,1288.38,True,False,none
PR007039,EMP0444,2026-05-03,1968.34,295.25,98.42,122.04,28.54,11.81,53.15,171.25,0.0,1252.84,True,False,none
PR007040,EMP0444,2026-05-17,1931.31,289.7,96.57,119.74,28.0,5.98,52.15,168.02,0.0,1229.28,True,False,none
PR007041,EMP0444,2026-05-31,1925.26,288.79,96.26,119.37,27.92,0.0,28.77,167.5,0.0,1225.42,True,False,none
PR007042,EMP0444,2026-06-14,2007.25,301.09,100.36,124.45,29.11,0.0,0.0,174.63,0.0,1277.61,True,False,none
PR007043,EMP0444,2026-06-28,1996.47,299.47,99.82,123.78,28.95,0.0,0.0,173.69,0.0,1270.76,False,True,late_journal_posting
PR007044,EMP0444,2026-07-12,2031.45,304.72,101.57,125.95,29.46,0.0,0.0,176.74,0.0,1293.01,True,False,none
PR007045,EMP0444,2026-07-26,1994.74,299.21,99.74,123.67,28.92,0.0,0.0,173.54,0.0,1269.66,True,False,none
PR007046,EMP0444,2026-08-09,1980.96,297.14,99.05,122.82,28.72,0.0,0.0,172.34,0.0,1260.89,True,False,none
PR007047,EMP0444,2026-08-23,1977.12,296.57,98.86,122.58,28.67,0.0,0.0,172.01,0.0,1258.43,True,False,none
PR007048,EMP0444,2026-09-06,1918.44,287.77,95.92,118.94,27.82,0.0,0.0,166.9,0.0,1221.09,True,False,none
PR007049,EMP0445,2026-03-29,2626.68,394.0,78.8,162.85,38.09,15.76,70.92,0.0,0.0,1952.94,True,True,duplicate_deduction
PR007050,EMP0445,2026-04-05,2761.68,414.25,82.85,171.22,40.04,16.57,74.57,0.0,0.0,2053.32,True,False,none
PR007051,EMP0445,2026-04-12,2740.09,411.01,82.2,169.89,39.73,9.67,73.98,0.0,0.0,2037.26,True,False,none
PR007052,EMP0445,2026-04-19,2625.37,393.81,78.76,162.77,38.07,0.0,23.53,0.0,0.0,1951.96,True,False,none
PR007053,EMP0445,2026-04-26,2679.85,401.98,80.4,166.15,38.86,0.0,0.0,0.0,0.0,1992.46,True,False,none
PR007054,EMP0445,2026-05-03,2734.55,410.18,82.04,169.54,39.65,0.0,0.0,0.0,0.0,2033.14,True,False,none
PR007055,EMP0445,2026-05-10,2648.96,397.34,79.47,164.24,38.41,0.0,0.0,0.0,0.0,1969.5,True,False,none
PR007056,EMP0445,2026-05-17,2559.73,383.96,76.79,158.7,37.12,0.0,0.0,0.0,0.0,1903.16,True,False,none
PR007057,EMP0445,2026-05-24,2571.65,385.75,77.15,159.44,37.29,0.0,0.0,0.0,0.0,1912.02,True,False,none
PR007058,EMP0445,2026-05-31,2663.53,399.53,79.91,165.14,38.62,0.0,0.0,0.0,0.0,1980.33,True,False,none
PR007059,EMP0445,2026-06-07,2760.3,414.05,82.81,171.14,40.02,0.0,0.0,0.0,0.0,2052.28,True,False,none
PR007060,EMP0445,2026-06-14,2702.07,405.31,81.06,167.53,39.18,0.0,0.0,0.0,0.0,2008.99,True,False,none
PR007061,EMP0445,2026-06-21,2570.89,385.63,77.13,159.4,37.28,0.0,0.0,0.0,0.0,1911.45,True,False,none
PR007062,EMP0445,2026-06-28,2595.86,389.38,77.88,160.94,37.64,0.0,0.0,0.0,0.0,1930.02,True,False,none
PR007063,EMP0445,2026-07-05,2718.53,407.78,81.56,168.55,39.42,0.0,0.0,0.0,0.0,2021.22,True,False,none
PR007064,EMP0445,2026-07-12,2733.32,410.0,82.0,169.47,39.63,0.0,0.0,0.0,0.0,2032.22,True,False,none
PR007065,EMP0445,2026-07-19,2686.15,402.92,80.58,299.77,38.95,0.0,0.0,0.0,0.0,1997.16,True,True,tax_miscalculation
PR007066,EMP0445,2026-07-26,2691.78,403.77,80.75,166.89,39.03,0.0,0.0,0.0,0.0,2001.34,True,False,none
PR007067,EMP0445,2026-08-02,2561.91,384.29,76.86,158.84,37.15,0.0,0.0,0.0,0.0,1904.77,True,False,none
PR007068,EMP0445,2026-08-09,2730.59,409.59,81.92,169.3,39.59,0.0,0.0,0.0,0.0,2030.19,True,False,none
PR007069,EMP0445,2026-08-16,2722.11,408.32,81.66,168.77,39.47,0.0,0.0,0.0,0.0,2023.89,True,False,none
PR007070,EMP0445,2026-08-23,2610.54,391.58,78.32,161.85,37.85,0.0,0.0,0.0,0.0,1940.94,True,False,none
PR007071,EMP0445,2026-08-30,2705.33,405.8,81.16,167.73,39.23,0.0,0.0,0.0,0.0,2011.41,True,False,none
PR007072,EMP0445,2026-09-06,2601.23,390.18,78.04,290.3,37.72,0.0,0.0,0.0,0.0,1934.01,True,True,tax_miscalculation
PR007073,EMP0445,2026-09-13,2564.44,384.67,76.93,159.0,37.18,0.0,0.0,0.0,0.0,1906.66,True,False,none
PR007074,EMP0446,2026-03-31,3899.75,584.96,194.99,241.78,56.55,23.4,105.29,0.0,0.0,2821.47,True,False,none
PR007075,EMP0446,2026-04-15,3892.63,583.89,194.63,241.34,56.44,18.6,105.1,0.0,0.0,2816.33,True,False,none
PR007076,EMP0446,2026-04-30,3942.97,591.45,197.15,244.46,57.17,0.0,32.61,0.0,0.0,2852.74,True,False,none
PR007077,EMP0446,2026-05-15,3968.51,595.28,198.43,246.05,57.54,0.0,0.0,0.0,0.0,2871.21,True,False,none
PR007078,EMP0446,2026-05-31,3997.01,599.55,199.85,247.81,57.96,0.0,0.0,0.0,0.0,2891.84,True,False,none
PR007079,EMP0446,2026-06-15,3986.95,598.04,199.35,123.59,57.81,0.0,0.0,0.0,0.0,2884.56,True,True,tax_miscalculation
PR007080,EMP0446,2026-06-30,3921.75,588.26,196.09,243.15,56.87,0.0,0.0,0.0,0.0,2837.38,True,False,none
PR007081,EMP0446,2026-07-15,3845.35,576.8,192.27,238.41,55.76,0.0,0.0,0.0,0.0,2782.11,True,False,none
PR007082,EMP0446,2026-07-31,4027.56,604.13,201.38,249.71,58.4,0.0,0.0,0.0,0.0,2913.94,True,False,none
PR007083,EMP0446,2026-08-15,3961.32,594.2,198.07,245.6,57.44,0.0,0.0,0.0,0.0,2866.01,True,False,none
PR007084,EMP0446,2026-08-31,3930.61,589.59,196.53,243.7,56.99,0.0,0.0,0.0,0.0,2843.8,True,False,none
PR007085,EMP0447,2026-03-29,1930.65,289.6,96.53,119.7,27.99,11.58,52.13,0.0,0.0,1396.83,True,False,none
PR007086,EMP0447,2026-04-05,1912.79,286.92,95.64,118.59,27.74,11.48,51.65,0.0,0.0,1383.9,True,False,none
PR007087,EMP0447,2026-04-12,1929.28,289.39,96.46,119.62,27.97,11.58,52.09,0.0,0.0,1395.84,True,True,wage_base_cap_error
PR007088,EMP0447,2026-04-19,1875.37,281.31,93.77,116.27,27.19,7.36,50.63,0.0,0.0,1356.83,True,False,none
PR007089,EMP0447,2026-04-26,1821.27,273.19,91.06,112.92,26.41,0.0,36.5,0.0,0.0,1317.69,True,False,none
PR007090,EMP0447,2026-05-03,1905.28,285.79,95.26,118.13,27.63,0.0,0.0,0.0,0.0,1378.47,True,False,none
PR007091,EMP0447,2026-05-10,1832.44,274.87,91.62,113.61,26.57,0.0,0.0,0.0,0.0,1325.77,True,False,none
PR007092,EMP0447,2026-05-17,1867.38,280.11,93.37,115.78,27.08,0.0,0.0,0.0,0.0,1351.04,True,False,none
PR007093,EMP0447,2026-05-24,1811.48,271.72,90.57,112.31,26.27,0.0,0.0,0.0,0.0,1310.61,True,False,none
PR007094,EMP0447,2026-05-31,1924.46,288.67,96.22,119.32,27.9,0.0,0.0,0.0,0.0,1392.35,True,False,none
PR007095,EMP0447,2026-06-07,1820.53,273.08,91.03,112.87,26.4,0.0,0.0,0.0,0.0,1317.15,True,False,none
PR007096,EMP0447,2026-06-14,1936.02,290.4,96.8,120.03,28.07,0.0,0.0,0.0,0.0,1400.72,True,False,none
PR007097,EMP0447,2026-06-21,1930.24,289.54,96.51,119.67,27.99,0.0,0.0,0.0,0.0,1396.53,True,False,none
PR007098,EMP0447,2026-06-28,1870.86,280.63,93.54,115.99,27.13,0.0,0.0,0.0,0.0,1353.57,True,False,none
PR007099,EMP0447,2026-07-05,1912.43,286.86,95.62,118.57,27.73,0.0,0.0,0.0,0.0,1383.65,True,False,none
PR007100,EMP0447,2026-07-12,1893.87,284.08,94.69,117.42,27.46,0.0,0.0,0.0,0.0,1370.22,True,False,none
PR007101,EMP0447,2026-07-19,1921.16,288.17,96.06,119.11,27.86,0.0,0.0,0.0,0.0,1389.96,True,True,duplicate_deduction
PR007102,EMP0447,2026-07-26,1865.98,279.9,93.3,115.69,27.06,0.0,0.0,0.0,0.0,1350.03,True,False,none
PR007103,EMP0447,2026-08-02,1918.59,287.79,95.93,118.95,27.82,0.0,0.0,0.0,0.0,1388.1,True,False,none
PR007104,EMP0447,2026-08-09,1870.54,280.58,93.53,115.97,27.12,0.0,0.0,0.0,0.0,1353.34,True,False,none
PR007105,EMP0447,2026-08-16,1941.65,291.25,97.08,120.38,28.15,0.0,0.0,0.0,0.0,1404.79,True,False,none
PR007106,EMP0447,2026-08-23,1874.09,281.11,93.7,116.19,27.17,0.0,0.0,0.0,0.0,1355.92,True,False,none
PR007107,EMP0447,2026-08-30,1870.56,280.58,93.53,115.97,27.12,0.0,0.0,0.0,0.0,1353.36,False,True,late_journal_posting
PR007108,EMP0447,2026-09-06,1918.48,287.77,95.92,118.95,27.82,0.0,0.0,0.0,0.0,1388.02,True,False,none
PR007109,EMP0447,2026-09-13,1923.91,288.59,96.2,59.64,27.9,0.0,0.0,0.0,0.0,1391.94,True,True,tax_miscalculation
PR007110,EMP0448,2026-04-05,2482.75,372.41,0.0,153.93,36.0,14.9,67.03,0.0,0.0,1920.41,True,False,none
PR007111,EMP0448,2026-04-19,2409.38,361.41,0.0,149.38,34.94,14.46,65.05,0.0,0.0,1863.65,True,False,none
PR007112,EMP0448,2026-05-03,2465.76,369.86,0.0,152.88,35.75,12.65,66.58,0.0,0.0,1907.27,True,False,none
PR007113,EMP0448,2026-05-17,2563.73,384.56,0.0,158.95,37.17,0.0,44.34,0.0,0.0,1983.05,True,False,none
PR007114,EMP0448,2026-05-31,2521.61,378.24,0.0,156.34,36.56,0.0,0.0,0.0,0.0,1950.47,True,False,none
PR007115,EMP0448,2026-06-14,2533.01,379.95,0.0,157.05,36.73,0.0,0.0,0.0,0.0,1959.28,True,False,none
PR007116,EMP0448,2026-06-28,2380.6,357.09,0.0,147.6,34.52,0.0,0.0,0.0,0.0,1841.39,True,False,none
PR007117,EMP0448,2026-07-12,2465.78,369.87,0.0,152.88,35.75,0.0,0.0,0.0,0.0,1907.28,True,False,none
PR007118,EMP0448,2026-07-26,2500.79,375.12,0.0,155.05,36.26,0.0,0.0,0.0,0.0,1934.36,True,False,none
PR007119,EMP0448,2026-08-09,2536.7,380.5,0.0,157.28,36.78,0.0,0.0,0.0,0.0,1962.14,True,False,none
PR007120,EMP0448,2026-08-23,2383.82,357.57,0.0,147.8,34.57,0.0,0.0,0.0,0.0,1843.88,True,False,none
PR007121,EMP0448,2026-09-06,2541.09,381.16,0.0,157.55,36.85,0.0,0.0,0.0,0.0,1965.53,True,False,none
PR007122,EMP0449,2026-03-31,5025.12,753.77,251.26,311.56,72.86,30.15,135.68,0.0,0.0,3635.67,True,False,none
PR007123,EMP0449,2026-04-15,4885.91,732.89,244.3,302.93,70.85,11.85,107.32,0.0,0.0,3534.94,True,False,none
PR007124,EMP0449,2026-04-30,4933.47,740.02,246.67,305.88,71.54,0.0,0.0,0.0,0.0,3569.36,True,False,none
PR007125,EMP0449,2026-05-15,4919.46,737.92,245.97,305.01,71.33,0.0,0.0,0.0,0.0,3559.23,True,False,none
PR007126,EMP0449,2026-05-31,5018.16,752.72,250.91,311.13,72.76,0.0,0.0,0.0,0.0,3630.64,True,False,none
PR007127,EMP0449,2026-06-15,4828.17,724.23,241.41,299.35,70.01,0.0,0.0,0.0,0.0,3493.17,True,False,none
PR007128,EMP0449,2026-06-30,4870.53,730.58,243.53,301.97,70.62,0.0,0.0,0.0,0.0,3523.83,True,False,none
PR007129,EMP0449,2026-07-15,5129.91,769.49,256.5,318.05,74.38,0.0,0.0,0.0,0.0,3711.49,True,False,none
PR007130,EMP0449,2026-07-31,4860.25,729.04,243.01,301.34,70.47,0.0,0.0,0.0,0.0,3516.39,True,False,none
PR007131,EMP0449,2026-08-15,4900.22,735.03,245.01,303.81,71.05,0.0,0.0,0.0,0.0,3545.32,True,False,none
PR007132,EMP0449,2026-08-31,4987.44,748.12,249.37,309.22,72.32,0.0,0.0,0.0,0.0,3608.41,True,False,none
PR007133,EMP0450,2026-03-31,2239.17,335.88,0.0,138.83,32.47,13.44,60.46,0.0,0.0,1731.99,True,False,none
PR007134,EMP0450,2026-04-15,2282.83,342.42,0.0,141.54,33.1,13.7,61.64,0.0,0.0,1765.77,True,False,none
PR007135,EMP0450,2026-04-30,2226.81,334.02,0.0,138.06,32.29,13.36,60.12,0.0,0.0,1722.44,True,False,none
PR007136,EMP0450,2026-05-15,2287.48,343.12,0.0,141.82,33.17,1.51,60.78,0.0,0.0,1769.37,True,False,none
PR007137,EMP0450,2026-05-31,2257.1,338.56,0.0,139.94,32.73,0.0,0.0,0.0,0.0,1745.87,True,False,none
PR007138,EMP0450,2026-06-15,2167.61,325.14,0.0,134.39,31.43,0.0,0.0,0.0,0.0,1676.65,True,False,none
PR007139,EMP0450,2026-06-30,2175.27,326.29,0.0,134.87,31.54,0.0,0.0,0.0,0.0,1682.57,True,False,none
PR007140,EMP0450,2026-07-15,2224.98,333.75,0.0,137.95,32.26,0.0,0.0,0.0,0.0,1721.02,True,False,none
PR007141,EMP0450,2026-07-31,2217.87,332.68,0.0,137.51,32.16,0.0,0.0,0.0,0.0,1715.52,True,False,none
PR007142,EMP0450,2026-08-15,2279.27,341.89,0.0,141.31,33.05,0.0,0.0,0.0,0.0,1763.02,True,False,none
PR007143,EMP0450,2026-08-31,2250.44,337.57,0.0,139.53,32.63,0.0,0.0,0.0,0.0,1740.71,True,False,none
PR007144,EMP0451,2026-03-29,1320.15,198.02,52.81,81.85,19.14,7.92,35.64,0.0,0.0,968.33,True,False,none
PR007145,EMP0451,2026-04-05,1297.22,194.58,51.89,80.43,18.81,7.78,35.02,0.0,0.0,951.51,True,False,none
PR007146,EMP0451,2026-04-12,1303.13,195.47,52.13,80.79,18.9,7.82,35.18,0.0,0.0,955.84,True,False,none
PR007147,EMP0451,2026-04-19,1339.92,200.99,53.6,83.08,19.43,8.04,36.18,0.0,0.0,982.82,True,False,none
PR007148,EMP0451,2026-04-26,1323.87,198.58,52.95,82.08,19.2,7.94,35.74,0.0,0.0,971.06,True,False,none
PR007149,EMP0451,2026-05-03,1333.53,200.03,53.34,82.68,19.34,2.49,36.01,0.0,0.0,978.14,True,False,none
PR007150,EMP0451,2026-05-10,1297.21,311.33,51.89,80.43,18.81,0.0,29.22,0.0,0.0,951.5,True,True,tax_miscalculation
PR007151,EMP0451,2026-05-17,1349.14,202.37,53.97,83.65,19.56,0.0,0.0,0.0,0.0,989.59,True,False,none
PR007152,EMP0451,2026-05-24,1369.15,205.37,54.77,84.89,19.85,0.0,0.0,0.0,0.0,1004.27,True,False,none
PR007153,EMP0451,2026-05-31,1306.41,195.96,52.26,81.0,18.94,0.0,0.0,0.0,0.0,958.25,True,False,none
PR007154,EMP0451,2026-06-07,1331.06,199.66,53.24,82.53,19.3,0.0,0.0,0.0,0.0,976.33,True,False,none
PR007155,EMP0451,2026-06-14,1382.12,207.32,55.28,85.69,20.04,0.0,0.0,0.0,0.0,1013.79,True,False,none
PR007156,EMP0451,2026-06-21,1314.36,197.15,115.65,81.49,19.06,0.0,0.0,0.0,0.0,964.09,True,True,tax_miscalculation
PR007157,EMP0451,2026-06-28,1341.98,201.3,53.68,83.2,19.46,0.0,0.0,0.0,0.0,984.34,True,False,none
PR007158,EMP0451,2026-07-05,1288.72,193.31,51.55,79.9,18.69,0.0,0.0,0.0,0.0,945.27,True,False,none
PR007159,EMP0451,2026-07-12,1343.14,201.47,53.73,83.27,19.48,0.0,0.0,0.0,0.0,985.19,True,False,none
PR007160,EMP0451,2026-07-19,1288.66,193.3,51.55,79.9,18.69,0.0,0.0,0.0,0.0,945.22,True,True,wage_base_cap_error
PR007161,EMP0451,2026-07-26,1380.4,207.06,55.22,85.58,20.02,0.0,0.0,0.0,0.0,1012.52,True,False,none
PR007162,EMP0451,2026-08-02,1354.7,203.21,54.19,83.99,19.64,0.0,0.0,0.0,0.0,993.67,True,False,none
PR007163,EMP0451,2026-08-09,1362.35,204.35,54.49,84.47,19.75,0.0,0.0,0.0,0.0,999.29,True,False,none
PR007164,EMP0451,2026-08-16,1353.49,203.02,54.14,83.92,19.63,0.0,0.0,0.0,0.0,992.78,True,False,none
PR007165,EMP0451,2026-08-23,1341.42,321.94,53.66,83.17,19.45,0.0,0.0,0.0,0.0,983.93,True,True,tax_miscalculation
PR007166,EMP0451,2026-08-30,1326.67,199.0,53.07,82.25,19.24,0.0,0.0,0.0,0.0,973.11,True,False,none
PR007167,EMP0451,2026-09-06,1369.76,205.46,54.79,84.93,19.86,0.0,0.0,0.0,0.0,1004.72,True,False,none
PR007168,EMP0451,2026-09-13,1380.15,207.02,55.21,85.57,20.01,0.0,0.0,0.0,0.0,1012.34,True,False,none
PR007169,EMP0452,2026-04-05,3110.34,466.55,155.52,192.84,45.1,18.66,83.98,0.0,0.0,2250.33,True,False,none
PR007170,EMP0452,2026-04-19,3216.9,482.53,160.85,199.45,46.65,19.3,86.86,0.0,0.0,2327.42,True,True,wage_base_cap_error
PR007171,EMP0452,2026-05-03,3131.11,469.67,156.56,194.13,45.4,4.04,72.16,0.0,0.0,2265.35,True,False,none
PR007172,EMP0452,2026-05-17,3120.04,468.01,156.0,193.44,45.24,0.0,0.0,0.0,0.0,2420.97,True,True,net_pay_mismatch
PR007173,EMP0452,2026-05-31,3038.95,455.84,151.95,188.41,44.06,0.0,0.0,0.0,0.0,2198.69,True,False,none
PR007174,EMP0452,2026-06-14,2988.3,448.25,149.42,185.27,43.33,0.0,0.0,0.0,0.0,2162.03,True,False,none
PR007175,EMP0452,2026-06-28,3046.89,457.03,152.34,188.91,44.18,0.0,0.0,0.0,0.0,2204.43,True,False,none
PR007176,EMP0452,2026-07-12,3112.97,466.95,155.65,193.0,45.14,0.0,0.0,0.0,0.0,2252.23,True,False,none
PR007177,EMP0452,2026-07-26,3081.0,462.15,154.05,191.02,44.67,0.0,0.0,0.0,0.0,2229.11,True,False,none
PR007178,EMP0452,2026-08-09,3097.89,464.68,154.89,192.07,44.92,0.0,0.0,0.0,0.0,2241.33,True,False,none
PR007179,EMP0452,2026-08-23,3229.0,484.35,161.45,200.2,46.82,0.0,0.0,0.0,0.0,2336.18,True,False,none
PR007180,EMP0452,2026-09-06,3073.69,461.05,153.68,190.57,44.57,0.0,0.0,0.0,0.0,2223.82,True,False,none
PR007181,EMP0453,2026-03-31,3746.32,561.95,112.39,232.27,54.32,22.48,101.15,164.84,0.0,2620.55,True,False,none
PR007182,EMP0453,2026-04-15,3651.4,547.71,109.54,226.39,52.95,19.52,98.59,160.66,0.0,2554.15,True,False,none
PR007183,EMP0453,2026-04-30,3625.92,543.89,108.78,224.81,52.58,0.0,43.26,159.54,0.0,2536.32,True,False,none
PR007184,EMP0453,2026-05-15,3842.6,576.39,115.28,428.83,55.72,0.0,0.0,169.07,0.0,2687.9,True,True,tax_miscalculation
PR007185,EMP0453,2026-05-31,3781.62,567.24,113.45,234.46,54.83,0.0,0.0,166.39,0.0,2645.25,True,False,none
PR007186,EMP0453,2026-06-15,3838.22,575.73,115.15,237.97,55.65,0.0,0.0,168.88,0.0,2684.84,True,False,none
PR007187,EMP0453,2026-06-30,3656.27,548.44,109.69,226.69,53.02,0.0,0.0,160.88,0.0,2557.55,True,False,none
PR007188,EMP0453,2026-07-15,3781.96,567.29,113.46,234.48,54.84,0.0,0.0,166.41,0.0,2645.48,True,False,none
PR007189,EMP0453,2026-07-31,3687.18,553.08,110.62,228.61,53.46,0.0,0.0,162.24,0.0,2579.17,True,False,none
PR007190,EMP0453,2026-08-15,3679.56,551.93,110.39,228.13,53.35,0.0,0.0,161.9,0.0,2573.86,True,False,none
PR007191,EMP0453,2026-08-31,3615.07,542.26,108.45,224.13,52.42,0.0,0.0,159.06,0.0,2528.75,True,False,none
PR007192,EMP0454,2026-03-31,1837.34,275.6,0.0,113.92,26.64,11.02,49.61,148.82,0.0,1272.36,True,False,none
PR007193,EMP0454,2026-04-15,1864.17,279.63,0.0,115.58,27.03,11.19,50.33,151.0,0.0,1290.93,True,False,none
PR007194,EMP0454,2026-04-30,1835.33,275.3,0.0,113.79,26.61,11.01,49.55,148.66,0.0,1270.97,True,False,none
PR007195,EMP0454,2026-05-15,1965.6,294.84,0.0,121.87,28.5,8.78,53.07,159.21,0.0,1361.18,True,False,none
PR007196,EMP0454,2026-05-31,1864.07,279.61,0.0,115.57,27.03,0.0,40.43,150.99,0.0,1290.87,True,False,none
PR007197,EMP0454,2026-06-15,1837.34,275.6,0.0,113.92,26.64,0.0,0.0,148.82,0.0,1272.36,True,False,none
PR007198,EMP0454,2026-06-30,1847.65,277.15,0.0,114.55,26.79,0.0,0.0,149.66,0.0,1279.5,True,False,none
PR007199,EMP0454,2026-07-15,1905.91,285.89,0.0,118.17,27.64,0.0,0.0,154.38,0.0,1319.83,True,False,none
PR007200,EMP0454,2026-07-31,1827.4,274.11,0.0,113.3,26.5,0.0,0.0,148.02,0.0,1265.47,True,False,none
PR007201,EMP0454,2026-08-15,1947.1,292.06,0.0,120.72,28.23,0.0,0.0,157.72,0.0,1348.37,True,False,none
PR007202,EMP0454,2026-08-31,1961.95,294.29,0.0,121.64,28.45,0.0,0.0,158.92,0.0,1358.65,True,False,none
PR007203,EMP0455,2026-04-05,2459.7,368.95,122.98,152.5,35.67,14.76,66.41,191.86,507.24,1080.5,True,False,none
PR007204,EMP0455,2026-04-19,2415.05,362.26,120.75,149.73,35.02,14.49,65.21,188.37,597.95,960.97,True,False,none
PR007205,EMP0455,2026-05-03,2492.94,373.94,124.65,154.56,36.15,12.75,67.31,194.45,416.67,1192.52,True,False,none
PR007206,EMP0455,2026-05-17,2451.77,367.77,122.59,152.01,35.55,0.0,44.07,191.24,2084.0,968.49,True,True,garnishment_overwithholding
PR007207,EMP0455,2026-05-31,2493.4,374.01,124.67,154.59,36.15,0.0,0.0,194.49,367.83,1241.66,True,False,none
PR007208,EMP0455,2026-06-14,2547.65,382.15,127.38,157.95,36.94,0.0,0.0,198.72,588.95,1055.56,True,False,none
PR007209,EMP0455,2026-06-28,2581.36,387.2,129.07,160.04,37.43,0.0,0.0,201.35,345.96,1320.31,True,False,none
PR007210,EMP0455,2026-07-12,2566.85,385.03,128.34,159.14,37.22,0.0,0.0,200.21,653.81,1003.1,True,False,none
PR007211,EMP0455,2026-07-26,2433.51,365.03,121.68,150.88,35.29,0.0,0.0,189.81,631.09,939.73,True,False,none
PR007212,EMP0455,2026-08-09,2498.43,374.76,124.92,154.9,36.23,0.0,0.0,194.88,783.6,829.14,True,False,none
PR007213,EMP0455,2026-08-23,2438.8,365.82,121.94,151.21,35.36,0.0,0.0,190.23,604.95,969.29,True,False,none
PR007214,EMP0455,2026-09-06,2486.59,372.99,124.33,154.17,36.06,0.0,0.0,193.95,786.26,818.83,True,False,none
PR007215,EMP0456,2026-04-05,1894.8,284.22,75.79,117.48,27.47,11.37,51.16,0.0,0.0,1389.84,True,False,none
PR007216,EMP0456,2026-04-19,1990.98,298.65,79.64,123.44,28.87,11.95,53.76,0.0,0.0,1460.38,True,False,none
PR007217,EMP0456,2026-05-03,1981.75,297.26,79.27,122.87,28.74,11.89,53.51,0.0,0.0,1453.61,True,False,none
PR007218,EMP0456,2026-05-17,1885.74,282.86,75.43,116.92,27.34,6.79,50.91,0.0,0.0,1383.19,True,False,none
PR007219,EMP0456,2026-05-31,1966.85,295.03,78.67,121.94,28.52,0.0,33.66,0.0,0.0,1442.69,True,False,none
PR007220,EMP0456,2026-06-14,1996.07,299.41,79.84,123.76,28.94,0.0,0.0,0.0,0.0,1464.12,True,False,none
PR007221,EMP0456,2026-06-28,1883.04,282.46,75.32,116.75,27.3,0.0,0.0,0.0,0.0,1381.21,True,False,none
PR007222,EMP0456,2026-07-12,1911.05,286.66,76.44,118.49,27.71,0.0,0.0,0.0,0.0,1401.75,True,False,none
PR007223,EMP0456,2026-07-26,1923.74,288.56,76.95,119.27,27.89,0.0,0.0,0.0,0.0,1411.07,True,False,none
PR007224,EMP0456,2026-08-09,1889.47,283.42,75.58,210.87,27.4,0.0,0.0,0.0,0.0,1385.92,True,True,tax_miscalculation
PR007225,EMP0456,2026-08-23,1846.93,277.04,73.88,114.51,26.78,0.0,0.0,0.0,0.0,1354.72,True,False,none
PR007226,EMP0456,2026-09-06,1878.09,281.71,75.12,116.44,27.23,0.0,0.0,0.0,0.0,1377.59,True,False,none
PR007227,EMP0457,2026-04-05,3297.15,494.57,131.89,204.42,47.81,19.78,89.02,0.0,0.0,2418.46,True,False,none
PR007228,EMP0457,2026-04-19,3340.11,501.02,133.6,207.09,48.43,20.04,90.18,0.0,0.0,2449.97,True,False,none
PR007229,EMP0457,2026-05-03,3267.69,490.15,130.71,202.6,47.38,2.18,63.79,0.0,0.0,2396.85,True,False,none
PR007230,EMP0457,2026-05-17,3454.29,518.14,138.17,214.17,50.09,0.0,0.0,0.0,0.0,2533.72,True,False,none
PR007231,EMP0457,2026-05-31,3409.55,511.43,136.38,211.39,49.44,0.0,0.0,0.0,0.0,2500.91,True,False,none
PR007232,EMP0457,2026-06-14,3244.86,486.73,129.79,201.18,47.05,0.0,0.0,0.0,0.0,2380.11,True,False,none
PR007233,EMP0457,2026-06-28,3394.98,509.25,135.8,210.49,49.23,0.0,0.0,0.0,0.0,2490.21,True,False,none
PR007234,EMP0457,2026-07-12,3395.93,509.39,135.84,210.55,49.24,0.0,0.0,0.0,0.0,2490.91,True,False,none
PR007235,EMP0457,2026-07-26,3476.34,521.45,139.05,215.53,50.41,0.0,0.0,0.0,0.0,2549.9,True,False,none
PR007236,EMP0457,2026-08-09,3223.02,483.45,128.92,199.83,46.73,0.0,0.0,0.0,0.0,2364.09,True,False,none
PR007237,EMP0457,2026-08-23,3288.11,493.22,131.52,203.86,47.68,0.0,0.0,0.0,0.0,2411.83,True,False,none
PR007238,EMP0457,2026-09-06,3468.78,520.32,138.75,215.06,50.3,0.0,0.0,0.0,0.0,2544.35,True,False,none
PR007239,EMP0458,2026-04-05,3703.51,555.53,0.0,229.62,53.7,22.22,99.99,0.0,0.0,2864.66,True,False,none
PR007240,EMP0458,2026-04-19,3643.51,546.53,0.0,225.9,52.83,19.78,98.37,0.0,0.0,2818.25,True,False,none
PR007241,EMP0458,2026-05-03,3656.32,548.45,0.0,226.69,53.02,0.0,44.63,0.0,0.0,2828.16,True,False,none
PR007242,EMP0458,2026-05-17,3465.07,519.76,0.0,214.83,50.24,0.0,0.0,0.0,0.0,2680.24,True,False,none
PR007243,EMP0458,2026-05-31,3584.88,537.73,0.0,222.26,51.98,0.0,0.0,0.0,0.0,2772.91,True,False,none
PR007244,EMP0458,2026-06-14,3504.81,525.72,0.0,217.3,50.82,0.0,0.0,0.0,0.0,2710.97,True,False,none
PR007245,EMP0458,2026-06-28,3490.52,523.58,0.0,216.41,50.61,0.0,0.0,0.0,0.0,2699.92,True,False,none
PR007246,EMP0458,2026-07-12,3668.95,550.34,0.0,227.47,53.2,0.0,0.0,0.0,0.0,2837.94,True,False,none
PR007247,EMP0458,2026-07-26,3477.42,521.61,0.0,215.6,50.42,0.0,0.0,0.0,0.0,2689.79,True,False,none
PR007248,EMP0458,2026-08-09,3572.05,535.81,0.0,221.47,51.79,0.0,0.0,0.0,0.0,2762.98,True,True,wage_base_cap_error
PR007249,EMP0458,2026-08-23,3705.34,555.8,0.0,229.73,53.73,0.0,0.0,0.0,0.0,2866.08,True,False,none
PR007250,EMP0458,2026-09-06,3491.83,523.77,0.0,216.49,50.63,0.0,0.0,0.0,0.0,2700.94,True,False,none
PR007251,EMP0459,2026-03-31,1653.43,248.01,0.0,102.51,23.97,9.92,44.64,89.29,0.0,1189.65,True,False,none
PR007252,EMP0459,2026-04-15,1655.48,248.32,0.0,102.64,24.0,9.93,44.7,89.4,0.0,1191.12,True,False,none
PR007253,EMP0459,2026-04-30,1600.13,240.02,0.0,99.21,23.2,9.6,43.2,86.41,0.0,1151.29,True,False,none
PR007254,EMP0459,2026-05-15,1551.49,232.72,0.0,96.19,22.5,9.31,41.89,83.78,0.0,1116.3,True,False,none
PR007255,EMP0459,2026-05-31,1569.9,235.49,0.0,97.33,22.76,3.24,42.39,84.77,0.0,1129.55,True,False,none
PR007256,EMP0459,2026-06-15,1583.58,237.54,0.0,98.18,22.96,0.0,26.18,85.51,0.0,1139.39,True,False,none
PR007257,EMP0459,2026-06-30,1569.05,235.36,0.0,97.28,22.75,0.0,0.0,84.73,0.0,1128.93,True,False,none
PR007258,EMP0459,2026-07-15,1565.43,234.81,0.0,97.06,22.7,0.0,0.0,84.53,0.0,1126.33,True,False,none
PR007259,EMP0459,2026-07-31,1652.7,247.91,0.0,102.47,23.96,0.0,0.0,89.25,0.0,1189.11,True,False,none
PR007260,EMP0459,2026-08-15,1549.37,232.41,0.0,96.06,22.47,0.0,0.0,83.67,0.0,1114.76,True,False,none
PR007261,EMP0459,2026-08-31,1622.55,243.38,0.0,100.6,23.53,0.0,0.0,87.62,0.0,1167.42,True,False,none
PR007262,EMP0460,2026-03-31,1907.28,286.09,76.29,118.25,27.66,11.44,51.5,49.59,0.0,1349.4,True,False,none
PR007263,EMP0460,2026-04-15,2000.99,300.15,80.04,124.06,29.01,12.01,54.03,52.03,0.0,1415.7,True,False,none
PR007264,EMP0460,2026-04-30,2051.29,307.69,82.05,127.18,29.74,12.31,55.38,53.33,0.0,1451.3,True,False,none
PR007265,EMP0460,2026-05-15,1952.51,292.88,78.1,121.06,28.31,6.24,52.72,50.77,0.0,1381.39,True,False,none
PR007266,EMP0460,2026-05-31,1936.4,290.46,77.46,120.06,28.08,0.0,29.37,50.35,0.0,1369.99,True,False,none
PR007267,EMP0460,2026-06-15,2009.72,301.46,80.39,124.6,29.14,0.0,0.0,52.25,0.0,1421.88,True,False,none
PR007268,EMP0460,2026-06-30,2019.31,302.9,80.77,125.2,29.28,0.0,0.0,52.5,0.0,1428.66,True,False,none
PR007269,EMP0460,2026-07-15,2015.44,302.32,80.62,124.96,29.22,0.0,0.0,52.4,0.0,1425.92,True,False,none
PR007270,EMP0460,2026-07-31,1957.44,293.62,78.3,121.36,28.38,0.0,0.0,50.89,0.0,1384.89,True,False,none
PR007271,EMP0460,2026-08-15,1946.89,292.03,77.88,120.71,28.23,0.0,0.0,50.62,0.0,1377.42,True,False,none
PR007272,EMP0460,2026-08-31,2057.58,308.64,82.3,127.57,29.83,0.0,0.0,53.5,0.0,1455.74,True,False,none
PR007273,EMP0461,2026-03-29,2888.0,433.2,173.28,179.06,41.88,17.33,77.98,150.18,0.0,1910.4,True,False,none
PR007274,EMP0461,2026-04-05,2784.86,417.73,167.09,172.66,40.38,16.71,75.19,0.0,0.0,1842.19,True,True,missing_401k
PR007275,EMP0461,2026-04-12,2870.93,430.64,172.26,178.0,41.63,7.96,77.52,149.29,0.0,1899.11,True,False,none
PR007276,EMP0461,2026-04-19,2783.76,417.56,167.03,172.59,40.36,0.0,12.32,144.76,0.0,1685.36,True,True,net_pay_mismatch
PR007277,EMP0461,2026-04-26,2718.34,407.75,163.1,168.54,39.42,0.0,0.0,141.35,0.0,1798.18,True,False,none
PR007278,EMP0461,2026-05-03,2778.02,416.7,166.68,172.24,40.28,0.0,0.0,144.46,0.0,1837.66,True,False,none
PR007279,EMP0461,2026-05-10,2802.59,420.39,168.16,173.76,40.64,0.0,0.0,145.73,0.0,1853.91,True,False,none
PR007280,EMP0461,2026-05-17,2688.63,403.29,161.32,166.7,38.99,0.0,0.0,139.81,0.0,1778.52,True,False,none
PR007281,EMP0461,2026-05-24,2781.94,417.29,166.92,172.48,40.34,0.0,0.0,144.66,0.0,1840.25,True,False,none
PR007282,EMP0461,2026-05-31,2856.58,428.49,171.39,177.11,41.42,0.0,0.0,148.54,0.0,1889.63,True,False,none
PR007283,EMP0461,2026-06-07,2834.16,425.12,170.05,175.72,41.1,0.0,0.0,147.38,0.0,1874.79,True,False,none
PR007284,EMP0461,2026-06-14,2824.23,423.63,169.45,175.1,40.95,0.0,0.0,146.86,0.0,1868.24,True,False,none
PR007285,EMP0461,2026-06-21,2884.96,432.74,173.1,178.87,41.83,0.0,0.0,150.02,0.0,1908.4,False,True,late_journal_posting
PR007286,EMP0461,2026-06-28,2687.64,403.15,161.26,166.63,38.97,0.0,0.0,139.76,0.0,1777.87,True,False,none
PR007287,EMP0461,2026-07-05,2806.94,421.04,168.42,174.03,40.7,0.0,0.0,145.96,0.0,1856.79,True,False,none
PR007288,EMP0461,2026-07-12,2857.91,428.69,171.47,177.19,41.44,0.0,0.0,148.61,0.0,1890.51,True,False,none
PR007289,EMP0461,2026-07-19,2803.46,420.52,168.21,173.81,40.65,0.0,0.0,145.78,0.0,1854.49,True,False,none
PR007290,EMP0461,2026-07-26,2755.33,413.3,165.32,170.83,39.95,0.0,0.0,143.28,0.0,1822.65,True,False,none
PR007291,EMP0461,2026-08-02,2713.8,407.07,162.83,168.26,39.35,0.0,0.0,141.12,0.0,1795.17,True,False,none
PR007292,EMP0461,2026-08-09,2880.09,432.01,172.81,178.57,41.76,0.0,0.0,149.76,0.0,1905.18,True,False,none
PR007293,EMP0461,2026-08-16,2787.84,418.18,167.27,172.85,40.42,0.0,0.0,144.97,0.0,1844.15,True,False,none
PR007294,EMP0461,2026-08-23,2878.0,431.7,172.68,178.44,41.73,0.0,0.0,149.66,0.0,1903.79,True,False,none
PR007295,EMP0461,2026-08-30,2813.31,422.0,168.8,174.43,40.79,0.0,0.0,146.29,0.0,1861.0,True,False,none
PR007296,EMP0461,2026-09-06,2832.87,424.93,169.97,175.64,41.08,0.0,0.0,147.31,0.0,1873.94,True,False,none
PR007297,EMP0461,2026-09-13,2861.65,429.25,171.7,177.42,41.49,0.0,0.0,148.81,0.0,1892.98,True,False,none
PR007298,EMP0462,2026-04-05,4858.6,728.79,0.0,301.23,70.45,29.15,131.18,218.64,0.0,3539.49,True,False,none
PR007299,EMP0462,2026-04-19,4759.37,713.91,0.0,295.08,69.01,12.85,111.82,214.17,0.0,3467.2,True,False,none
PR007300,EMP0462,2026-05-03,4803.3,720.5,0.0,297.8,69.65,0.0,0.0,216.15,0.0,3499.2,True,False,none
PR007301,EMP0462,2026-05-17,4913.29,736.99,0.0,304.62,71.24,0.0,0.0,221.1,0.0,3579.34,True,False,none
PR007302,EMP0462,2026-05-31,4750.1,712.51,0.0,294.51,68.88,0.0,0.0,213.75,0.0,3460.45,True,False,none
PR007303,EMP0462,2026-06-14,4755.59,713.34,0.0,294.85,68.96,0.0,0.0,214.0,0.0,3464.44,True,False,none
PR007304,EMP0462,2026-06-28,4644.46,696.67,0.0,287.96,67.34,0.0,0.0,209.0,0.0,3383.49,True,False,none
PR007305,EMP0462,2026-07-12,4955.68,743.35,0.0,307.25,71.86,0.0,0.0,223.01,0.0,3610.21,True,False,none
PR007306,EMP0462,2026-07-26,4642.69,696.4,0.0,287.85,67.32,0.0,0.0,208.92,0.0,3382.2,True,False,none
PR007307,EMP0462,2026-08-09,4854.44,728.17,0.0,300.98,70.39,0.0,0.0,218.45,0.0,3536.45,True,False,none
PR007308,EMP0462,2026-08-23,4765.12,714.77,0.0,295.44,69.09,0.0,0.0,214.43,0.0,3471.39,True,False,none
PR007309,EMP0462,2026-09-06,4762.24,714.34,0.0,295.26,69.05,0.0,0.0,214.3,0.0,3469.29,True,False,none
PR007310,EMP0463,2026-04-05,4294.84,644.23,0.0,266.28,62.28,25.77,115.96,412.3,0.0,2909.75,True,False,none
PR007311,EMP0463,2026-04-19,4089.41,613.41,0.0,253.54,59.3,16.23,110.41,392.58,0.0,2770.58,True,False,none
PR007312,EMP0463,2026-05-03,4266.04,639.91,0.0,264.49,61.86,0.0,16.63,409.54,0.0,2890.24,True,False,none
PR007313,EMP0463,2026-05-17,4325.86,648.88,0.0,268.2,62.72,0.0,0.0,415.28,0.0,2930.78,True,False,none
PR007314,EMP0463,2026-05-31,4344.7,651.7,0.0,269.37,63.0,0.0,0.0,417.09,0.0,2943.54,True,False,none
PR007315,EMP0463,2026-06-14,4124.1,618.62,0.0,255.69,59.8,0.0,0.0,395.91,0.0,2794.08,True,False,none
PR007316,EMP0463,2026-06-28,4367.91,655.19,0.0,270.81,63.33,0.0,0.0,419.32,0.0,2959.26,True,False,none
PR007317,EMP0463,2026-07-12,4286.99,643.05,0.0,265.79,62.16,0.0,0.0,411.55,0.0,2904.44,True,False,none
PR007318,EMP0463,2026-07-26,4362.69,654.4,0.0,270.49,63.26,0.0,0.0,418.82,0.0,2955.72,True,False,none
PR007319,EMP0463,2026-08-09,4229.67,634.45,0.0,262.24,61.33,0.0,0.0,406.05,0.0,2865.6,True,False,none
PR007320,EMP0463,2026-08-23,4248.71,637.31,0.0,263.42,61.61,0.0,0.0,407.88,0.0,2878.49,True,False,none
PR007321,EMP0463,2026-09-06,4375.16,656.27,0.0,271.26,63.44,0.0,0.0,420.02,0.0,2964.17,True,False,none
PR007322,EMP0464,2026-03-29,1989.95,298.49,59.7,123.38,28.85,11.94,53.73,0.0,0.0,1479.53,True,False,none
PR007323,EMP0464,2026-04-05,1920.93,288.14,57.63,119.1,27.85,11.53,51.87,0.0,0.0,1428.21,True,False,none
PR007324,EMP0464,2026-04-12,1894.39,284.16,56.83,117.45,27.47,11.37,51.15,0.0,0.0,1408.48,True,False,none
PR007325,EMP0464,2026-04-19,1912.53,286.88,57.38,118.58,27.73,7.17,51.64,0.0,0.0,1421.96,True,False,none
PR007326,EMP0464,2026-04-26,1911.7,286.75,57.35,118.53,27.72,0.0,34.62,0.0,0.0,1421.35,True,False,none
PR007327,EMP0464,2026-05-03,1896.29,284.44,56.89,117.57,27.5,0.0,0.0,0.0,0.0,1409.89,True,False,none
PR007328,EMP0464,2026-05-10,1893.49,284.02,56.8,117.4,27.46,0.0,0.0,0.0,0.0,1407.81,True,False,none
PR007329,EMP0464,2026-05-17,1984.01,297.6,59.52,123.01,28.77,0.0,0.0,0.0,0.0,1475.11,True,False,none
PR007330,EMP0464,2026-05-24,1863.13,279.47,55.89,115.51,27.02,0.0,0.0,0.0,0.0,1385.24,True,False,none
PR007331,EMP0464,2026-05-31,1955.99,293.4,58.68,121.27,28.36,0.0,0.0,0.0,0.0,1454.28,True,False,none
PR007332,EMP0464,2026-06-07,1878.86,281.83,56.37,116.49,27.24,0.0,0.0,0.0,0.0,1396.93,True,False,none
PR007333,EMP0464,2026-06-14,1905.09,285.76,57.15,118.12,27.62,0.0,0.0,0.0,0.0,1416.44,True,False,none
PR007334,EMP0464,2026-06-21,1861.86,279.28,55.86,115.44,27.0,0.0,0.0,0.0,0.0,1384.28,True,False,none
PR007335,EMP0464,2026-06-28,1893.71,284.06,56.81,117.41,27.46,0.0,0.0,0.0,0.0,1407.97,True,False,none
PR007336,EMP0464,2026-07-05,1969.86,295.48,59.1,122.13,28.56,0.0,0.0,0.0,0.0,1464.59,True,False,none
PR007337,EMP0464,2026-07-12,1987.67,298.15,59.63,123.24,28.82,0.0,0.0,0.0,0.0,1477.83,True,False,none
PR007338,EMP0464,2026-07-19,1886.31,282.95,56.59,116.95,27.35,0.0,0.0,0.0,0.0,1402.47,True,False,none
PR007339,EMP0464,2026-07-26,1923.28,288.49,57.7,119.24,27.89,0.0,0.0,0.0,0.0,1429.96,True,False,none
PR007340,EMP0464,2026-08-02,1924.32,288.65,57.73,119.31,27.9,0.0,0.0,0.0,0.0,1430.73,True,False,none
PR007341,EMP0464,2026-08-09,1985.93,297.89,59.58,123.13,28.8,0.0,0.0,0.0,0.0,1476.53,True,False,none
PR007342,EMP0464,2026-08-16,1969.0,295.35,59.07,122.08,28.55,0.0,0.0,0.0,0.0,1463.95,True,False,none
PR007343,EMP0464,2026-08-23,1930.85,289.63,57.93,119.71,28.0,0.0,0.0,0.0,0.0,1435.58,True,False,none
PR007344,EMP0464,2026-08-30,1954.94,293.24,58.65,121.21,28.35,0.0,0.0,0.0,0.0,1453.49,True,False,none
PR007345,EMP0464,2026-09-06,1981.92,297.29,59.46,122.88,28.74,0.0,0.0,0.0,0.0,1473.55,True,False,none
PR007346,EMP0464,2026-09-13,1853.92,278.09,55.62,114.94,26.88,0.0,0.0,0.0,0.0,1378.39,True,False,none
PR007347,EMP0465,2026-03-31,3561.6,534.24,178.08,220.82,51.64,21.37,96.16,217.26,0.0,2359.56,True,False,none
PR007348,EMP0465,2026-04-15,3704.98,555.75,185.25,229.71,53.72,20.63,100.03,226.0,0.0,2454.55,True,False,none
PR007349,EMP0465,2026-04-30,3657.53,548.63,182.88,226.77,53.03,0.0,46.8,223.11,0.0,2423.11,True,False,none
PR007350,EMP0465,2026-05-15,3601.39,540.21,180.07,223.29,52.22,0.0,0.0,219.68,0.0,2385.92,True,False,none
PR007351,EMP0465,2026-05-31,3597.64,539.65,179.88,223.05,52.17,0.0,0.0,219.46,0.0,2383.43,True,False,none
PR007352,EMP0465,2026-06-15,3545.93,531.89,177.3,219.85,51.42,0.0,0.0,0.0,0.0,2349.17,True,True,missing_401k
PR007353,EMP0465,2026-06-30,3595.04,539.26,179.75,222.89,52.13,0.0,0.0,219.3,0.0,2381.71,True,False,none
PR007354,EMP0465,2026-07-15,3633.38,545.01,181.67,225.27,52.68,0.0,0.0,221.64,0.0,2407.11,True,False,none
PR007355,EMP0465,2026-07-31,3566.0,534.9,178.3,221.09,51.71,0.0,0.0,217.53,0.0,2362.47,True,False,none
PR007356,EMP0465,2026-08-15,3650.09,547.51,182.5,226.31,52.93,0.0,0.0,222.66,0.0,2418.18,True,False,none
PR007357,EMP0465,2026-08-31,3691.9,553.78,184.6,228.9,53.53,0.0,0.0,225.21,0.0,2445.88,True,False,none
PR007358,EMP0466,2026-03-29,1349.29,202.39,0.0,83.66,19.56,8.1,36.43,0.0,0.0,1043.68,True,False,none
PR007359,EMP0466,2026-04-05,1381.91,207.29,0.0,85.68,20.04,8.29,37.31,0.0,0.0,1068.9,True,False,none
PR007360,EMP0466,2026-04-12,1377.13,206.57,0.0,85.38,19.97,8.26,37.18,0.0,0.0,1065.21,True,False,none
PR007361,EMP0466,2026-04-19,1407.84,211.18,0.0,87.29,20.41,8.45,38.01,0.0,0.0,1088.96,True,False,none
PR007362,EMP0466,2026-04-26,1359.75,203.96,0.0,84.3,19.72,8.16,36.71,0.0,0.0,1051.77,True,False,none
PR007363,EMP0466,2026-05-03,1402.65,210.4,0.0,86.96,20.34,0.74,37.87,0.0,0.0,1084.95,True,False,none
PR007364,EMP0466,2026-05-10,1428.72,214.31,0.0,88.58,20.72,0.0,19.48,0.0,0.0,1105.11,True,False,none
PR007365,EMP0466,2026-05-17,1378.24,206.74,0.0,85.45,19.98,0.0,0.0,0.0,0.0,1066.07,True,False,none
PR007366,EMP0466,2026-05-24,1432.4,214.86,0.0,88.81,20.77,0.0,0.0,0.0,0.0,1107.96,True,False,none
PR007367,EMP0466,2026-05-31,1441.43,216.21,0.0,89.37,20.9,0.0,0.0,0.0,0.0,1114.95,True,False,none
PR007368,EMP0466,2026-06-07,1343.95,201.59,0.0,83.32,19.49,0.0,0.0,0.0,0.0,1039.55,False,True,late_journal_posting
PR007369,EMP0466,2026-06-14,1357.9,203.69,0.0,84.19,19.69,0.0,0.0,0.0,0.0,1050.33,True,False,none
PR007370,EMP0466,2026-06-21,1436.72,215.51,0.0,89.08,20.83,0.0,0.0,0.0,0.0,1111.3,True,False,none
PR007371,EMP0466,2026-06-28,1437.6,215.64,0.0,89.13,20.85,0.0,0.0,0.0,0.0,1111.98,True,False,none
PR007372,EMP0466,2026-07-05,1343.03,201.45,0.0,83.27,19.47,0.0,0.0,0.0,0.0,1038.84,True,False,none
PR007373,EMP0466,2026-07-12,1333.95,200.09,0.0,82.7,19.34,0.0,0.0,0.0,0.0,1031.82,True,False,none
PR007374,EMP0466,2026-07-19,1350.0,202.5,0.0,83.7,19.57,0.0,0.0,0.0,0.0,1044.23,True,False,none
PR007375,EMP0466,2026-07-26,1441.74,216.26,0.0,89.39,20.91,0.0,0.0,0.0,0.0,1115.18,True,False,none
PR007376,EMP0466,2026-08-02,1352.08,202.81,0.0,83.83,19.61,0.0,0.0,0.0,0.0,1045.83,True,False,none
PR007377,EMP0466,2026-08-09,1387.52,208.13,0.0,86.03,20.12,0.0,0.0,0.0,0.0,1073.24,True,False,none
PR007378,EMP0466,2026-08-16,1425.52,213.83,0.0,88.38,20.67,0.0,0.0,0.0,0.0,1102.64,True,False,none
PR007379,EMP0466,2026-08-23,1334.54,200.18,0.0,82.74,19.35,0.0,0.0,0.0,0.0,1032.27,True,False,none
PR007380,EMP0466,2026-08-30,1398.72,209.81,0.0,86.72,20.28,0.0,0.0,0.0,0.0,1081.91,True,False,none
PR007381,EMP0466,2026-09-06,1362.74,204.41,0.0,84.49,19.76,0.0,0.0,0.0,0.0,1054.08,True,False,none
PR007382,EMP0466,2026-09-13,1427.05,214.06,0.0,88.48,20.69,0.0,0.0,0.0,0.0,1103.82,True,False,none
PR007383,EMP0467,2026-03-31,5668.05,850.21,283.4,351.42,82.19,34.01,153.04,0.0,0.0,4322.52,True,True,net_pay_mismatch
PR007384,EMP0467,2026-04-15,5846.55,876.98,292.33,362.49,84.77,7.99,89.96,0.0,0.0,4229.98,True,False,none
PR007385,EMP0467,2026-04-30,5639.75,845.96,281.99,349.66,81.78,0.0,0.0,0.0,0.0,4080.36,True,False,none
PR007386,EMP0467,2026-05-15,5554.47,833.17,277.72,344.38,80.54,0.0,0.0,0.0,0.0,4018.66,True,False,none
PR007387,EMP0467,2026-05-31,5725.51,858.83,286.28,354.98,83.02,0.0,0.0,0.0,0.0,4142.4,True,False,none
PR007388,EMP0467,2026-06-15,5670.67,850.6,283.53,351.58,82.22,0.0,0.0,0.0,0.0,4102.74,True,False,none
PR007389,EMP0467,2026-06-30,5908.1,886.22,295.41,366.3,85.67,0.0,0.0,0.0,0.0,4274.5,True,False,none
PR007390,EMP0467,2026-07-15,5904.17,885.63,295.21,366.06,85.61,0.0,0.0,0.0,0.0,4271.66,True,False,none
PR007391,EMP0467,2026-07-31,5747.33,862.1,287.37,356.33,83.34,0.0,0.0,0.0,0.0,4158.19,True,False,none
PR007392,EMP0467,2026-08-15,5815.62,872.34,290.78,360.57,84.33,0.0,0.0,0.0,0.0,4207.6,True,False,none
PR007393,EMP0467,2026-08-31,5814.59,872.19,290.73,360.5,84.31,0.0,0.0,0.0,0.0,4463.65,True,True,net_pay_mismatch
PR007394,EMP0468,2026-04-05,4860.13,729.02,0.0,301.33,70.47,29.16,131.22,0.0,0.0,3759.31,True,False,none
PR007395,EMP0468,2026-04-19,4802.22,720.33,0.0,297.74,69.63,12.84,111.78,0.0,0.0,3714.52,True,False,none
PR007396,EMP0468,2026-05-03,4798.18,719.73,0.0,297.49,69.57,0.0,0.0,0.0,0.0,3711.39,True,False,none
PR007397,EMP0468,2026-05-17,4903.19,735.48,0.0,304.0,71.1,0.0,0.0,0.0,0.0,3792.61,True,False,none
PR007398,EMP0468,2026-05-31,4869.48,730.42,0.0,301.91,70.61,0.0,0.0,0.0,0.0,3766.54,False,True,late_journal_posting
PR007399,EMP0468,2026-06-14,4865.99,729.9,0.0,301.69,70.56,0.0,0.0,0.0,0.0,3763.84,True,False,none
PR007400,EMP0468,2026-06-28,4730.84,709.63,0.0,293.31,68.6,0.0,0.0,0.0,0.0,3659.3,True,False,none
PR007401,EMP0468,2026-07-12,4973.83,746.07,0.0,308.38,72.12,0.0,0.0,0.0,0.0,3847.26,True,False,none
PR007402,EMP0468,2026-07-26,4778.32,716.75,0.0,296.26,69.29,0.0,0.0,0.0,0.0,3696.02,True,False,none
PR007403,EMP0468,2026-08-09,4771.82,715.77,0.0,295.85,69.19,0.0,0.0,0.0,0.0,3691.01,True,False,none
PR007404,EMP0468,2026-08-23,4855.39,728.31,0.0,301.03,70.4,0.0,0.0,0.0,0.0,3755.65,True,False,none
PR007405,EMP0468,2026-09-06,4783.76,717.56,0.0,296.59,69.36,0.0,0.0,0.0,0.0,3700.25,True,False,none
PR007406,EMP0469,2026-04-05,5515.57,827.34,275.78,341.97,79.98,33.09,148.92,176.5,0.0,3814.0,True,False,none
PR007407,EMP0469,2026-04-19,5423.39,813.51,271.17,336.25,78.64,8.91,94.08,173.55,0.0,3750.27,True,False,none
PR007408,EMP0469,2026-05-03,5457.0,818.55,272.85,338.33,79.13,0.0,0.0,174.62,0.0,3773.52,True,False,none
PR007409,EMP0469,2026-05-17,5495.31,824.3,274.77,340.71,79.68,0.0,0.0,175.85,0.0,3800.0,True,False,none
PR007410,EMP0469,2026-05-31,5350.51,802.58,267.53,331.73,77.58,0.0,0.0,171.22,0.0,3699.87,True,False,none
PR007411,EMP0469,2026-06-14,5329.77,799.47,266.49,330.45,77.28,0.0,0.0,170.55,0.0,3685.53,True,False,none
PR007412,EMP0469,2026-06-28,5644.27,846.64,282.21,349.94,81.84,0.0,0.0,180.62,0.0,3903.02,True,False,none
PR007413,EMP0469,2026-07-12,5450.41,817.56,272.52,337.93,79.03,0.0,0.0,174.41,0.0,3768.96,True,False,none
PR007414,EMP0469,2026-07-26,5441.02,816.15,272.05,337.34,78.89,0.0,0.0,174.11,0.0,3762.48,True,False,none
PR007415,EMP0469,2026-08-09,5277.63,791.64,263.88,327.21,76.53,0.0,0.0,168.88,0.0,3649.49,True,False,none
PR007416,EMP0469,2026-08-23,5478.3,821.75,273.92,339.65,79.44,0.0,0.0,175.31,0.0,3788.23,True,False,none
PR007417,EMP0469,2026-09-06,5502.68,825.4,275.13,341.17,79.79,0.0,0.0,176.09,0.0,3805.1,True,False,none
PR007418,EMP0470,2026-03-31,4844.72,726.71,242.24,300.37,70.25,29.07,130.81,0.0,0.0,3505.15,True,False,none
PR007419,EMP0470,2026-04-15,4901.32,735.2,245.07,303.88,71.07,12.93,112.19,0.0,0.0,3546.1,True,False,none
PR007420,EMP0470,2026-04-30,4699.06,704.86,234.95,291.34,68.14,0.0,0.0,0.0,0.0,3399.77,True,False,none
PR007421,EMP0470,2026-05-15,4727.6,709.14,236.38,293.11,68.55,0.0,0.0,0.0,0.0,3420.42,True,False,none
PR007422,EMP0470,2026-05-31,4940.93,741.14,247.05,306.34,71.64,0.0,0.0,0.0,0.0,3287.97,True,True,net_pay_mismatch
PR007423,EMP0470,2026-06-15,4683.19,702.48,234.16,290.36,67.91,0.0,0.0,0.0,0.0,3388.28,True,True,wage_base_cap_error
PR007424,EMP0470,2026-06-30,4821.35,723.2,241.07,298.92,69.91,0.0,0.0,0.0,0.0,3488.25,True,False,none
PR007425,EMP0470,2026-07-15,4713.07,706.96,235.65,292.21,68.34,0.0,0.0,0.0,0.0,3409.91,True,False,none
PR007426,EMP0470,2026-07-31,4654.21,698.13,232.71,288.56,67.49,0.0,0.0,0.0,0.0,3367.32,True,False,none
PR007427,EMP0470,2026-08-15,4755.6,713.34,237.78,294.85,68.96,0.0,0.0,0.0,0.0,3440.67,True,False,none
PR007428,EMP0470,2026-08-31,4686.15,702.92,234.31,290.54,67.95,0.0,0.0,0.0,0.0,3390.43,True,False,none
PR007429,EMP0471,2026-03-29,2725.6,408.84,163.54,168.99,39.52,16.35,73.59,0.0,0.0,1944.71,True,False,none
PR007430,EMP0471,2026-04-05,2688.18,403.23,161.29,166.67,38.98,16.13,72.58,0.0,0.0,1918.01,True,False,none
PR007431,EMP0471,2026-04-12,2605.38,390.81,156.32,161.53,37.78,9.52,70.35,0.0,0.0,1858.94,True,False,none
PR007432,EMP0471,2026-04-19,2576.8,386.52,154.61,159.76,37.36,0.0,26.48,0.0,0.0,1838.55,True,False,none
PR007433,EMP0471,2026-04-26,2746.45,411.97,164.79,170.28,39.82,0.0,0.0,0.0,0.0,1959.59,True,False,none
PR007434,EMP0471,2026-05-03,2612.25,391.84,156.73,161.96,37.88,0.0,0.0,0.0,0.0,1863.84,True,False,none
PR007435,EMP0471,2026-05-10,2703.57,405.54,162.21,167.62,39.2,0.0,0.0,0.0,0.0,1929.0,True,False,none
PR007436,EMP0471,2026-05-17,2646.38,396.96,158.78,164.08,38.37,0.0,0.0,0.0,0.0,1888.19,True,False,none
PR007437,EMP0471,2026-05-24,2699.17,404.88,161.95,167.35,39.14,0.0,0.0,0.0,0.0,1925.85,True,False,none
PR007438,EMP0471,2026-05-31,2641.87,396.28,158.51,163.8,38.31,0.0,0.0,0.0,0.0,1884.97,True,False,none
PR007439,EMP0471,2026-06-07,2593.3,389.0,155.6,160.78,37.6,0.0,0.0,0.0,0.0,1850.32,True,False,none
PR007440,EMP0471,2026-06-14,2622.18,393.33,157.33,162.58,38.02,0.0,0.0,0.0,0.0,1870.92,True,False,none
PR007441,EMP0471,2026-06-21,2614.77,392.22,156.89,162.12,37.91,0.0,0.0,0.0,0.0,1865.63,True,False,none
PR007442,EMP0471,2026-06-28,2665.73,399.86,159.94,165.28,38.65,0.0,0.0,0.0,0.0,1902.0,True,False,none
PR007443,EMP0471,2026-07-05,2714.63,407.19,162.88,168.31,39.36,0.0,0.0,0.0,0.0,1936.89,True,False,none
PR007444,EMP0471,2026-07-12,2630.86,394.63,157.85,163.11,38.15,0.0,0.0,0.0,0.0,1877.12,True,False,none
PR007445,EMP0471,2026-07-19,2577.4,386.61,154.64,159.8,37.37,0.0,0.0,0.0,0.0,1838.98,True,False,none
PR007446,EMP0471,2026-07-26,2685.04,402.76,161.1,166.47,38.93,0.0,0.0,0.0,0.0,1915.78,True,False,none
PR007447,EMP0471,2026-08-02,2703.47,405.52,162.21,167.62,39.2,0.0,0.0,0.0,0.0,1928.92,True,False,none
PR007448,EMP0471,2026-08-09,2779.31,416.9,166.76,172.32,40.3,0.0,0.0,0.0,0.0,1983.03,True,False,none
PR007449,EMP0471,2026-08-16,2700.02,405.0,162.0,167.4,39.15,0.0,0.0,0.0,0.0,1926.47,True,False,none
PR007450,EMP0471,2026-08-23,2674.89,401.23,160.49,165.84,38.79,0.0,0.0,0.0,0.0,1908.54,True,False,none
PR007451,EMP0471,2026-08-30,2696.6,404.49,161.8,167.19,39.1,0.0,0.0,0.0,0.0,1924.02,True,False,none
PR007452,EMP0471,2026-09-06,2771.88,415.78,166.31,171.86,40.19,0.0,0.0,0.0,0.0,1977.74,True,False,none
PR007453,EMP0471,2026-09-13,2750.75,412.61,165.04,170.55,39.89,0.0,0.0,0.0,0.0,1962.66,True,False,none
PR007454,EMP0472,2026-04-05,2010.04,301.51,120.6,124.62,29.15,12.06,54.27,0.0,0.0,1434.16,True,False,none
PR007455,EMP0472,2026-04-19,1996.19,299.43,119.77,222.77,28.94,11.98,53.9,0.0,0.0,1424.29,True,True,tax_miscalculation
PR007456,EMP0472,2026-05-03,2000.29,300.04,120.02,124.02,29.0,12.0,54.01,0.0,0.0,1427.21,True,False,none
PR007457,EMP0472,2026-05-17,2039.33,305.9,122.36,126.44,29.57,5.96,55.06,0.0,0.0,1455.06,True,False,none
PR007458,EMP0472,2026-05-31,2078.03,311.7,124.68,128.84,30.13,0.0,25.76,0.0,0.0,1482.68,True,False,none
PR007459,EMP0472,2026-06-14,2039.14,305.87,122.35,126.43,29.57,0.0,0.0,0.0,0.0,1454.92,True,False,none
PR007460,EMP0472,2026-06-28,1968.83,295.32,118.13,122.07,28.55,0.0,0.0,0.0,0.0,1404.76,True,False,none
PR007461,EMP0472,2026-07-12,2074.72,311.21,124.48,128.63,30.08,0.0,0.0,0.0,0.0,1480.32,True,False,none
PR007462,EMP0472,2026-07-26,2088.03,313.2,125.28,129.46,30.28,0.0,0.0,0.0,0.0,1489.81,True,False,none
PR007463,EMP0472,2026-08-09,2004.63,300.69,120.28,124.29,29.07,0.0,0.0,0.0,0.0,1430.3,True,False,none
PR007464,EMP0472,2026-08-23,2065.12,309.77,123.91,128.04,29.94,0.0,0.0,0.0,0.0,1473.46,True,False,none
PR007465,EMP0472,2026-09-06,2026.77,304.02,121.61,125.66,29.39,0.0,0.0,0.0,0.0,1446.09,True,False,none
PR007466,EMP0473,2026-03-31,1714.14,257.12,51.42,106.28,24.86,10.28,46.28,0.0,0.0,1274.46,True,False,none
PR007467,EMP0473,2026-04-15,1708.36,256.25,51.25,105.92,24.77,10.25,46.13,0.0,0.0,1270.17,True,False,none
PR007468,EMP0473,2026-04-30,1666.23,249.93,49.99,103.31,24.16,10.0,44.99,0.0,0.0,1238.84,True,False,none
PR007469,EMP0473,2026-05-15,1688.11,253.22,50.64,104.66,24.48,10.13,45.58,0.0,0.0,1255.11,True,False,none
PR007470,EMP0473,2026-05-31,1713.38,257.01,51.4,106.23,24.84,1.34,46.26,0.0,0.0,1273.9,True,False,none
PR007471,EMP0473,2026-06-15,1662.32,249.35,49.87,103.06,24.1,0.0,13.76,0.0,0.0,1235.94,True,False,none
PR007472,EMP0473,2026-06-30,1638.29,245.74,49.15,101.57,23.76,0.0,0.0,0.0,0.0,1218.07,True,False,none
PR007473,EMP0473,2026-07-15,1696.3,254.44,50.89,105.17,24.6,0.0,0.0,0.0,0.0,1261.2,True,False,none
PR007474,EMP0473,2026-07-31,1626.01,243.9,48.78,100.81,23.58,0.0,0.0,0.0,0.0,1208.94,True,False,none
PR007475,EMP0473,2026-08-15,1648.2,247.23,49.45,102.19,23.9,0.0,0.0,0.0,0.0,1225.43,True,False,none
PR007476,EMP0473,2026-08-31,1711.06,256.66,51.33,106.09,24.81,0.0,0.0,0.0,0.0,1272.17,True,False,none
PR007477,EMP0474,2026-04-05,4576.24,686.44,228.81,283.73,66.36,27.46,123.56,0.0,0.0,3310.9,True,False,none
PR007478,EMP0474,2026-04-19,4462.05,669.31,223.1,276.65,64.7,14.54,119.44,0.0,0.0,3228.29,True,False,none
PR007479,EMP0474,2026-05-03,4394.72,659.21,219.74,272.47,63.72,0.0,0.0,0.0,0.0,3179.58,True,False,none
PR007480,EMP0474,2026-05-17,4445.02,666.75,222.25,275.59,64.45,0.0,0.0,0.0,0.0,3215.98,True,False,none
PR007481,EMP0474,2026-05-31,4419.42,662.91,220.97,274.0,64.08,0.0,0.0,0.0,0.0,3197.46,False,True,late_journal_posting
PR007482,EMP0474,2026-06-14,4380.95,657.14,219.05,271.62,63.52,0.0,0.0,0.0,0.0,3169.62,True,False,none
PR007483,EMP0474,2026-06-28,4582.97,687.45,229.15,284.14,66.45,0.0,0.0,0.0,0.0,3315.78,True,False,none
PR007484,EMP0474,2026-07-12,4408.01,661.2,220.4,273.3,63.92,0.0,0.0,0.0,0.0,3189.19,True,False,none
PR007485,EMP0474,2026-07-26,4479.99,672.0,224.0,277.76,64.96,0.0,0.0,0.0,0.0,3241.27,True,False,none
PR007486,EMP0474,2026-08-09,4455.66,668.35,222.78,276.25,64.61,0.0,0.0,0.0,0.0,3223.67,True,False,none
PR007487,EMP0474,2026-08-23,4668.0,700.2,233.4,289.42,67.69,0.0,0.0,0.0,0.0,3377.29,True,False,none
PR007488,EMP0474,2026-09-06,4457.52,668.63,222.88,276.37,64.63,0.0,0.0,0.0,0.0,3225.01,True,False,none
PR007489,EMP0475,2026-04-05,3639.54,545.93,0.0,225.65,52.77,21.84,98.27,0.0,0.0,2815.19,True,False,none
PR007490,EMP0475,2026-04-19,3642.48,546.37,0.0,225.83,52.82,20.16,98.35,0.0,0.0,2817.46,True,False,none
PR007491,EMP0475,2026-05-03,3791.86,568.78,0.0,235.1,54.98,0.0,46.39,0.0,0.0,2933.0,True,False,none
PR007492,EMP0475,2026-05-17,3794.42,569.16,0.0,235.25,55.02,0.0,0.0,0.0,0.0,2934.99,True,False,none
PR007493,EMP0475,2026-05-31,3740.57,561.09,0.0,231.92,54.24,0.0,0.0,0.0,0.0,2893.32,True,False,none
PR007494,EMP0475,2026-06-14,3744.47,561.67,0.0,232.16,54.29,0.0,0.0,0.0,0.0,2896.35,True,False,none
PR007495,EMP0475,2026-06-28,3631.77,544.77,0.0,225.17,52.66,0.0,0.0,0.0,0.0,2809.17,True,False,none
PR007496,EMP0475,2026-07-12,3769.73,565.46,0.0,233.72,54.66,0.0,0.0,0.0,0.0,2915.89,True,False,none
PR007497,EMP0475,2026-07-26,3766.21,564.93,0.0,233.51,54.61,0.0,0.0,0.0,0.0,2913.16,True,False,none
PR007498,EMP0475,2026-08-09,3660.29,549.04,0.0,226.94,53.07,0.0,0.0,0.0,0.0,2831.24,True,False,none
PR007499,EMP0475,2026-08-23,3646.66,547.0,0.0,226.09,52.88,0.0,0.0,0.0,0.0,2820.69,True,False,none
PR007500,EMP0475,2026-09-06,3652.54,547.88,0.0,226.46,52.96,0.0,0.0,0.0,0.0,2825.24,True,False,none
PR007501,EMP0476,2026-03-31,5180.85,777.13,259.04,321.21,75.12,31.09,139.88,176.15,0.0,3572.2,True,False,none
PR007502,EMP0476,2026-04-15,5396.4,809.46,269.82,334.58,78.25,10.91,103.12,183.48,0.0,3720.81,True,False,none
PR007503,EMP0476,2026-04-30,5221.3,783.2,261.06,323.72,75.71,0.0,0.0,177.52,0.0,3600.09,True,False,none
PR007504,EMP0476,2026-05-15,5244.58,786.69,262.23,325.16,76.05,0.0,0.0,178.32,0.0,3616.13,True,False,none
PR007505,EMP0476,2026-05-31,5211.59,781.74,260.58,323.12,75.57,0.0,0.0,177.19,0.0,3593.39,True,False,none
PR007506,EMP0476,2026-06-15,5543.92,831.59,277.2,343.72,80.39,0.0,0.0,188.49,0.0,3822.53,True,False,none
PR007507,EMP0476,2026-06-30,5500.18,825.03,275.01,341.01,79.75,0.0,0.0,187.01,0.0,3792.37,True,False,none
PR007508,EMP0476,2026-07-15,5235.71,785.36,261.79,324.61,75.92,0.0,0.0,178.01,0.0,3610.02,True,False,none
PR007509,EMP0476,2026-07-31,5276.84,791.53,263.84,327.16,76.51,0.0,0.0,179.41,0.0,3638.39,True,False,none
PR007510,EMP0476,2026-08-15,5226.98,784.05,261.35,324.07,75.79,0.0,0.0,177.72,0.0,3604.0,True,False,none
PR007511,EMP0476,2026-08-31,5346.47,801.97,267.32,331.48,77.52,0.0,0.0,181.78,0.0,3686.4,True,False,none
PR007512,EMP0477,2026-04-05,4553.86,683.08,0.0,282.34,66.03,27.32,122.95,182.15,0.0,3340.26,True,False,none
PR007513,EMP0477,2026-04-19,4798.25,719.74,0.0,297.49,69.57,14.68,120.05,191.93,0.0,3519.52,True,False,none
PR007514,EMP0477,2026-05-03,4742.68,711.4,0.0,294.05,68.77,0.0,0.0,189.71,0.0,3478.75,True,False,none
PR007515,EMP0477,2026-05-17,4883.47,732.52,0.0,302.78,70.81,0.0,0.0,195.34,0.0,3582.02,True,False,none
PR007516,EMP0477,2026-05-31,4608.15,691.22,0.0,285.71,66.82,0.0,0.0,184.33,0.0,3380.07,True,False,none
PR007517,EMP0477,2026-06-14,4848.03,727.2,0.0,300.58,70.3,0.0,0.0,193.92,0.0,3556.03,True,False,none
PR007518,EMP0477,2026-06-28,4843.47,726.52,0.0,300.3,70.23,0.0,0.0,193.74,0.0,3552.68,True,False,none
PR007519,EMP0477,2026-07-12,4594.2,689.13,0.0,284.84,66.62,0.0,0.0,183.77,0.0,3369.84,True,False,none
PR007520,EMP0477,2026-07-26,4695.96,704.39,0.0,291.15,68.09,0.0,0.0,187.84,0.0,3444.49,True,False,none
PR007521,EMP0477,2026-08-09,4610.31,691.55,0.0,285.84,66.85,0.0,0.0,184.41,0.0,3381.66,True,False,none
PR007522,EMP0477,2026-08-23,4642.02,696.3,0.0,287.81,67.31,0.0,0.0,185.68,0.0,3404.92,True,False,none
PR007523,EMP0477,2026-09-06,4645.22,696.78,0.0,288.0,67.36,0.0,0.0,185.81,0.0,3407.27,True,False,none
PR007524,EMP0478,2026-03-31,2134.38,320.16,106.72,132.33,30.95,12.81,57.63,76.84,0.0,1467.38,True,False,none
PR007525,EMP0478,2026-04-15,2110.01,316.5,105.5,130.82,30.6,12.66,56.97,75.96,0.0,1450.63,True,False,none
PR007526,EMP0478,2026-04-30,2200.28,330.04,110.01,136.42,31.9,13.2,59.41,79.21,0.0,1512.7,True,False,none
PR007527,EMP0478,2026-05-15,2062.03,309.3,103.1,127.85,29.9,3.33,55.67,74.23,0.0,1417.65,True,False,none
PR007528,EMP0478,2026-05-31,2204.65,330.7,110.23,136.69,31.97,0.0,13.32,79.37,0.0,1515.69,True,False,none
PR007529,EMP0478,2026-06-15,2079.58,311.94,103.98,128.93,30.15,0.0,0.0,74.86,0.0,1429.72,True,False,none
PR007530,EMP0478,2026-06-30,2170.85,325.63,108.54,134.59,31.48,0.0,0.0,78.15,0.0,1492.46,True,False,none
PR007531,EMP0478,2026-07-15,2097.82,314.67,104.89,130.06,30.42,0.0,0.0,75.52,0.0,1442.26,True,False,none
PR007532,EMP0478,2026-07-31,2064.85,309.73,103.24,128.02,29.94,0.0,0.0,74.33,0.0,1419.59,True,False,none
PR007533,EMP0478,2026-08-15,2185.16,327.77,109.26,135.48,31.68,0.0,0.0,78.67,0.0,1502.3,True,False,none
PR007534,EMP0478,2026-08-31,2092.75,313.91,104.64,129.75,30.34,0.0,0.0,75.34,0.0,1438.77,True,False,none
PR007535,EMP0479,2026-04-05,4879.38,731.91,0.0,302.52,70.75,29.28,131.74,424.51,0.0,3349.69,True,False,none
PR007536,EMP0479,2026-04-19,4844.11,726.62,0.0,300.33,70.24,12.72,111.26,421.44,0.0,3325.48,True,False,none
PR007537,EMP0479,2026-05-03,4807.97,721.2,0.0,298.09,69.72,0.0,0.0,418.29,0.0,3300.67,True,False,none
PR007538,EMP0479,2026-05-17,4817.15,722.57,0.0,298.66,69.85,0.0,0.0,419.09,0.0,3306.98,True,False,none
PR007539,EMP0479,2026-05-31,4907.39,736.11,0.0,304.26,71.16,0.0,0.0,426.94,0.0,3368.92,True,False,none
PR007540,EMP0479,2026-06-14,4661.41,699.21,0.0,289.01,67.59,0.0,0.0,405.54,0.0,3200.06,True,False,none
PR007541,EMP0479,2026-06-28,4882.94,732.44,0.0,302.74,70.8,0.0,0.0,424.82,0.0,3352.14,True,False,none
PR007542,EMP0479,2026-07-12,4969.82,745.47,0.0,308.13,72.06,0.0,0.0,432.37,0.0,3411.79,True,False,none
PR007543,EMP0479,2026-07-26,4649.96,697.49,0.0,288.3,67.42,0.0,0.0,404.55,0.0,3192.2,False,True,late_journal_posting
PR007544,EMP0479,2026-08-09,4681.59,702.24,0.0,290.26,67.88,0.0,0.0,407.3,814.6,3213.91,True,True,duplicate_deduction
PR007545,EMP0479,2026-08-23,4901.43,735.21,0.0,303.89,71.07,0.0,0.0,426.42,0.0,3364.84,True,False,none
PR007546,EMP0479,2026-09-06,4794.81,719.22,0.0,297.28,69.52,0.0,0.0,417.15,0.0,3291.64,True,False,none
PR007547,EMP0480,2026-04-05,3512.09,526.81,0.0,217.75,50.93,21.07,94.83,196.68,0.0,2519.92,True,False,none
PR007548,EMP0480,2026-04-19,3437.36,515.6,0.0,213.12,49.84,20.62,92.81,192.49,0.0,2466.31,True,False,none
PR007549,EMP0480,2026-05-03,3541.03,531.15,0.0,219.54,51.34,0.3,55.36,198.3,0.0,2540.7,True,False,none
PR007550,EMP0480,2026-05-17,3434.44,515.17,0.0,212.94,49.8,0.0,0.0,192.33,0.0,2464.2,True,False,none
PR007551,EMP0480,2026-05-31,3532.58,529.89,0.0,219.02,51.22,0.0,0.0,197.82,0.0,2534.63,True,False,none
PR007552,EMP0480,2026-06-14,3613.03,541.95,0.0,224.01,52.39,0.0,0.0,202.33,0.0,2592.35,True,False,none
PR007553,EMP0480,2026-06-28,3471.37,520.71,0.0,215.22,50.33,0.0,0.0,194.4,0.0,2490.71,True,False,none
PR007554,EMP0480,2026-07-12,3533.75,530.06,0.0,219.09,51.24,0.0,0.0,197.89,0.0,2535.47,True,False,none
PR007555,EMP0480,2026-07-26,3677.06,551.56,0.0,227.98,53.32,0.0,0.0,205.92,0.0,2638.28,True,False,none
PR007556,EMP0480,2026-08-09,3591.46,538.72,0.0,222.67,52.08,0.0,0.0,201.12,0.0,2576.87,True,False,none
PR007557,EMP0480,2026-08-23,3634.82,545.22,0.0,225.36,52.7,0.0,0.0,203.55,0.0,2607.99,True,False,none
PR007558,EMP0480,2026-09-06,3515.26,527.29,0.0,217.95,50.97,0.0,0.0,196.85,0.0,2522.2,True,False,none
PR007559,EMP0481,2026-03-31,5635.2,845.28,225.41,349.38,81.71,33.81,152.15,332.48,0.0,3800.94,True,False,none
PR007560,EMP0481,2026-04-15,5317.29,797.59,212.69,329.67,77.1,8.19,90.85,313.72,0.0,3586.52,True,False,none
PR007561,EMP0481,2026-04-30,5353.3,803.0,214.13,331.9,77.62,0.0,0.0,315.84,0.0,3610.81,True,False,none
PR007562,EMP0481,2026-05-15,5388.34,808.25,215.53,334.08,78.13,0.0,0.0,317.91,0.0,3634.44,True,False,none
PR007563,EMP0481,2026-05-31,5475.27,821.29,219.01,339.47,79.39,0.0,0.0,323.04,0.0,3693.07,True,False,none
PR007564,EMP0481,2026-06-15,5669.24,850.39,226.77,175.75,82.2,0.0,0.0,334.49,0.0,3823.9,True,True,tax_miscalculation
PR007565,EMP0481,2026-06-30,5450.93,817.64,218.04,337.96,79.04,0.0,0.0,321.6,0.0,3676.65,True,False,none
PR007566,EMP0481,2026-07-15,5585.7,837.85,223.43,346.31,80.99,0.0,0.0,329.56,0.0,3767.56,True,False,none
PR007567,EMP0481,2026-07-31,5609.61,841.44,493.64,347.8,81.34,0.0,0.0,330.97,0.0,3783.68,True,True,tax_miscalculation
PR007568,EMP0481,2026-08-15,5555.79,833.37,222.23,344.46,80.56,0.0,0.0,327.79,0.0,3747.38,True,False,none
PR007569,EMP0481,2026-08-31,5455.72,818.36,218.23,338.25,79.11,0.0,0.0,321.89,0.0,3679.88,True,False,none
PR007570,EMP0482,2026-03-29,2428.55,364.28,0.0,150.57,35.21,14.57,65.57,155.43,0.0,1723.06,True,False,none
PR007571,EMP0482,2026-04-05,2383.66,357.55,0.0,147.79,34.56,14.3,64.36,152.55,0.0,1691.21,True,False,none
PR007572,EMP0482,2026-04-12,2334.26,350.14,0.0,144.72,33.85,13.13,63.03,149.39,0.0,1656.16,True,False,none
PR007573,EMP0482,2026-04-19,2508.04,376.21,0.0,155.5,36.37,0.0,50.05,160.51,0.0,1779.45,True,False,none
PR007574,EMP0482,2026-04-26,2342.54,351.38,0.0,145.24,33.97,0.0,0.0,149.92,0.0,1662.03,True,False,none
PR007575,EMP0482,2026-05-03,2332.05,349.81,0.0,144.59,33.81,0.0,0.0,149.25,0.0,1654.59,True,False,none
PR007576,EMP0482,2026-05-10,2486.19,372.93,0.0,154.14,36.05,0.0,0.0,159.12,0.0,1763.95,True,False,none
PR007577,EMP0482,2026-05-17,2375.93,356.39,0.0,147.31,34.45,0.0,0.0,152.06,0.0,1685.72,True,False,none
PR007578,EMP0482,2026-05-24,2442.55,366.38,0.0,151.44,35.42,0.0,0.0,156.32,0.0,1732.99,True,False,none
PR007579,EMP0482,2026-05-31,2381.12,357.17,0.0,147.63,34.53,0.0,0.0,152.39,0.0,1689.4,True,False,none
PR007580,EMP0482,2026-06-07,2393.06,358.96,0.0,148.37,34.7,0.0,0.0,153.16,0.0,1697.87,True,False,none
PR007581,EMP0482,2026-06-14,2368.33,355.25,0.0,146.84,34.34,0.0,0.0,151.57,0.0,1680.33,True,False,none
PR007582,EMP0482,2026-06-21,2383.81,357.57,0.0,147.8,34.57,0.0,0.0,152.56,0.0,1691.31,True,False,none
PR007583,EMP0482,2026-06-28,2396.74,359.51,0.0,148.6,34.75,0.0,0.0,153.39,0.0,1700.49,True,False,none
PR007584,EMP0482,2026-07-05,2455.96,368.39,0.0,152.27,35.61,0.0,0.0,157.18,0.0,1742.51,True,True,wage_base_cap_error
PR007585,EMP0482,2026-07-12,2416.02,362.4,0.0,149.79,35.03,0.0,0.0,154.63,0.0,1714.17,True,False,none
PR007586,EMP0482,2026-07-19,2498.62,374.79,0.0,154.91,36.23,0.0,0.0,159.91,0.0,1772.78,True,False,none
PR007587,EMP0482,2026-07-26,2326.23,348.93,0.0,144.23,33.73,0.0,0.0,148.88,0.0,1650.46,True,False,none
PR007588,EMP0482,2026-08-02,2414.4,362.16,0.0,149.69,35.01,0.0,0.0,154.52,0.0,1713.02,True,False,none
PR007589,EMP0482,2026-08-09,2429.92,364.49,0.0,150.66,35.23,0.0,0.0,155.51,0.0,1724.03,True,False,none
PR007590,EMP0482,2026-08-16,2494.16,374.12,0.0,154.64,36.17,0.0,0.0,159.63,0.0,1769.6,True,False,none
PR007591,EMP0482,2026-08-23,2327.62,349.14,0.0,144.31,33.75,0.0,0.0,148.97,0.0,1651.45,True,False,none
PR007592,EMP0482,2026-08-30,2427.87,364.18,0.0,150.53,35.2,0.0,0.0,155.38,0.0,1722.58,True,False,none
PR007593,EMP0482,2026-09-06,2481.43,372.21,0.0,153.85,35.98,0.0,0.0,158.81,0.0,1760.58,True,False,none
PR007594,EMP0482,2026-09-13,2364.48,354.67,0.0,146.6,34.28,0.0,0.0,151.33,0.0,1677.6,True,False,none
PR007595,EMP0483,2026-04-05,2984.09,447.61,179.05,185.01,43.27,17.9,80.57,196.95,0.0,1932.2,True,False,none
PR007596,EMP0483,2026-04-19,2787.33,418.1,167.24,172.81,40.42,16.72,75.26,183.96,0.0,1804.8,True,False,none
PR007597,EMP0483,2026-05-03,2951.07,442.66,177.06,182.97,42.79,7.37,79.68,194.77,0.0,1910.82,True,False,none
PR007598,EMP0483,2026-05-17,2997.13,449.57,179.83,185.82,43.46,0.0,7.49,197.81,0.0,1940.64,True,False,none
PR007599,EMP0483,2026-05-31,2933.8,440.07,176.03,181.9,42.54,0.0,0.0,193.63,0.0,1899.63,True,False,none
PR007600,EMP0483,2026-06-14,2883.72,432.56,173.02,178.79,41.81,0.0,0.0,190.33,0.0,1867.21,True,False,none
PR007601,EMP0483,2026-06-28,2793.26,418.99,167.6,173.18,40.5,0.0,0.0,184.36,0.0,1808.63,True,False,none
PR007602,EMP0483,2026-07-12,2994.14,449.12,179.65,185.64,43.42,0.0,0.0,197.61,0.0,1938.7,True,False,none
PR007603,EMP0483,2026-07-26,2890.9,433.63,173.45,179.24,41.92,0.0,0.0,190.8,0.0,1871.86,True,False,none
PR007604,EMP0483,2026-08-09,2789.61,418.44,167.38,172.96,40.45,0.0,0.0,184.11,0.0,1806.27,True,False,none
PR007605,EMP0483,2026-08-23,2941.29,441.19,176.48,182.36,42.65,0.0,0.0,194.13,0.0,1904.48,True,False,none
PR007606,EMP0483,2026-09-06,2893.55,434.03,173.61,179.4,41.96,0.0,0.0,190.97,0.0,1873.58,True,False,none
PR007607,EMP0484,2026-03-31,2697.13,404.57,80.91,167.22,39.11,16.18,72.82,256.23,0.0,1749.09,True,False,none
PR007608,EMP0484,2026-04-15,2716.93,407.54,81.51,168.45,39.4,16.3,73.36,258.11,0.0,1761.92,True,False,none
PR007609,EMP0484,2026-04-30,2683.95,402.59,80.52,166.4,38.92,9.52,72.47,254.98,0.0,1740.54,True,False,none
PR007610,EMP0484,2026-05-15,2796.2,419.43,83.89,173.36,40.54,0.0,24.35,265.64,0.0,1813.34,True,False,none
PR007611,EMP0484,2026-05-31,2806.71,421.01,84.2,174.02,40.7,0.0,0.0,266.64,0.0,1820.14,True,False,none
PR007612,EMP0484,2026-06-15,2781.11,417.17,83.43,172.43,40.33,0.0,0.0,264.21,0.0,1803.54,True,False,none
PR007613,EMP0484,2026-06-30,2849.67,427.45,85.49,176.68,41.32,0.0,0.0,270.72,0.0,1848.01,True,False,none
PR007614,EMP0484,2026-07-15,2859.33,428.9,85.78,177.28,41.46,0.0,0.0,271.64,0.0,1854.27,True,False,none
PR007615,EMP0484,2026-07-31,2805.3,420.8,84.16,173.93,40.68,0.0,0.0,266.5,0.0,1819.23,True,False,none
PR007616,EMP0484,2026-08-15,2672.56,400.88,80.18,165.7,38.75,0.0,0.0,253.89,0.0,1733.16,True,True,wage_base_cap_error
PR007617,EMP0484,2026-08-31,2822.83,423.42,84.68,175.02,40.93,0.0,0.0,268.17,0.0,1830.61,True,False,none
PR007618,EMP0485,2026-04-05,3427.42,514.11,205.65,212.5,49.7,20.56,92.54,0.0,0.0,2445.46,True,False,none
PR007619,EMP0485,2026-04-19,3467.74,520.16,208.06,215.0,50.28,20.81,93.63,0.0,0.0,2474.24,True,False,none
PR007620,EMP0485,2026-05-03,3490.56,523.58,209.43,216.41,50.61,0.63,56.83,0.0,0.0,2490.53,True,False,none
PR007621,EMP0485,2026-05-17,3408.9,511.33,204.53,211.35,49.43,0.0,0.0,0.0,0.0,2432.26,True,False,none
PR007622,EMP0485,2026-05-31,3563.8,534.57,213.83,220.96,51.68,0.0,0.0,0.0,0.0,2542.76,True,False,none
PR007623,EMP0485,2026-06-14,3349.81,502.47,200.99,207.69,48.57,0.0,0.0,0.0,0.0,2390.09,True,False,none
PR007624,EMP0485,2026-06-28,3496.69,524.5,209.8,216.79,50.7,0.0,0.0,0.0,0.0,2494.9,True,False,none
PR007625,EMP0485,2026-07-12,3314.39,497.16,198.86,205.49,48.06,0.0,0.0,0.0,0.0,2364.82,True,False,none
PR007626,EMP0485,2026-07-26,3565.86,534.88,213.95,221.08,51.7,0.0,0.0,0.0,0.0,2544.25,True,False,none
PR007627,EMP0485,2026-08-09,3343.94,501.59,200.64,207.32,48.49,0.0,0.0,0.0,0.0,2385.9,True,False,none
PR007628,EMP0485,2026-08-23,3339.13,500.87,200.35,207.03,48.42,0.0,0.0,0.0,0.0,2382.46,True,False,none
PR007629,EMP0485,2026-09-06,3404.19,510.63,204.25,211.06,49.36,0.0,0.0,0.0,0.0,2428.89,True,False,none
PR007630,EMP0486,2026-03-31,2426.39,363.96,145.58,150.44,35.18,14.56,65.51,0.0,0.0,1731.23,True,False,none
PR007631,EMP0486,2026-04-15,2395.47,359.32,143.73,148.52,34.73,14.37,64.68,0.0,0.0,1709.17,True,False,none
PR007632,EMP0486,2026-04-30,2467.46,370.12,148.05,152.98,35.78,13.07,66.62,0.0,0.0,1760.53,True,False,none
PR007633,EMP0486,2026-05-15,2439.85,365.98,146.39,151.27,35.38,0.0,46.19,0.0,0.0,1740.83,True,False,none
PR007634,EMP0486,2026-05-31,2360.5,354.07,141.63,146.35,34.23,0.0,0.0,0.0,0.0,1684.22,True,False,none
PR007635,EMP0486,2026-06-15,2415.92,362.39,144.96,149.79,35.03,0.0,0.0,0.0,0.0,1723.75,True,False,none
PR007636,EMP0486,2026-06-30,2511.2,376.68,150.67,155.69,36.41,0.0,0.0,0.0,0.0,1791.75,True,False,none
PR007637,EMP0486,2026-07-15,2487.76,373.16,149.27,154.24,36.07,0.0,0.0,0.0,0.0,1775.02,True,False,none
PR007638,EMP0486,2026-07-31,2494.59,374.19,149.68,154.66,36.17,0.0,0.0,0.0,0.0,1779.89,True,False,none
PR007639,EMP0486,2026-08-15,2489.4,373.41,149.36,154.34,36.1,0.0,0.0,0.0,0.0,1776.19,True,False,none
PR007640,EMP0486,2026-08-31,2414.24,362.14,144.85,149.68,35.01,0.0,0.0,0.0,0.0,1722.56,True,False,none
PR007641,EMP0487,2026-03-29,2513.62,377.04,125.68,155.84,36.45,15.08,67.87,0.0,0.0,1818.61,True,False,none
PR007642,EMP0487,2026-04-05,2549.15,382.37,127.46,158.05,36.96,15.29,68.83,0.0,0.0,1844.31,True,False,none
PR007643,EMP0487,2026-04-12,2664.15,399.62,133.21,165.18,38.63,11.62,71.93,0.0,0.0,1927.51,False,True,late_journal_posting
PR007644,EMP0487,2026-04-19,2694.73,404.21,134.74,167.07,39.07,0.0,34.37,0.0,0.0,1949.64,True,False,none
PR007645,EMP0487,2026-04-26,2594.67,389.2,129.73,160.87,37.62,0.0,0.0,0.0,0.0,1877.25,True,False,none
PR007646,EMP0487,2026-05-03,2495.12,374.27,124.76,154.7,36.18,0.0,0.0,0.0,0.0,1805.21,True,False,none
PR007647,EMP0487,2026-05-10,2521.92,378.29,126.1,156.36,36.57,0.0,0.0,0.0,0.0,1824.6,True,False,none
PR007648,EMP0487,2026-05-17,2559.35,383.9,127.97,158.68,37.11,0.0,0.0,0.0,0.0,1851.69,True,False,none
PR007649,EMP0487,2026-05-24,2612.09,391.81,130.6,161.95,37.88,0.0,0.0,0.0,0.0,1889.85,True,False,none
PR007650,EMP0487,2026-05-31,2508.56,376.28,125.43,155.53,36.37,0.0,0.0,0.0,0.0,1814.95,True,False,none
PR007651,EMP0487,2026-06-07,2687.09,403.06,134.35,166.6,38.96,0.0,0.0,0.0,0.0,1944.12,True,False,none
PR007652,EMP0487,2026-06-14,2568.19,385.23,128.41,159.23,37.24,0.0,0.0,0.0,0.0,1858.08,True,False,none
PR007653,EMP0487,2026-06-21,2680.77,402.12,134.04,166.21,38.87,0.0,0.0,0.0,0.0,1939.53,True,False,none
PR007654,EMP0487,2026-06-28,2653.61,398.04,132.68,164.52,38.48,0.0,0.0,0.0,0.0,1919.89,True,False,none
PR007655,EMP0487,2026-07-05,2648.45,397.27,132.42,164.2,38.4,0.0,0.0,0.0,0.0,1916.16,True,False,none
PR007656,EMP0487,2026-07-12,2617.88,392.68,130.89,162.31,37.96,0.0,0.0,0.0,0.0,1894.04,True,False,none
PR007657,EMP0487,2026-07-19,2622.0,393.3,131.1,162.56,38.02,0.0,0.0,0.0,0.0,1897.02,True,False,none
PR007658,EMP0487,2026-07-26,2624.31,393.65,131.22,162.71,38.05,0.0,0.0,0.0,0.0,1898.68,True,False,none
PR007659,EMP0487,2026-08-02,2622.4,393.36,131.12,162.59,38.02,0.0,0.0,0.0,0.0,1708.88,True,True,net_pay_mismatch
PR007660,EMP0487,2026-08-09,2695.95,404.39,134.8,167.15,39.09,0.0,0.0,0.0,0.0,1950.52,True,False,none
PR007661,EMP0487,2026-08-16,2643.69,396.55,132.18,163.91,38.33,0.0,0.0,0.0,0.0,1912.72,True,False,none
PR007662,EMP0487,2026-08-23,2652.88,397.93,132.64,164.48,38.47,0.0,0.0,0.0,0.0,1919.36,True,False,none
PR007663,EMP0487,2026-08-30,2672.52,400.88,133.63,165.7,38.75,0.0,0.0,0.0,0.0,1933.56,True,True,duplicate_deduction
PR007664,EMP0487,2026-09-06,2537.46,380.62,126.87,157.32,36.79,0.0,0.0,0.0,0.0,1835.86,True,False,none
PR007665,EMP0487,2026-09-13,2510.35,376.55,125.52,155.64,36.4,0.0,0.0,0.0,0.0,1816.24,True,False,none
PR007666,EMP0488,2026-03-31,3167.93,475.19,0.0,196.41,45.93,19.01,85.53,0.0,0.0,2450.4,True,False,none
PR007667,EMP0488,2026-04-15,3175.77,476.37,0.0,196.9,46.05,19.05,85.75,0.0,0.0,2456.45,True,False,none
PR007668,EMP0488,2026-04-30,3254.94,488.24,0.0,201.81,47.2,3.94,71.72,0.0,0.0,2517.69,True,False,none
PR007669,EMP0488,2026-05-15,3158.1,473.71,0.0,195.8,45.79,0.0,0.0,0.0,0.0,2442.8,True,False,none
PR007670,EMP0488,2026-05-31,3190.03,478.5,0.0,356.0,46.26,0.0,0.0,0.0,0.0,2467.49,True,True,tax_miscalculation
PR007671,EMP0488,2026-06-15,3179.03,476.85,0.0,197.1,46.1,0.0,0.0,0.0,0.0,2458.98,True,False,none
PR007672,EMP0488,2026-06-30,3056.2,458.43,0.0,189.48,44.31,0.0,0.0,0.0,0.0,2363.98,True,False,none
PR007673,EMP0488,2026-07-15,3201.18,480.18,0.0,198.47,46.42,0.0,0.0,0.0,0.0,2476.11,True,False,none
PR007674,EMP0488,2026-07-31,3254.66,488.2,0.0,201.79,47.19,0.0,0.0,0.0,0.0,2517.48,True,False,none
PR007675,EMP0488,2026-08-15,3086.17,462.93,0.0,191.34,44.75,0.0,0.0,0.0,0.0,2387.15,True,False,none
PR007676,EMP0488,2026-08-31,3195.93,479.39,0.0,198.15,46.34,0.0,0.0,0.0,0.0,2472.05,True,False,none
PR007677,EMP0489,2026-04-05,3655.97,548.4,146.24,226.67,53.01,21.94,98.71,405.81,0.0,2275.84,True,False,none
PR007678,EMP0489,2026-04-19,3532.53,529.88,141.3,219.02,51.22,20.06,95.38,392.11,0.0,2199.0,True,False,none
PR007679,EMP0489,2026-05-03,3520.83,528.12,140.83,218.29,51.05,0.0,48.91,390.81,0.0,2191.73,True,False,none
PR007680,EMP0489,2026-05-17,3767.06,565.06,150.68,233.56,54.62,0.0,0.0,418.14,0.0,2345.0,True,False,none
PR007681,EMP0489,2026-05-31,3598.51,539.78,143.94,223.11,52.18,0.0,0.0,399.43,0.0,2240.07,True,False,none
PR007682,EMP0489,2026-06-14,3550.71,532.61,142.03,220.14,51.49,0.0,0.0,394.13,0.0,2210.31,True,False,none
PR007683,EMP0489,2026-06-28,3534.59,530.19,141.38,219.14,51.25,0.0,0.0,392.34,0.0,2200.29,True,False,none
PR007684,EMP0489,2026-07-12,3677.24,551.59,147.09,227.99,53.32,0.0,0.0,408.17,0.0,2289.08,True,False,none
PR007685,EMP0489,2026-07-26,3660.52,549.08,146.42,226.95,53.08,0.0,0.0,406.32,0.0,2278.67,True,False,none
PR007686,EMP0489,2026-08-09,3670.33,550.55,146.81,227.56,53.22,0.0,0.0,407.41,0.0,2284.78,True,False,none
PR007687,EMP0489,2026-08-23,3510.64,526.6,140.43,217.66,50.9,0.0,0.0,389.68,0.0,2185.37,True,False,none
PR007688,EMP0489,2026-09-06,3742.19,561.33,149.69,232.02,54.26,0.0,0.0,415.38,0.0,2329.51,True,False,none
PR007689,EMP0490,2026-03-31,4277.33,641.6,0.0,265.19,62.02,25.66,115.49,0.0,0.0,3308.52,True,False,none
PR007690,EMP0490,2026-04-15,4251.39,637.71,0.0,263.59,61.65,16.34,114.79,0.0,0.0,3288.44,True,False,none
PR007691,EMP0490,2026-04-30,4302.31,645.35,0.0,266.74,62.38,0.0,12.72,0.0,0.0,3327.84,True,False,none
PR007692,EMP0490,2026-05-15,4277.6,641.64,0.0,265.21,62.03,0.0,0.0,0.0,0.0,3308.72,True,False,none
PR007693,EMP0490,2026-05-31,4439.45,665.92,0.0,275.25,64.37,0.0,0.0,0.0,0.0,3433.91,True,False,none
PR007694,EMP0490,2026-06-15,4461.9,669.28,0.0,276.64,64.7,0.0,0.0,0.0,0.0,3451.28,True,False,none
PR007695,EMP0490,2026-06-30,4248.0,637.2,0.0,263.38,61.6,0.0,0.0,0.0,0.0,3285.82,True,False,none
PR007696,EMP0490,2026-07-15,4439.57,665.94,0.0,275.25,64.37,0.0,0.0,0.0,0.0,3434.01,True,False,none
PR007697,EMP0490,2026-07-31,4411.4,661.71,0.0,273.51,63.97,0.0,0.0,0.0,0.0,3412.21,True,False,none
PR007698,EMP0490,2026-08-15,4462.43,669.36,0.0,276.67,64.71,0.0,0.0,0.0,0.0,3451.69,False,True,late_journal_posting
PR007699,EMP0490,2026-08-31,4228.28,634.24,0.0,262.15,61.31,0.0,0.0,0.0,0.0,3270.58,True,False,none
PR007700,EMP0491,2026-03-29,883.46,132.52,44.17,54.77,12.81,5.3,23.85,0.0,0.0,639.19,True,False,none
PR007701,EMP0491,2026-04-05,862.43,129.36,43.12,53.47,12.51,5.17,23.29,0.0,0.0,623.97,True,False,none
PR007702,EMP0491,2026-04-12,900.65,135.1,45.03,55.84,13.06,5.4,24.32,0.0,0.0,651.62,True,False,none
PR007703,EMP0491,2026-04-19,843.7,126.56,42.19,52.31,12.23,5.06,22.78,0.0,0.0,610.41,True,False,none
PR007704,EMP0491,2026-04-26,882.62,132.39,44.13,54.72,12.8,5.3,23.83,0.0,0.0,638.58,True,False,none
PR007705,EMP0491,2026-05-03,866.92,130.04,43.35,53.75,12.57,5.2,23.41,0.0,0.0,627.21,True,False,none
PR007706,EMP0491,2026-05-10,865.77,129.87,43.29,53.68,12.55,5.19,23.38,0.0,0.0,626.38,True,False,none
PR007707,EMP0491,2026-05-17,888.19,133.23,44.41,55.07,12.88,5.33,23.98,0.0,0.0,642.6,True,False,none
PR007708,EMP0491,2026-05-24,902.55,135.38,45.13,55.96,13.09,0.04,24.37,0.0,0.0,652.99,True,False,none
PR007709,EMP0491,2026-05-31,885.7,132.85,44.29,54.91,12.84,0.0,23.91,0.0,0.0,640.81,True,False,none
PR007710,EMP0491,2026-06-07,902.67,135.4,45.13,55.97,13.09,0.0,5.89,0.0,0.0,653.08,True,False,none
PR007711,EMP0491,2026-06-14,861.73,129.26,43.09,53.43,12.5,0.0,0.0,0.0,0.0,623.45,True,False,none
PR007712,EMP0491,2026-06-21,879.46,131.92,43.97,54.53,12.75,0.0,0.0,0.0,0.0,636.29,True,False,none
PR007713,EMP0491,2026-06-28,874.67,131.2,43.73,54.23,12.68,0.0,0.0,0.0,0.0,632.83,True,False,none
PR007714,EMP0491,2026-07-05,844.14,126.62,42.21,52.34,12.24,0.0,0.0,0.0,0.0,610.73,True,False,none
PR007715,EMP0491,2026-07-12,882.06,132.31,44.1,54.69,12.79,0.0,0.0,0.0,0.0,638.17,True,False,none
PR007716,EMP0491,2026-07-19,889.34,133.4,44.47,55.14,12.9,0.0,0.0,0.0,0.0,643.43,True,False,none
PR007717,EMP0491,2026-07-26,884.5,132.67,44.23,54.84,12.83,0.0,0.0,0.0,0.0,639.93,True,False,none
PR007718,EMP0491,2026-08-02,894.54,134.18,44.73,55.46,12.97,0.0,0.0,0.0,0.0,647.2,True,False,none
PR007719,EMP0491,2026-08-09,883.07,132.46,44.15,54.75,12.8,0.0,0.0,0.0,0.0,638.91,True,False,none
PR007720,EMP0491,2026-08-16,847.97,127.2,42.4,52.57,12.3,0.0,0.0,0.0,0.0,613.5,True,False,none
PR007721,EMP0491,2026-08-23,851.43,127.71,42.57,52.79,12.35,0.0,0.0,0.0,0.0,616.01,True,False,none
PR007722,EMP0491,2026-08-30,884.82,132.72,44.24,54.86,12.83,0.0,0.0,0.0,0.0,640.17,True,False,none
PR007723,EMP0491,2026-09-06,862.46,129.37,43.12,53.47,12.51,0.0,0.0,0.0,0.0,623.99,True,False,none
PR007724,EMP0491,2026-09-13,848.87,127.33,42.44,52.63,12.31,0.0,0.0,0.0,0.0,614.16,True,False,none
PR007725,EMP0492,2026-04-05,5338.64,800.8,266.93,331.0,77.41,32.03,144.14,443.11,0.0,3419.39,True,False,none
PR007726,EMP0492,2026-04-19,5391.68,808.75,269.58,334.28,78.18,9.97,98.86,447.51,0.0,3453.38,True,False,none
PR007727,EMP0492,2026-05-03,5295.76,794.36,264.79,328.34,76.79,0.0,0.0,439.55,0.0,3391.93,True,False,none
PR007728,EMP0492,2026-05-17,5462.31,819.35,273.12,338.66,79.2,0.0,0.0,453.37,0.0,3498.61,True,False,none
PR007729,EMP0492,2026-05-31,5429.71,814.46,271.49,336.64,78.73,0.0,0.0,450.67,0.0,3477.72,True,False,none
PR007730,EMP0492,2026-06-14,5297.49,794.62,264.87,328.44,76.81,0.0,0.0,439.69,0.0,3393.06,True,False,none
PR007731,EMP0492,2026-06-28,5476.96,821.54,273.85,339.57,79.42,0.0,0.0,454.59,0.0,3507.99,True,False,none
PR007732,EMP0492,2026-07-12,5431.81,814.77,271.59,336.77,78.76,0.0,0.0,450.84,0.0,3479.08,True,False,none
PR007733,EMP0492,2026-07-26,5427.02,814.05,271.35,336.48,78.69,0.0,0.0,450.44,0.0,3476.01,True,False,none
PR007734,EMP0492,2026-08-09,5391.3,808.7,269.56,334.26,78.17,0.0,0.0,447.48,0.0,3453.13,True,False,none
PR007735,EMP0492,2026-08-23,5160.8,774.12,258.04,319.97,74.83,0.0,0.0,428.35,0.0,3305.49,True,False,none
PR007736,EMP0492,2026-09-06,5452.14,817.82,272.61,338.03,79.06,0.0,0.0,452.53,0.0,3492.09,True,False,none
PR007737,EMP0493,2026-03-31,2910.42,436.56,116.42,180.45,42.2,17.46,78.58,0.0,0.0,2134.79,True,False,none
PR007738,EMP0493,2026-04-15,3042.33,456.35,121.69,188.62,44.11,18.25,82.14,0.0,0.0,2231.56,True,False,none
PR007739,EMP0493,2026-04-30,3013.31,452.0,120.53,186.83,43.69,6.28,81.36,0.0,0.0,2210.26,True,False,none
PR007740,EMP0493,2026-05-15,2959.7,443.95,118.39,183.5,42.92,0.0,0.92,0.0,0.0,2170.94,True,False,none
PR007741,EMP0493,2026-05-31,2881.59,432.24,115.26,178.66,41.78,0.0,0.0,0.0,0.0,2113.65,True,False,none
PR007742,EMP0493,2026-06-15,2870.3,430.55,114.81,177.96,41.62,0.0,0.0,0.0,0.0,2105.36,True,False,none
PR007743,EMP0493,2026-06-30,2902.12,435.32,116.08,179.93,42.08,0.0,0.0,0.0,0.0,2128.71,True,False,none
PR007744,EMP0493,2026-07-15,2933.83,440.07,117.35,181.9,42.54,0.0,0.0,0.0,0.0,2151.97,True,False,none
PR007745,EMP0493,2026-07-31,2891.8,433.77,115.67,179.29,41.93,0.0,0.0,0.0,0.0,2121.14,True,False,none
PR007746,EMP0493,2026-08-15,2942.76,441.41,117.71,182.45,42.67,0.0,0.0,0.0,0.0,2158.52,True,False,none
PR007747,EMP0493,2026-08-31,2861.38,429.21,114.46,177.41,41.49,0.0,0.0,0.0,0.0,2098.81,True,False,none
PR007748,EMP0494,2026-03-29,962.3,144.34,48.12,59.66,13.95,5.77,25.98,95.27,0.0,677.94,True,True,net_pay_mismatch
PR007749,EMP0494,2026-04-05,958.94,143.84,47.95,59.45,13.9,5.75,25.89,94.94,0.0,598.86,True,False,none
PR007750,EMP0494,2026-04-12,957.59,143.64,47.88,59.37,13.89,5.75,25.85,94.8,0.0,598.01,True,False,none
PR007751,EMP0494,2026-04-19,929.08,139.36,46.45,57.6,13.47,5.57,25.09,91.98,0.0,580.22,True,False,none
PR007752,EMP0494,2026-04-26,943.73,141.56,47.19,58.51,13.68,5.66,25.48,93.43,0.0,589.36,True,False,none
PR007753,EMP0494,2026-05-03,922.52,138.38,46.13,57.2,13.38,5.54,24.91,91.33,0.0,576.1,True,False,none
PR007754,EMP0494,2026-05-10,936.76,140.51,46.84,58.08,13.58,5.62,25.29,92.74,0.0,585.01,True,False,none
PR007755,EMP0494,2026-05-17,915.51,137.33,45.78,56.76,13.27,2.33,24.72,90.64,0.0,571.73,True,False,none
PR007756,EMP0494,2026-05-24,912.61,136.89,45.63,56.58,13.23,0.0,24.64,90.35,0.0,569.93,True,False,none
PR007757,EMP0494,2026-05-31,932.96,139.94,46.65,57.84,13.53,0.0,15.15,92.36,0.0,582.64,True,False,none
PR007758,EMP0494,2026-06-07,927.08,139.06,46.35,57.48,13.44,0.0,0.0,91.78,0.0,578.97,True,False,none
PR007759,EMP0494,2026-06-14,933.06,139.96,46.65,57.85,13.53,0.0,0.0,92.37,0.0,582.7,True,False,none
PR007760,EMP0494,2026-06-21,911.55,136.73,45.58,56.52,13.22,0.0,0.0,90.24,0.0,569.26,True,False,none
PR007761,EMP0494,2026-06-28,917.44,137.62,45.87,56.88,13.3,0.0,0.0,90.83,0.0,572.94,True,False,none
PR007762,EMP0494,2026-07-05,896.65,134.5,44.83,55.59,13.0,0.0,0.0,88.77,0.0,559.96,True,False,none
PR007763,EMP0494,2026-07-12,894.33,134.15,44.72,55.45,12.97,0.0,0.0,88.54,0.0,558.5,True,False,none
PR007764,EMP0494,2026-07-19,909.11,136.37,45.46,56.36,13.18,0.0,0.0,90.0,0.0,567.74,True,False,none
PR007765,EMP0494,2026-07-26,895.95,134.39,44.8,55.55,12.99,0.0,0.0,88.7,0.0,559.52,True,False,none
PR007766,EMP0494,2026-08-02,898.11,134.72,44.91,55.68,13.02,0.0,0.0,88.91,0.0,560.87,True,False,none
PR007767,EMP0494,2026-08-09,950.2,142.53,47.51,58.91,13.78,0.0,0.0,94.07,0.0,593.4,True,False,none
PR007768,EMP0494,2026-08-16,893.35,134.0,44.67,55.39,12.95,0.0,0.0,88.44,0.0,557.9,True,False,none
PR007769,EMP0494,2026-08-23,938.89,140.83,46.94,58.21,13.61,0.0,0.0,92.95,0.0,586.35,True,False,none
PR007770,EMP0494,2026-08-30,910.51,136.58,45.53,56.45,13.2,0.0,0.0,90.14,0.0,568.61,True,False,none
PR007771,EMP0494,2026-09-06,954.5,143.17,47.73,59.18,13.84,0.0,0.0,94.5,0.0,596.08,True,False,none
PR007772,EMP0494,2026-09-13,926.11,138.92,46.31,57.42,13.43,0.0,0.0,91.68,0.0,578.35,True,False,none
PR007773,EMP0495,2026-03-31,4229.22,634.38,0.0,262.21,61.32,25.38,114.19,308.73,1398.19,1564.39,True,False,none
PR007774,EMP0495,2026-04-15,4255.21,638.28,0.0,263.82,61.7,16.62,114.89,310.63,1471.28,1509.5,True,False,none
PR007775,EMP0495,2026-04-30,4164.22,624.63,0.0,258.18,60.38,0.0,13.92,303.99,2025.18,891.86,True,False,none
PR007776,EMP0495,2026-05-15,4270.04,640.51,0.0,264.74,61.92,0.0,0.0,311.71,1176.67,1814.49,True,False,none
PR007777,EMP0495,2026-05-31,4366.89,655.03,0.0,270.75,63.32,0.0,0.0,318.78,1225.59,1833.42,True,False,none
PR007778,EMP0495,2026-06-15,4408.76,661.31,0.0,273.34,63.93,0.0,0.0,321.84,1366.78,1721.56,True,False,none
PR007779,EMP0495,2026-06-30,4370.07,655.51,0.0,270.94,63.37,0.0,0.0,319.02,862.4,2198.83,True,False,none
PR007780,EMP0495,2026-07-15,4413.13,661.97,0.0,273.61,63.99,0.0,0.0,322.16,1771.64,1319.76,True,False,none
PR007781,EMP0495,2026-07-31,4197.29,629.59,0.0,260.23,60.86,0.0,0.0,306.4,879.9,2060.31,True,False,none
PR007782,EMP0495,2026-08-15,4232.87,634.93,0.0,262.44,61.38,0.0,0.0,309.0,2029.79,935.33,True,False,none
PR007783,EMP0495,2026-08-31,4212.64,631.9,0.0,261.18,61.08,0.0,0.0,307.52,1308.52,1642.44,True,False,none
PR007784,EMP0496,2026-03-29,2487.29,373.09,124.36,154.21,36.07,14.92,67.16,246.24,0.0,1553.32,True,False,none
PR007785,EMP0496,2026-04-05,2562.43,384.36,128.12,158.87,37.16,15.37,69.19,253.68,0.0,1600.24,True,False,none
PR007786,EMP0496,2026-04-12,2598.05,389.71,129.9,161.08,37.67,11.7,70.15,257.21,0.0,1622.48,True,False,none
PR007787,EMP0496,2026-04-19,2676.18,401.43,133.81,165.92,38.8,0.0,36.51,264.94,0.0,1671.28,True,False,none
PR007788,EMP0496,2026-04-26,2586.89,388.03,129.34,160.39,37.51,0.0,0.0,256.1,0.0,1615.52,True,False,none
PR007789,EMP0496,2026-05-03,2648.76,397.31,132.44,164.22,38.41,0.0,0.0,262.23,0.0,1654.15,True,False,none
PR007790,EMP0496,2026-05-10,2593.1,388.96,129.66,160.77,37.6,0.0,0.0,256.72,0.0,1619.39,True,False,none
PR007791,EMP0496,2026-05-17,2489.49,373.42,124.47,154.35,36.1,0.0,0.0,246.46,0.0,1554.69,True,False,none
PR007792,EMP0496,2026-05-24,2545.61,381.84,127.28,157.83,36.91,0.0,0.0,252.02,0.0,1589.73,True,False,none
PR007793,EMP0496,2026-05-31,2598.92,389.84,129.95,161.13,37.68,0.0,0.0,257.29,0.0,1623.03,True,False,none
PR007794,EMP0496,2026-06-07,2675.67,401.35,133.78,165.89,38.8,0.0,0.0,264.89,0.0,1670.96,True,False,none
PR007795,EMP0496,2026-06-14,2656.95,398.54,292.27,164.73,38.53,0.0,0.0,263.04,0.0,1659.26,True,True,tax_miscalculation
PR007796,EMP0496,2026-06-21,2527.87,379.18,278.06,156.73,36.65,0.0,0.0,250.26,0.0,1578.66,True,True,tax_miscalculation
PR007797,EMP0496,2026-06-28,2526.19,378.93,126.31,156.62,36.63,0.0,0.0,250.09,0.0,1577.61,True,False,none
PR007798,EMP0496,2026-07-05,2522.31,378.35,126.12,156.38,36.57,0.0,0.0,249.71,0.0,1575.18,True,False,none
PR007799,EMP0496,2026-07-12,2669.92,400.49,133.5,165.54,38.71,0.0,0.0,264.32,0.0,1667.36,True,False,none
PR007800,EMP0496,2026-07-19,2655.63,398.34,132.78,164.65,38.51,0.0,0.0,262.91,0.0,1658.44,True,False,none
PR007801,EMP0496,2026-07-26,2639.71,395.96,131.99,163.66,38.28,0.0,0.0,261.33,0.0,1648.49,True,False,none
PR007802,EMP0496,2026-08-02,2561.51,384.23,128.08,158.81,37.14,0.0,0.0,253.59,0.0,1423.56,True,True,net_pay_mismatch
PR007803,EMP0496,2026-08-09,2576.16,386.42,128.81,159.72,37.35,0.0,0.0,255.04,0.0,1608.82,True,False,none
PR007804,EMP0496,2026-08-16,2533.0,379.95,126.65,157.05,36.73,0.0,0.0,250.77,0.0,1581.85,True,False,none
PR007805,EMP0496,2026-08-23,2584.49,387.67,129.22,160.24,37.48,0.0,0.0,255.86,0.0,1614.02,True,False,none
PR007806,EMP0496,2026-08-30,2487.39,373.11,124.37,154.22,36.07,0.0,0.0,246.25,0.0,1553.37,True,False,none
PR007807,EMP0496,2026-09-06,2508.12,376.22,125.41,155.5,36.37,0.0,0.0,248.3,0.0,1566.32,True,False,none
PR007808,EMP0496,2026-09-13,2662.57,399.39,133.13,165.08,38.61,0.0,0.0,263.59,0.0,1662.77,True,False,none
PR007809,EMP0497,2026-03-29,973.46,146.02,58.41,60.35,14.12,5.84,26.28,49.65,0.0,644.91,True,False,none
PR007810,EMP0497,2026-04-05,948.6,142.29,56.92,58.81,13.75,5.69,25.61,48.38,0.0,628.45,True,False,none
PR007811,EMP0497,2026-04-12,955.73,143.36,57.34,59.26,13.86,5.73,25.8,48.74,0.0,633.17,True,False,none
PR007812,EMP0497,2026-04-19,944.61,141.69,56.68,29.29,13.7,5.67,25.5,48.18,0.0,625.79,True,True,tax_miscalculation
PR007813,EMP0497,2026-04-26,972.64,145.9,58.36,60.3,14.1,5.84,26.26,49.6,0.0,644.38,True,False,none
PR007814,EMP0497,2026-05-03,975.92,146.39,58.56,60.51,14.15,5.86,26.35,49.77,0.0,646.54,True,False,none
PR007815,EMP0497,2026-05-10,974.34,146.15,58.46,60.41,14.13,5.85,26.31,49.69,0.0,645.5,True,False,none
PR007816,EMP0497,2026-05-17,971.26,145.69,58.28,60.22,14.08,1.53,26.22,49.53,0.0,643.46,True,False,none
PR007817,EMP0497,2026-05-24,932.1,139.81,55.93,57.79,13.52,0.0,25.17,47.54,0.0,617.51,True,False,none
PR007818,EMP0497,2026-05-31,942.19,141.33,56.53,58.42,13.66,0.0,9.49,48.05,0.0,624.2,True,False,none
PR007819,EMP0497,2026-06-07,952.16,142.82,57.13,59.03,13.81,0.0,0.0,48.56,0.0,630.81,True,False,none
PR007820,EMP0497,2026-06-14,941.64,141.25,56.5,58.38,13.65,0.0,0.0,48.02,0.0,623.84,True,False,none
PR007821,EMP0497,2026-06-21,973.71,146.06,58.42,60.37,14.12,0.0,0.0,49.66,0.0,645.08,True,False,none
PR007822,EMP0497,2026-06-28,941.53,141.23,56.49,58.37,13.65,0.0,0.0,48.02,0.0,623.77,True,False,none
PR007823,EMP0497,2026-07-05,927.09,139.06,55.63,57.48,13.44,0.0,0.0,47.28,0.0,614.2,True,False,none
PR007824,EMP0497,2026-07-12,946.8,142.02,56.81,58.7,13.73,0.0,0.0,48.29,0.0,627.25,True,False,none
PR007825,EMP0497,2026-07-19,990.72,148.61,59.44,61.42,14.37,0.0,0.0,50.53,0.0,656.35,True,False,none
PR007826,EMP0497,2026-07-26,933.71,140.06,56.02,57.89,13.54,0.0,0.0,47.62,0.0,618.58,True,False,none
PR007827,EMP0497,2026-08-02,962.91,144.44,57.77,59.7,13.96,0.0,0.0,49.11,0.0,637.93,True,False,none
PR007828,EMP0497,2026-08-09,949.37,142.41,56.96,58.86,13.77,0.0,0.0,48.42,0.0,628.95,True,False,none
PR007829,EMP0497,2026-08-16,922.01,138.3,55.32,57.16,13.37,0.0,0.0,47.02,0.0,610.84,True,False,none
PR007830,EMP0497,2026-08-23,953.52,143.03,57.21,59.12,13.83,0.0,0.0,48.63,0.0,631.7,True,False,none
PR007831,EMP0497,2026-08-30,969.72,145.46,58.18,60.12,14.06,0.0,0.0,49.46,0.0,642.44,True,False,none
PR007832,EMP0497,2026-09-06,955.44,143.32,57.33,59.24,13.85,0.0,0.0,48.73,0.0,632.97,True,False,none
PR007833,EMP0497,2026-09-13,982.57,147.39,58.95,60.92,14.25,0.0,0.0,50.11,0.0,650.95,True,False,none
PR007834,EMP0498,2026-03-31,2486.07,372.91,124.3,154.14,36.05,14.92,67.12,0.0,0.0,1798.67,True,False,none
PR007835,EMP0498,2026-04-15,2445.48,366.82,122.27,151.62,35.46,14.67,66.03,0.0,0.0,1769.31,False,True,late_journal_posting
PR007836,EMP0498,2026-04-30,2615.76,392.36,130.79,162.18,37.93,12.41,70.63,0.0,0.0,1892.5,True,False,none
PR007837,EMP0498,2026-05-15,2503.94,375.59,125.2,155.24,36.31,0.0,39.22,0.0,0.0,1811.6,True,False,none
PR007838,EMP0498,2026-05-31,2543.64,381.55,127.18,157.71,36.88,0.0,0.0,0.0,0.0,1840.32,True,False,none
PR007839,EMP0498,2026-06-15,2586.81,388.02,129.34,160.38,37.51,0.0,0.0,0.0,0.0,1871.56,True,False,none
PR007840,EMP0498,2026-06-30,2493.15,373.97,124.66,154.58,36.15,0.0,0.0,0.0,0.0,1803.79,True,False,none
PR007841,EMP0498,2026-07-15,2571.63,385.74,128.58,159.44,37.29,0.0,0.0,0.0,0.0,1860.58,True,False,none
PR007842,EMP0498,2026-07-31,2455.32,368.3,122.77,152.23,35.6,0.0,0.0,0.0,0.0,1776.42,True,False,none
PR007843,EMP0498,2026-08-15,2486.54,372.98,124.33,154.17,36.05,0.0,0.0,0.0,0.0,1799.01,True,False,none
PR007844,EMP0498,2026-08-31,2457.18,368.58,122.86,152.35,35.63,0.0,0.0,0.0,0.0,1777.76,True,False,none
PR007845,EMP0499,2026-03-31,5004.85,750.73,300.29,310.3,72.57,30.03,135.13,115.11,0.0,3455.85,True,False,none
PR007846,EMP0499,2026-04-15,4777.14,716.57,286.63,296.18,69.27,11.97,107.87,109.87,0.0,3298.62,True,False,none
PR007847,EMP0499,2026-04-30,4968.55,745.28,298.11,308.05,72.04,0.0,0.0,114.28,0.0,3430.79,True,False,none
PR007848,EMP0499,2026-05-15,5055.95,758.39,303.36,313.47,73.31,0.0,0.0,116.29,0.0,3491.13,True,False,none
PR007849,EMP0499,2026-05-31,4895.19,734.28,293.71,303.5,70.98,0.0,0.0,112.59,0.0,3380.13,True,False,none
PR007850,EMP0499,2026-06-15,4899.93,734.99,294.0,303.8,71.05,0.0,0.0,112.7,0.0,3383.39,True,False,none
PR007851,EMP0499,2026-06-30,4869.37,730.41,642.75,301.9,70.61,0.0,0.0,112.0,0.0,3362.29,True,True,tax_miscalculation
PR007852,EMP0499,2026-07-15,4817.08,722.56,289.02,298.66,69.85,0.0,0.0,110.79,0.0,3326.2,True,False,none
PR007853,EMP0499,2026-07-31,4875.02,731.25,292.5,302.25,70.69,0.0,0.0,112.13,0.0,3366.2,True,False,none
PR007854,EMP0499,2026-08-15,4924.22,738.63,295.45,305.3,71.4,0.0,0.0,113.26,0.0,3400.18,True,False,none
PR007855,EMP0499,2026-08-31,5072.46,760.87,304.35,314.49,73.55,0.0,0.0,116.67,0.0,3502.53,True,False,none
PR007856,EMP0500,2026-04-05,3874.52,581.18,0.0,240.22,56.18,23.25,104.61,371.95,0.0,2624.99,True,False,none
PR007857,EMP0500,2026-04-19,3852.09,577.81,0.0,238.83,55.86,18.75,104.01,369.8,0.0,2609.79,True,False,none
PR007858,EMP0500,2026-05-03,3860.09,579.01,0.0,239.33,55.97,0.0,34.38,370.57,0.0,2615.21,True,False,none
PR007859,EMP0500,2026-05-17,3735.14,560.27,0.0,231.58,54.16,0.0,0.0,358.57,0.0,2530.56,True,False,none
PR007860,EMP0500,2026-05-31,3791.37,568.71,0.0,235.06,54.97,0.0,0.0,363.97,0.0,2568.66,True,False,none
PR007861,EMP0500,2026-06-14,3861.85,579.28,0.0,239.43,56.0,0.0,0.0,370.74,0.0,2616.4,True,False,none
PR007862,EMP0500,2026-06-28,3712.92,556.94,0.0,230.2,53.84,0.0,0.0,356.44,0.0,2515.5,True,False,none
PR007863,EMP0500,2026-07-12,3881.64,582.25,0.0,240.66,56.28,0.0,0.0,372.64,0.0,2629.81,True,False,none
PR007864,EMP0500,2026-07-26,3719.69,557.95,0.0,230.62,53.94,0.0,0.0,0.0,0.0,2520.09,True,True,missing_401k
PR007865,EMP0500,2026-08-09,3774.66,566.2,0.0,234.03,54.73,0.0,0.0,362.37,0.0,2557.33,True,False,none
PR007866,EMP0500,2026-08-23,3806.9,571.03,0.0,236.03,55.2,0.0,0.0,365.46,0.0,2579.18,True,False,none
PR007867,EMP0500,2026-09-06,3878.32,581.75,0.0,240.46,56.24,0.0,0.0,372.32,0.0,2627.55,True,False,none
